/*******************************************************************************
 * Size: 20 px
 * Bpp: 4
 * Opts: --font Roboto-Regular.ttf --bpp 4 --size 20 --no-compress --range 0x20-0x7F --range 0x390-0x3C9 --range 0x410-0x44F --range 0x401,0x451 --format lvgl --output ui_font_roboto_20.c --lv-font-name ui_font_roboto_20
 ******************************************************************************/

#ifdef LV_LVGL_H_INCLUDE_SIMPLE
#include "lvgl.h"
#else
#include "lvgl.h"
#endif

#ifndef UI_FONT_ROBOTO_20
#define UI_FONT_ROBOTO_20 1
#endif

#if UI_FONT_ROBOTO_20

/*-----------------
 *    BITMAPS
 *----------------*/

/*Store the image of the glyphs*/
static LV_ATTRIBUTE_LARGE_CONST const uint8_t glyph_bitmap[] = {
    /* U+0020 " " */

    /* U+0021 "!" */
    0x5f, 0x85, 0xf8, 0x5f, 0x75, 0xf7, 0x5f, 0x74,
    0xf7, 0x4f, 0x74, 0xf7, 0x4f, 0x63, 0xf6, 0x17,
    0x20, 0x0, 0x1, 0x4, 0xf9, 0x3f, 0x70,

    /* U+0022 "\"" */
    0xab, 0xf, 0x5a, 0xb0, 0xf5, 0xa9, 0xf, 0x4a,
    0x80, 0xf2, 0x96, 0xe, 0x10,

    /* U+0023 "#" */
    0x0, 0x0, 0x9c, 0x0, 0xac, 0x0, 0x0, 0x0,
    0xd9, 0x0, 0xd9, 0x0, 0x0, 0x0, 0xf6, 0x0,
    0xf5, 0x0, 0x0, 0x3, 0xf3, 0x3, 0xf2, 0x0,
    0x1f, 0xff, 0xff, 0xff, 0xff, 0xf1, 0x6, 0x6c,
    0xe6, 0x6c, 0xd6, 0x60, 0x0, 0xb, 0xa0, 0xb,
    0xa0, 0x0, 0x0, 0xe, 0x80, 0xe, 0x70, 0x0,
    0x0, 0xf, 0x60, 0xf, 0x50, 0x0, 0x11, 0x3f,
    0x41, 0x4f, 0x41, 0x0, 0xdf, 0xff, 0xff, 0xff,
    0xff, 0x50, 0x34, 0xbe, 0x44, 0xbd, 0x44, 0x10,
    0x0, 0xca, 0x0, 0xc9, 0x0, 0x0, 0x0, 0xf7,
    0x0, 0xf6, 0x0, 0x0, 0x2, 0xf3, 0x3, 0xf3,
    0x0, 0x0,

    /* U+0024 "$" */
    0x0, 0x0, 0xe9, 0x0, 0x0, 0x0, 0x0, 0xe9,
    0x0, 0x0, 0x0, 0x4a, 0xfe, 0x81, 0x0, 0x6,
    0xff, 0xde, 0xfd, 0x10, 0x1f, 0xe2, 0x0, 0x9f,
    0x90, 0x4f, 0x80, 0x0, 0xf, 0xe0, 0x5f, 0x80,
    0x0, 0xa, 0xd0, 0x2f, 0xe1, 0x0, 0x0, 0x0,
    0xa, 0xfe, 0x71, 0x0, 0x0, 0x0, 0x7f, 0xff,
    0x91, 0x0, 0x0, 0x0, 0x6d, 0xfe, 0x30, 0x0,
    0x0, 0x0, 0x7f, 0xd0, 0x55, 0x0, 0x0, 0xc,
    0xf1, 0xdf, 0x0, 0x0, 0xb, 0xf2, 0xaf, 0x60,
    0x0, 0x2f, 0xf0, 0x2f, 0xfb, 0x89, 0xff, 0x70,
    0x2, 0xaf, 0xff, 0xd5, 0x0, 0x0, 0x1, 0xf6,
    0x0, 0x0, 0x0, 0x0, 0xf6, 0x0, 0x0,

    /* U+0025 "%" */
    0x9, 0xee, 0x70, 0x0, 0x0, 0x0, 0x8, 0xe4,
    0x5f, 0x60, 0x0, 0x20, 0x0, 0xd8, 0x0, 0x9b,
    0x0, 0x3f, 0x10, 0xf, 0x60, 0x8, 0xd0, 0xd,
    0x90, 0x0, 0xe7, 0x0, 0x9c, 0x7, 0xe1, 0x0,
    0x9, 0xd1, 0x2e, 0x71, 0xf5, 0x0, 0x0, 0x1c,
    0xff, 0xb0, 0xab, 0x0, 0x0, 0x0, 0x1, 0x10,
    0x4f, 0x20, 0x0, 0x0, 0x0, 0x0, 0xd, 0x80,
    0x9e, 0xe7, 0x0, 0x0, 0x8, 0xe0, 0x9d, 0x46,
    0xf5, 0x0, 0x2, 0xf4, 0xf, 0x60, 0xa, 0xa0,
    0x0, 0xbb, 0x0, 0xf5, 0x0, 0x9c, 0x0, 0x5f,
    0x20, 0xf, 0x60, 0xa, 0xa0, 0x2, 0x50, 0x0,
    0x9d, 0x46, 0xf5, 0x0, 0x0, 0x0, 0x0, 0x9e,
    0xe7, 0x0,

    /* U+0026 "&" */
    0x0, 0x4, 0xcf, 0xd8, 0x0, 0x0, 0x0, 0x4,
    0xfe, 0x9b, 0xf8, 0x0, 0x0, 0x0, 0xbf, 0x30,
    0xc, 0xf0, 0x0, 0x0, 0xd, 0xf0, 0x0, 0xaf,
    0x0, 0x0, 0x0, 0xbf, 0x30, 0x3f, 0xb0, 0x0,
    0x0, 0x4, 0xfc, 0x6f, 0xe1, 0x0, 0x0, 0x0,
    0x9, 0xff, 0xc1, 0x0, 0x0, 0x0, 0x2, 0xdf,
    0xf6, 0x0, 0x0, 0x0, 0x2, 0xef, 0x6e, 0xf3,
    0x2, 0xe7, 0x0, 0xbf, 0x40, 0x3f, 0xe1, 0x4f,
    0x60, 0xf, 0xe0, 0x0, 0x5f, 0xc9, 0xf2, 0x0,
    0xfe, 0x0, 0x0, 0x8f, 0xfc, 0x0, 0xb, 0xf5,
    0x0, 0x2, 0xff, 0x80, 0x0, 0x2e, 0xfb, 0x8a,
    0xff, 0xef, 0x30, 0x0, 0x19, 0xef, 0xea, 0x32,
    0xfe, 0x10,

    /* U+0027 "'" */
    0xf7, 0xf7, 0xf6, 0xf5, 0xc3,

    /* U+0028 "(" */
    0x0, 0x0, 0x10, 0x0, 0x2, 0xd5, 0x0, 0xd,
    0xc0, 0x0, 0x9f, 0x10, 0x2, 0xf7, 0x0, 0xa,
    0xf0, 0x0, 0xf, 0xa0, 0x0, 0x4f, 0x60, 0x0,
    0x7f, 0x40, 0x0, 0x9f, 0x20, 0x0, 0xaf, 0x20,
    0x0, 0xaf, 0x10, 0x0, 0x9f, 0x20, 0x0, 0x8f,
    0x30, 0x0, 0x5f, 0x50, 0x0, 0x1f, 0x90, 0x0,
    0xc, 0xe0, 0x0, 0x5, 0xf4, 0x0, 0x0, 0xcd,
    0x0, 0x0, 0x2f, 0x80, 0x0, 0x5, 0xf4, 0x0,
    0x0, 0x42,

    /* U+0029 ")" */
    0x10, 0x0, 0x0, 0x7c, 0x0, 0x0, 0x1d, 0xb0,
    0x0, 0x3, 0xf7, 0x0, 0x0, 0xaf, 0x10, 0x0,
    0x3f, 0x70, 0x0, 0xe, 0xd0, 0x0, 0xa, 0xf1,
    0x0, 0x7, 0xf5, 0x0, 0x5, 0xf6, 0x0, 0x4,
    0xf7, 0x0, 0x4, 0xf8, 0x0, 0x5, 0xf6, 0x0,
    0x6, 0xf5, 0x0, 0x8, 0xf2, 0x0, 0xc, 0xe0,
    0x0, 0x1f, 0x90, 0x0, 0x7f, 0x20, 0x1, 0xea,
    0x0, 0xa, 0xe1, 0x0, 0x6f, 0x30, 0x0, 0x32,
    0x0, 0x0,

    /* U+002A "*" */
    0x0, 0x6, 0xf1, 0x0, 0x0, 0x0, 0x5f, 0x0,
    0x0, 0x36, 0x5, 0xf0, 0x17, 0x9, 0xff, 0xcf,
    0xbf, 0xf3, 0x3, 0x7f, 0xfd, 0x72, 0x0, 0x5,
    0xfe, 0xc0, 0x0, 0x1, 0xea, 0x2f, 0x80, 0x0,
    0x7f, 0x10, 0x8f, 0x10, 0x0, 0x20, 0x0, 0x20,
    0x0,

    /* U+002B "+" */
    0x0, 0x0, 0x29, 0x50, 0x0, 0x0, 0x0, 0x4,
    0xf8, 0x0, 0x0, 0x0, 0x0, 0x4f, 0x80, 0x0,
    0x0, 0x0, 0x4, 0xf8, 0x0, 0x0, 0x0, 0x0,
    0x4f, 0x80, 0x0, 0x3, 0xff, 0xff, 0xff, 0xff,
    0xf8, 0x2b, 0xbb, 0xcf, 0xeb, 0xbb, 0x60, 0x0,
    0x4, 0xf8, 0x0, 0x0, 0x0, 0x0, 0x4f, 0x80,
    0x0, 0x0, 0x0, 0x4, 0xf8, 0x0, 0x0, 0x0,
    0x0, 0x4f, 0x80, 0x0, 0x0,

    /* U+002C "," */
    0xc, 0xf0, 0xc, 0xf0, 0xe, 0xd0, 0x4f, 0x70,
    0x6c, 0x0, 0x0, 0x0,

    /* U+002D "-" */
    0x58, 0x88, 0x81, 0xaf, 0xff, 0xf2,

    /* U+002E "." */
    0x2, 0x7, 0xf8, 0x5f, 0x60,

    /* U+002F "/" */
    0x0, 0x0, 0x1, 0xf7, 0x0, 0x0, 0x6, 0xf1,
    0x0, 0x0, 0xc, 0xb0, 0x0, 0x0, 0x2f, 0x50,
    0x0, 0x0, 0x8f, 0x0, 0x0, 0x0, 0xea, 0x0,
    0x0, 0x4, 0xf4, 0x0, 0x0, 0xa, 0xe0, 0x0,
    0x0, 0x1f, 0x80, 0x0, 0x0, 0x6f, 0x20, 0x0,
    0x0, 0xcc, 0x0, 0x0, 0x2, 0xf6, 0x0, 0x0,
    0x8, 0xf1, 0x0, 0x0, 0xe, 0xa0, 0x0, 0x0,
    0x4f, 0x40, 0x0, 0x0, 0xae, 0x0, 0x0, 0x0,

    /* U+0030 "0" */
    0x0, 0x7d, 0xfe, 0x91, 0x0, 0xb, 0xfd, 0x9b,
    0xfd, 0x0, 0x4f, 0xb0, 0x0, 0x7f, 0x80, 0x9f,
    0x30, 0x0, 0xf, 0xd0, 0xcf, 0x0, 0x0, 0xc,
    0xf0, 0xdf, 0x0, 0x0, 0xb, 0xf1, 0xdf, 0x0,
    0x0, 0xb, 0xf1, 0xef, 0x0, 0x0, 0xb, 0xf1,
    0xdf, 0x0, 0x0, 0xb, 0xf1, 0xdf, 0x0, 0x0,
    0xb, 0xf1, 0xcf, 0x0, 0x0, 0xd, 0xf0, 0x9f,
    0x40, 0x0, 0xf, 0xc0, 0x4f, 0xb0, 0x0, 0x7f,
    0x70, 0xa, 0xfc, 0x8b, 0xfd, 0x0, 0x0, 0x7d,
    0xfe, 0x91, 0x0,

    /* U+0031 "1" */
    0x0, 0x1, 0x7d, 0x20, 0x4a, 0xff, 0xf2, 0x5f,
    0xfa, 0xdf, 0x23, 0x71, 0xb, 0xf2, 0x0, 0x0,
    0xbf, 0x20, 0x0, 0xb, 0xf2, 0x0, 0x0, 0xbf,
    0x20, 0x0, 0xb, 0xf2, 0x0, 0x0, 0xbf, 0x20,
    0x0, 0xb, 0xf2, 0x0, 0x0, 0xbf, 0x20, 0x0,
    0xb, 0xf2, 0x0, 0x0, 0xbf, 0x20, 0x0, 0xb,
    0xf2, 0x0, 0x0, 0xbf, 0x20,

    /* U+0032 "2" */
    0x0, 0x19, 0xef, 0xea, 0x20, 0x0, 0x1e, 0xfb,
    0x8b, 0xfe, 0x10, 0xa, 0xf6, 0x0, 0x8, 0xf9,
    0x0, 0xfe, 0x0, 0x0, 0x1f, 0xc0, 0x8, 0x60,
    0x0, 0x0, 0xfc, 0x0, 0x0, 0x0, 0x0, 0x4f,
    0x80, 0x0, 0x0, 0x0, 0xc, 0xf1, 0x0, 0x0,
    0x0, 0x8, 0xf7, 0x0, 0x0, 0x0, 0x5, 0xfb,
    0x0, 0x0, 0x0, 0x3, 0xfd, 0x10, 0x0, 0x0,
    0x2, 0xee, 0x10, 0x0, 0x0, 0x1, 0xdf, 0x20,
    0x0, 0x0, 0x0, 0xcf, 0x40, 0x0, 0x0, 0x0,
    0x9f, 0xc8, 0x88, 0x88, 0x84, 0xd, 0xff, 0xff,
    0xff, 0xff, 0x80,

    /* U+0033 "3" */
    0x0, 0x19, 0xef, 0xe9, 0x10, 0x1, 0xef, 0xb8,
    0xbf, 0xd1, 0xa, 0xf5, 0x0, 0x8, 0xf7, 0xe,
    0xe0, 0x0, 0x2, 0xfa, 0x0, 0x0, 0x0, 0x2,
    0xfa, 0x0, 0x0, 0x0, 0x9, 0xf4, 0x0, 0x1,
    0x89, 0xcf, 0x80, 0x0, 0x3, 0xff, 0xfd, 0x40,
    0x0, 0x0, 0x0, 0x4d, 0xf4, 0x0, 0x0, 0x0,
    0x2, 0xfb, 0x1, 0x10, 0x0, 0x0, 0xee, 0xf,
    0xd0, 0x0, 0x0, 0xfd, 0xc, 0xf4, 0x0, 0x6,
    0xf9, 0x3, 0xff, 0xa8, 0xbf, 0xd1, 0x0, 0x2a,
    0xef, 0xe9, 0x10,

    /* U+0034 "4" */
    0x0, 0x0, 0x0, 0x6f, 0xd0, 0x0, 0x0, 0x0,
    0x1e, 0xfd, 0x0, 0x0, 0x0, 0xa, 0xff, 0xd0,
    0x0, 0x0, 0x4, 0xf7, 0xfd, 0x0, 0x0, 0x0,
    0xdd, 0xf, 0xd0, 0x0, 0x0, 0x7f, 0x40, 0xfd,
    0x0, 0x0, 0x2f, 0xa0, 0xf, 0xd0, 0x0, 0xb,
    0xf1, 0x0, 0xfd, 0x0, 0x4, 0xf7, 0x0, 0xf,
    0xd0, 0x0, 0xed, 0x0, 0x0, 0xfd, 0x0, 0x6f,
    0xff, 0xff, 0xff, 0xff, 0xc3, 0x88, 0x88, 0x88,
    0xfe, 0x86, 0x0, 0x0, 0x0, 0xf, 0xd0, 0x0,
    0x0, 0x0, 0x0, 0xfd, 0x0, 0x0, 0x0, 0x0,
    0xf, 0xd0, 0x0,

    /* U+0035 "5" */
    0x5, 0xff, 0xff, 0xff, 0xf0, 0x6, 0xfc, 0xbb,
    0xbb, 0xb0, 0x8, 0xf2, 0x0, 0x0, 0x0, 0x9,
    0xf1, 0x0, 0x0, 0x0, 0xb, 0xf0, 0x0, 0x0,
    0x0, 0xc, 0xe4, 0x9a, 0x71, 0x0, 0xe, 0xff,
    0xff, 0xfe, 0x30, 0xa, 0xc4, 0x2, 0x9f, 0xd0,
    0x0, 0x0, 0x0, 0xc, 0xf3, 0x0, 0x0, 0x0,
    0x7, 0xf6, 0x0, 0x0, 0x0, 0x6, 0xf6, 0x6f,
    0x50, 0x0, 0x9, 0xf4, 0x2f, 0xc0, 0x0, 0x2f,
    0xf0, 0x8, 0xfd, 0x99, 0xef, 0x60, 0x0, 0x4c,
    0xef, 0xc5, 0x0,

    /* U+0036 "6" */
    0x0, 0x2, 0x9d, 0xf4, 0x0, 0x0, 0x5f, 0xfd,
    0xa2, 0x0, 0x3, 0xfe, 0x40, 0x0, 0x0, 0xb,
    0xf3, 0x0, 0x0, 0x0, 0x2f, 0xa0, 0x0, 0x0,
    0x0, 0x5f, 0x52, 0x77, 0x40, 0x0, 0x8f, 0xbf,
    0xff, 0xfc, 0x10, 0xaf, 0xf6, 0x12, 0xaf, 0x90,
    0xbf, 0x50, 0x0, 0xe, 0xf0, 0xaf, 0x10, 0x0,
    0x9, 0xf3, 0x9f, 0x30, 0x0, 0x8, 0xf4, 0x5f,
    0x70, 0x0, 0xb, 0xf1, 0xe, 0xe2, 0x0, 0x3f,
    0xc0, 0x4, 0xfe, 0xaa, 0xff, 0x30, 0x0, 0x3b,
    0xff, 0xb3, 0x0,

    /* U+0037 "7" */
    0x3f, 0xff, 0xff, 0xff, 0xff, 0x61, 0x88, 0x88,
    0x88, 0x8d, 0xf2, 0x0, 0x0, 0x0, 0x0, 0xec,
    0x0, 0x0, 0x0, 0x0, 0x6f, 0x50, 0x0, 0x0,
    0x0, 0xd, 0xe0, 0x0, 0x0, 0x0, 0x4, 0xf7,
    0x0, 0x0, 0x0, 0x0, 0xbf, 0x10, 0x0, 0x0,
    0x0, 0x2f, 0xa0, 0x0, 0x0, 0x0, 0x9, 0xf3,
    0x0, 0x0, 0x0, 0x1, 0xfc, 0x0, 0x0, 0x0,
    0x0, 0x7f, 0x60, 0x0, 0x0, 0x0, 0xe, 0xe0,
    0x0, 0x0, 0x0, 0x5, 0xf8, 0x0, 0x0, 0x0,
    0x0, 0xcf, 0x20, 0x0, 0x0, 0x0, 0x3f, 0xb0,
    0x0, 0x0, 0x0,

    /* U+0038 "8" */
    0x0, 0x8d, 0xfe, 0xa1, 0x0, 0xc, 0xfc, 0x9b,
    0xfe, 0x10, 0x5f, 0xb0, 0x0, 0x8f, 0x80, 0x8f,
    0x50, 0x0, 0x1f, 0xc0, 0x8f, 0x50, 0x0, 0x1f,
    0xb0, 0x3f, 0xb0, 0x0, 0x7f, 0x60, 0x8, 0xfc,
    0x8b, 0xfa, 0x0, 0x2, 0xdf, 0xff, 0xf4, 0x0,
    0x2f, 0xd4, 0x2, 0xcf, 0x40, 0xaf, 0x30, 0x0,
    0x1e, 0xd0, 0xdf, 0x0, 0x0, 0xb, 0xf1, 0xdf,
    0x0, 0x0, 0xc, 0xf1, 0x9f, 0x70, 0x0, 0x4f,
    0xd0, 0x1e, 0xfb, 0x8a, 0xff, 0x30, 0x1, 0x9e,
    0xfe, 0xa2, 0x0,

    /* U+0039 "9" */
    0x0, 0x19, 0xef, 0xd6, 0x0, 0x0, 0xdf, 0xc9,
    0xdf, 0x80, 0x7, 0xf8, 0x0, 0xc, 0xf2, 0xd,
    0xf0, 0x0, 0x4, 0xf8, 0xf, 0xc0, 0x0, 0x0,
    0xfc, 0xf, 0xd0, 0x0, 0x0, 0xee, 0xd, 0xf0,
    0x0, 0x0, 0xee, 0x8, 0xf8, 0x0, 0x9, 0xfd,
    0x1, 0xef, 0xb9, 0xdd, 0xfc, 0x0, 0x2a, 0xef,
    0xa1, 0xfa, 0x0, 0x0, 0x0, 0x4, 0xf7, 0x0,
    0x0, 0x0, 0xb, 0xf1, 0x0, 0x0, 0x0, 0x8f,
    0x90, 0x0, 0x9, 0xae, 0xfa, 0x0, 0x0, 0xf,
    0xeb, 0x50, 0x0,

    /* U+003A ":" */
    0x7f, 0x59, 0xf7, 0x2, 0x0, 0x0, 0x0, 0x0,
    0x0, 0x0, 0x0, 0x0, 0x2, 0x9, 0xf6, 0x7f,
    0x50,

    /* U+003B ";" */
    0xa, 0xe2, 0xc, 0xf3, 0x0, 0x20, 0x0, 0x0,
    0x0, 0x0, 0x0, 0x0, 0x0, 0x0, 0x0, 0x0,
    0x2, 0x40, 0xa, 0xf2, 0xa, 0xf1, 0xd, 0xe0,
    0x4f, 0x70, 0x29, 0x0,

    /* U+003C "<" */
    0x0, 0x0, 0x0, 0x6, 0x80, 0x0, 0x0, 0x7e,
    0xfb, 0x0, 0x18, 0xef, 0xe8, 0x11, 0x8f, 0xfc,
    0x50, 0x0, 0x4f, 0xe4, 0x0, 0x0, 0x1, 0xaf,
    0xfa, 0x30, 0x0, 0x0, 0x29, 0xff, 0xd6, 0x0,
    0x0, 0x1, 0x8f, 0xfa, 0x0, 0x0, 0x0, 0x17,
    0x90, 0x0, 0x0, 0x0, 0x0,

    /* U+003D "=" */
    0x59, 0x99, 0x99, 0x99, 0x68, 0xff, 0xff, 0xff,
    0xfa, 0x0, 0x0, 0x0, 0x0, 0x0, 0x0, 0x0,
    0x0, 0x0, 0x59, 0x99, 0x99, 0x99, 0x68, 0xff,
    0xff, 0xff, 0xfa,

    /* U+003E ">" */
    0x86, 0x0, 0x0, 0x0, 0xa, 0xfe, 0x81, 0x0,
    0x0, 0x6, 0xcf, 0xfa, 0x20, 0x0, 0x0, 0x39,
    0xff, 0xb3, 0x0, 0x0, 0x1, 0xcf, 0xa0, 0x0,
    0x29, 0xff, 0xc4, 0x5, 0xcf, 0xfa, 0x30, 0xa,
    0xff, 0x92, 0x0, 0x0, 0x97, 0x10, 0x0, 0x0,
    0x0, 0x0, 0x0, 0x0, 0x0,

    /* U+003F "?" */
    0x0, 0x5c, 0xfe, 0xa2, 0x0, 0x8f, 0xea, 0xcf,
    0xe1, 0x1f, 0xd1, 0x0, 0x9f, 0x72, 0xa6, 0x0,
    0x3, 0xfa, 0x0, 0x0, 0x0, 0x4f, 0x80, 0x0,
    0x0, 0xb, 0xf4, 0x0, 0x0, 0x8, 0xfa, 0x0,
    0x0, 0x5, 0xfc, 0x0, 0x0, 0x1, 0xfe, 0x10,
    0x0, 0x0, 0x6f, 0x80, 0x0, 0x0, 0x5, 0xc4,
    0x0, 0x0, 0x0, 0x0, 0x0, 0x0, 0x0, 0x0,
    0x10, 0x0, 0x0, 0x0, 0x7f, 0x60, 0x0, 0x0,
    0x6, 0xf5, 0x0, 0x0,

    /* U+0040 "@" */
    0x0, 0x0, 0x0, 0x6b, 0xef, 0xeb, 0x60, 0x0,
    0x0, 0x0, 0x0, 0x2e, 0xe9, 0x65, 0x69, 0xed,
    0x20, 0x0, 0x0, 0x3, 0xfa, 0x10, 0x0, 0x0,
    0xa, 0xe2, 0x0, 0x0, 0xe, 0xa0, 0x0, 0x0,
    0x0, 0x0, 0xbb, 0x0, 0x0, 0x9e, 0x0, 0x0,
    0x0, 0x0, 0x0, 0x2f, 0x30, 0x0, 0xf7, 0x0,
    0x3, 0xcf, 0xf9, 0x0, 0xc, 0x80, 0x5, 0xf1,
    0x0, 0x2f, 0xb4, 0x6f, 0x50, 0x8, 0xb0, 0x9,
    0xd0, 0x0, 0xcc, 0x0, 0x2f, 0x40, 0x6, 0xe0,
    0xb, 0xa0, 0x3, 0xf5, 0x0, 0x4f, 0x20, 0x5,
    0xe0, 0xd, 0x90, 0x7, 0xf1, 0x0, 0x5f, 0x10,
    0x5, 0xf0, 0xd, 0x80, 0x9, 0xf0, 0x0, 0x6f,
    0x0, 0x6, 0xd0, 0xd, 0x90, 0x9, 0xe0, 0x0,
    0x8e, 0x0, 0x9, 0xa0, 0xa, 0xb0, 0x8, 0xf1,
    0x1, 0xef, 0x0, 0xf, 0x50, 0x7, 0xf0, 0x3,
    0xfd, 0x7d, 0xbf, 0x73, 0xbc, 0x0, 0x2, 0xf6,
    0x0, 0x7e, 0xe7, 0x8, 0xfe, 0x91, 0x0, 0x0,
    0xae, 0x10, 0x0, 0x0, 0x0, 0x0, 0x0, 0x0,
    0x0, 0x1d, 0xd2, 0x0, 0x0, 0x0, 0x0, 0x0,
    0x0, 0x0, 0x1, 0xcf, 0xa5, 0x45, 0x7b, 0x20,
    0x0, 0x0, 0x0, 0x0, 0x5, 0xbe, 0xfe, 0xc8,
    0x10, 0x0, 0x0,

    /* U+0041 "A" */
    0x0, 0x0, 0x7, 0xf8, 0x0, 0x0, 0x0, 0x0,
    0x0, 0xdf, 0xe0, 0x0, 0x0, 0x0, 0x0, 0x3f,
    0xef, 0x40, 0x0, 0x0, 0x0, 0x9, 0xf4, 0xfa,
    0x0, 0x0, 0x0, 0x0, 0xed, 0xc, 0xf0, 0x0,
    0x0, 0x0, 0x4f, 0x70, 0x6f, 0x50, 0x0, 0x0,
    0xa, 0xf2, 0x1, 0xfb, 0x0, 0x0, 0x0, 0xfc,
    0x0, 0xb, 0xf1, 0x0, 0x0, 0x5f, 0x70, 0x0,
    0x5f, 0x70, 0x0, 0xb, 0xfa, 0x99, 0x9a, 0xfc,
    0x0, 0x1, 0xff, 0xff, 0xff, 0xff, 0xf2, 0x0,
    0x7f, 0x60, 0x0, 0x0, 0x5f, 0x80, 0xd, 0xf1,
    0x0, 0x0, 0x0, 0xfe, 0x2, 0xfb, 0x0, 0x0,
    0x0, 0xa, 0xf4, 0x8f, 0x50, 0x0, 0x0, 0x0,
    0x5f, 0x90,

    /* U+0042 "B" */
    0x5f, 0xff, 0xff, 0xd9, 0x20, 0x5, 0xfd, 0x99,
    0xac, 0xff, 0x30, 0x5f, 0x80, 0x0, 0x6, 0xfb,
    0x5, 0xf8, 0x0, 0x0, 0xf, 0xe0, 0x5f, 0x80,
    0x0, 0x0, 0xfe, 0x5, 0xf8, 0x0, 0x0, 0x7f,
    0x90, 0x5f, 0xc8, 0x89, 0xcf, 0xb0, 0x5, 0xff,
    0xff, 0xff, 0xf8, 0x0, 0x5f, 0x80, 0x0, 0x18,
    0xfa, 0x5, 0xf8, 0x0, 0x0, 0xc, 0xf2, 0x5f,
    0x80, 0x0, 0x0, 0x9f, 0x45, 0xf8, 0x0, 0x0,
    0xa, 0xf4, 0x5f, 0x80, 0x0, 0x3, 0xff, 0x5,
    0xfc, 0x99, 0x9b, 0xff, 0x60, 0x5f, 0xff, 0xff,
    0xeb, 0x40, 0x0,

    /* U+0043 "C" */
    0x0, 0x7, 0xdf, 0xfc, 0x60, 0x0, 0x1, 0xdf,
    0xd9, 0xae, 0xfa, 0x0, 0xb, 0xf8, 0x0, 0x0,
    0xcf, 0x60, 0x3f, 0xc0, 0x0, 0x0, 0x2f, 0xc0,
    0x8f, 0x60, 0x0, 0x0, 0xc, 0xd0, 0xbf, 0x30,
    0x0, 0x0, 0x0, 0x0, 0xcf, 0x10, 0x0, 0x0,
    0x0, 0x0, 0xdf, 0x0, 0x0, 0x0, 0x0, 0x0,
    0xdf, 0x10, 0x0, 0x0, 0x0, 0x0, 0xbf, 0x20,
    0x0, 0x0, 0x0, 0x0, 0x8f, 0x60, 0x0, 0x0,
    0xb, 0xd0, 0x3f, 0xc0, 0x0, 0x0, 0x2f, 0xc0,
    0xb, 0xf6, 0x0, 0x0, 0xbf, 0x50, 0x1, 0xdf,
    0xc9, 0xae, 0xfa, 0x0, 0x0, 0x8, 0xdf, 0xfc,
    0x60, 0x0,

    /* U+0044 "D" */
    0x5f, 0xff, 0xfe, 0xb5, 0x0, 0x5, 0xfc, 0x99,
    0xae, 0xfb, 0x0, 0x5f, 0x80, 0x0, 0x9, 0xfa,
    0x5, 0xf8, 0x0, 0x0, 0xc, 0xf3, 0x5f, 0x80,
    0x0, 0x0, 0x4f, 0x95, 0xf8, 0x0, 0x0, 0x0,
    0xfc, 0x5f, 0x80, 0x0, 0x0, 0xf, 0xe5, 0xf8,
    0x0, 0x0, 0x0, 0xee, 0x5f, 0x80, 0x0, 0x0,
    0xf, 0xe5, 0xf8, 0x0, 0x0, 0x1, 0xfc, 0x5f,
    0x80, 0x0, 0x0, 0x5f, 0x95, 0xf8, 0x0, 0x0,
    0xc, 0xf3, 0x5f, 0x80, 0x0, 0xa, 0xfa, 0x5,
    0xfc, 0x99, 0xae, 0xfb, 0x0, 0x5f, 0xff, 0xfe,
    0xb5, 0x0, 0x0,

    /* U+0045 "E" */
    0x5f, 0xff, 0xff, 0xff, 0xf9, 0x5f, 0xc9, 0x99,
    0x99, 0x95, 0x5f, 0x80, 0x0, 0x0, 0x0, 0x5f,
    0x80, 0x0, 0x0, 0x0, 0x5f, 0x80, 0x0, 0x0,
    0x0, 0x5f, 0x80, 0x0, 0x0, 0x0, 0x5f, 0x80,
    0x0, 0x0, 0x0, 0x5f, 0xff, 0xff, 0xff, 0xb0,
    0x5f, 0xc9, 0x99, 0x99, 0x60, 0x5f, 0x80, 0x0,
    0x0, 0x0, 0x5f, 0x80, 0x0, 0x0, 0x0, 0x5f,
    0x80, 0x0, 0x0, 0x0, 0x5f, 0x80, 0x0, 0x0,
    0x0, 0x5f, 0xc9, 0x99, 0x99, 0x96, 0x5f, 0xff,
    0xff, 0xff, 0xfb,

    /* U+0046 "F" */
    0x5f, 0xff, 0xff, 0xff, 0xf7, 0x5f, 0xc9, 0x99,
    0x99, 0x94, 0x5f, 0x80, 0x0, 0x0, 0x0, 0x5f,
    0x80, 0x0, 0x0, 0x0, 0x5f, 0x80, 0x0, 0x0,
    0x0, 0x5f, 0x80, 0x0, 0x0, 0x0, 0x5f, 0x80,
    0x0, 0x0, 0x0, 0x5f, 0xff, 0xff, 0xff, 0x80,
    0x5f, 0xc9, 0x99, 0x99, 0x40, 0x5f, 0x80, 0x0,
    0x0, 0x0, 0x5f, 0x80, 0x0, 0x0, 0x0, 0x5f,
    0x80, 0x0, 0x0, 0x0, 0x5f, 0x80, 0x0, 0x0,
    0x0, 0x5f, 0x80, 0x0, 0x0, 0x0, 0x5f, 0x80,
    0x0, 0x0, 0x0,

    /* U+0047 "G" */
    0x0, 0x8, 0xdf, 0xfd, 0x70, 0x0, 0x1, 0xdf,
    0xd9, 0xae, 0xfc, 0x0, 0xb, 0xf7, 0x0, 0x0,
    0xaf, 0x70, 0x3f, 0xc0, 0x0, 0x0, 0x1f, 0xe0,
    0x8f, 0x60, 0x0, 0x0, 0x5, 0x60, 0xbf, 0x30,
    0x0, 0x0, 0x0, 0x0, 0xcf, 0x10, 0x0, 0x0,
    0x0, 0x0, 0xdf, 0x10, 0x0, 0x99, 0x99, 0x91,
    0xcf, 0x10, 0x0, 0xff, 0xff, 0xf2, 0xbf, 0x30,
    0x0, 0x0, 0xb, 0xf2, 0x8f, 0x70, 0x0, 0x0,
    0xb, 0xf2, 0x2f, 0xd0, 0x0, 0x0, 0xb, 0xf2,
    0xa, 0xfa, 0x0, 0x0, 0x1d, 0xf2, 0x0, 0xbf,
    0xea, 0x9b, 0xff, 0x80, 0x0, 0x6, 0xcf, 0xfe,
    0xb4, 0x0,

    /* U+0048 "H" */
    0x5f, 0x80, 0x0, 0x0, 0x4, 0xf9, 0x5f, 0x80,
    0x0, 0x0, 0x4, 0xf9, 0x5f, 0x80, 0x0, 0x0,
    0x4, 0xf9, 0x5f, 0x80, 0x0, 0x0, 0x4, 0xf9,
    0x5f, 0x80, 0x0, 0x0, 0x4, 0xf9, 0x5f, 0x80,
    0x0, 0x0, 0x4, 0xf9, 0x5f, 0x80, 0x0, 0x0,
    0x4, 0xf9, 0x5f, 0xff, 0xff, 0xff, 0xff, 0xf9,
    0x5f, 0xc9, 0x99, 0x99, 0x9b, 0xf9, 0x5f, 0x80,
    0x0, 0x0, 0x4, 0xf9, 0x5f, 0x80, 0x0, 0x0,
    0x4, 0xf9, 0x5f, 0x80, 0x0, 0x0, 0x4, 0xf9,
    0x5f, 0x80, 0x0, 0x0, 0x4, 0xf9, 0x5f, 0x80,
    0x0, 0x0, 0x4, 0xf9, 0x5f, 0x80, 0x0, 0x0,
    0x4, 0xf9,

    /* U+0049 "I" */
    0x3f, 0xa3, 0xfa, 0x3f, 0xa3, 0xfa, 0x3f, 0xa3,
    0xfa, 0x3f, 0xa3, 0xfa, 0x3f, 0xa3, 0xfa, 0x3f,
    0xa3, 0xfa, 0x3f, 0xa3, 0xfa, 0x3f, 0xa0,

    /* U+004A "J" */
    0x0, 0x0, 0x0, 0x6, 0xf8, 0x0, 0x0, 0x0,
    0x6, 0xf8, 0x0, 0x0, 0x0, 0x6, 0xf8, 0x0,
    0x0, 0x0, 0x6, 0xf8, 0x0, 0x0, 0x0, 0x6,
    0xf8, 0x0, 0x0, 0x0, 0x6, 0xf8, 0x0, 0x0,
    0x0, 0x6, 0xf8, 0x0, 0x0, 0x0, 0x6, 0xf8,
    0x0, 0x0, 0x0, 0x6, 0xf8, 0x0, 0x0, 0x0,
    0x6, 0xf8, 0x24, 0x10, 0x0, 0x6, 0xf7, 0x6f,
    0x80, 0x0, 0x8, 0xf6, 0x2f, 0xe1, 0x0, 0x2e,
    0xf2, 0x9, 0xfe, 0xaa, 0xff, 0x80, 0x0, 0x6c,
    0xff, 0xc5, 0x0,

    /* U+004B "K" */
    0x5f, 0x80, 0x0, 0x0, 0x9f, 0xb0, 0x5f, 0x80,
    0x0, 0x6, 0xfc, 0x0, 0x5f, 0x80, 0x0, 0x4f,
    0xe1, 0x0, 0x5f, 0x80, 0x2, 0xff, 0x30, 0x0,
    0x5f, 0x80, 0x1e, 0xf5, 0x0, 0x0, 0x5f, 0x80,
    0xcf, 0x70, 0x0, 0x0, 0x5f, 0x8b, 0xfb, 0x0,
    0x0, 0x0, 0x5f, 0xef, 0xff, 0x20, 0x0, 0x0,
    0x5f, 0xfc, 0x6f, 0xd0, 0x0, 0x0, 0x5f, 0xd1,
    0xa, 0xf9, 0x0, 0x0, 0x5f, 0x80, 0x0, 0xef,
    0x50, 0x0, 0x5f, 0x80, 0x0, 0x3f, 0xe1, 0x0,
    0x5f, 0x80, 0x0, 0x8, 0xfb, 0x0, 0x5f, 0x80,
    0x0, 0x0, 0xcf, 0x70, 0x5f, 0x80, 0x0, 0x0,
    0x1f, 0xf3,

    /* U+004C "L" */
    0x5f, 0x80, 0x0, 0x0, 0x0, 0x5f, 0x80, 0x0,
    0x0, 0x0, 0x5f, 0x80, 0x0, 0x0, 0x0, 0x5f,
    0x80, 0x0, 0x0, 0x0, 0x5f, 0x80, 0x0, 0x0,
    0x0, 0x5f, 0x80, 0x0, 0x0, 0x0, 0x5f, 0x80,
    0x0, 0x0, 0x0, 0x5f, 0x80, 0x0, 0x0, 0x0,
    0x5f, 0x80, 0x0, 0x0, 0x0, 0x5f, 0x80, 0x0,
    0x0, 0x0, 0x5f, 0x80, 0x0, 0x0, 0x0, 0x5f,
    0x80, 0x0, 0x0, 0x0, 0x5f, 0x80, 0x0, 0x0,
    0x0, 0x5f, 0xc9, 0x99, 0x99, 0x92, 0x5f, 0xff,
    0xff, 0xff, 0xf4,

    /* U+004D "M" */
    0x5f, 0xf4, 0x0, 0x0, 0x0, 0x0, 0xdf, 0xc5,
    0xff, 0xa0, 0x0, 0x0, 0x0, 0x3f, 0xfc, 0x5f,
    0xff, 0x10, 0x0, 0x0, 0x9, 0xff, 0xc5, 0xfc,
    0xf7, 0x0, 0x0, 0x0, 0xfd, 0xec, 0x5f, 0x7f,
    0xd0, 0x0, 0x0, 0x6f, 0x7f, 0xc5, 0xf6, 0xaf,
    0x30, 0x0, 0xc, 0xf1, 0xfc, 0x5f, 0x74, 0xfa,
    0x0, 0x2, 0xfb, 0xf, 0xc5, 0xf7, 0xd, 0xf1,
    0x0, 0x9f, 0x50, 0xfc, 0x5f, 0x80, 0x7f, 0x60,
    0xe, 0xe0, 0xf, 0xc5, 0xf8, 0x1, 0xfc, 0x5,
    0xf8, 0x1, 0xfc, 0x5f, 0x80, 0xb, 0xf3, 0xbf,
    0x20, 0x1f, 0xc5, 0xf8, 0x0, 0x5f, 0xbf, 0xc0,
    0x1, 0xfc, 0x5f, 0x80, 0x0, 0xef, 0xf6, 0x0,
    0x1f, 0xc5, 0xf8, 0x0, 0x9, 0xff, 0x0, 0x1,
    0xfc, 0x5f, 0x80, 0x0, 0x2f, 0xa0, 0x0, 0x1f,
    0xc0,

    /* U+004E "N" */
    0x5f, 0xd0, 0x0, 0x0, 0x4, 0xf9, 0x5f, 0xf7,
    0x0, 0x0, 0x4, 0xf9, 0x5f, 0xff, 0x10, 0x0,
    0x4, 0xf9, 0x5f, 0xef, 0xb0, 0x0, 0x4, 0xf9,
    0x5f, 0x8c, 0xf5, 0x0, 0x4, 0xf9, 0x5f, 0x83,
    0xfe, 0x0, 0x4, 0xf9, 0x5f, 0x80, 0x9f, 0x80,
    0x4, 0xf9, 0x5f, 0x80, 0xe, 0xf3, 0x4, 0xf9,
    0x5f, 0x80, 0x5, 0xfc, 0x4, 0xf9, 0x5f, 0x80,
    0x0, 0xbf, 0x64, 0xf9, 0x5f, 0x80, 0x0, 0x2f,
    0xf6, 0xf9, 0x5f, 0x80, 0x0, 0x7, 0xfe, 0xf9,
    0x5f, 0x80, 0x0, 0x0, 0xdf, 0xf9, 0x5f, 0x80,
    0x0, 0x0, 0x3f, 0xf9, 0x5f, 0x80, 0x0, 0x0,
    0x9, 0xf9,

    /* U+004F "O" */
    0x0, 0x7, 0xcf, 0xfc, 0x50, 0x0, 0x0, 0xcf,
    0xea, 0xbf, 0xf9, 0x0, 0xa, 0xf9, 0x0, 0x1,
    0xbf, 0x60, 0x3f, 0xc0, 0x0, 0x0, 0x1f, 0xe0,
    0x8f, 0x50, 0x0, 0x0, 0x9, 0xf4, 0xbf, 0x20,
    0x0, 0x0, 0x6, 0xf7, 0xdf, 0x0, 0x0, 0x0,
    0x4, 0xf8, 0xdf, 0x0, 0x0, 0x0, 0x4, 0xf9,
    0xdf, 0x0, 0x0, 0x0, 0x4, 0xf8, 0xbf, 0x20,
    0x0, 0x0, 0x6, 0xf7, 0x8f, 0x60, 0x0, 0x0,
    0x9, 0xf4, 0x3f, 0xc0, 0x0, 0x0, 0x1e, 0xe0,
    0xa, 0xf9, 0x0, 0x0, 0xbf, 0x70, 0x1, 0xcf,
    0xea, 0xbf, 0xfa, 0x0, 0x0, 0x7, 0xdf, 0xfc,
    0x50, 0x0,

    /* U+0050 "P" */
    0x5f, 0xff, 0xff, 0xfc, 0x60, 0x5, 0xfc, 0x99,
    0x9a, 0xef, 0xa0, 0x5f, 0x80, 0x0, 0x1, 0xcf,
    0x55, 0xf8, 0x0, 0x0, 0x4, 0xfb, 0x5f, 0x80,
    0x0, 0x0, 0xf, 0xd5, 0xf8, 0x0, 0x0, 0x1,
    0xfd, 0x5f, 0x80, 0x0, 0x0, 0x6f, 0xa5, 0xf8,
    0x0, 0x1, 0x5f, 0xf3, 0x5f, 0xff, 0xff, 0xff,
    0xf5, 0x5, 0xfc, 0x99, 0x88, 0x61, 0x0, 0x5f,
    0x80, 0x0, 0x0, 0x0, 0x5, 0xf8, 0x0, 0x0,
    0x0, 0x0, 0x5f, 0x80, 0x0, 0x0, 0x0, 0x5,
    0xf8, 0x0, 0x0, 0x0, 0x0, 0x5f, 0x80, 0x0,
    0x0, 0x0, 0x0,

    /* U+0051 "Q" */
    0x0, 0x7, 0xdf, 0xeb, 0x40, 0x0, 0x1, 0xdf,
    0xea, 0xbf, 0xf8, 0x0, 0xb, 0xf8, 0x0, 0x1,
    0xcf, 0x50, 0x4f, 0xb0, 0x0, 0x0, 0x2f, 0xd0,
    0x9f, 0x40, 0x0, 0x0, 0xb, 0xf3, 0xcf, 0x0,
    0x0, 0x0, 0x7, 0xf6, 0xef, 0x0, 0x0, 0x0,
    0x6, 0xf7, 0xef, 0x0, 0x0, 0x0, 0x5, 0xf8,
    0xef, 0x0, 0x0, 0x0, 0x6, 0xf7, 0xcf, 0x0,
    0x0, 0x0, 0x7, 0xf6, 0x9f, 0x40, 0x0, 0x0,
    0xb, 0xf2, 0x4f, 0xb0, 0x0, 0x0, 0x1f, 0xd0,
    0xb, 0xf8, 0x0, 0x1, 0xcf, 0x50, 0x1, 0xdf,
    0xea, 0xbf, 0xf8, 0x0, 0x0, 0x7, 0xdf, 0xee,
    0xf9, 0x0, 0x0, 0x0, 0x0, 0x1, 0xcf, 0xc1,
    0x0, 0x0, 0x0, 0x0, 0x9, 0xe2, 0x0, 0x0,
    0x0, 0x0, 0x0, 0x10,

    /* U+0052 "R" */
    0x5f, 0xff, 0xff, 0xea, 0x30, 0x5, 0xfc, 0x99,
    0x9c, 0xff, 0x50, 0x5f, 0x80, 0x0, 0x4, 0xfe,
    0x5, 0xf8, 0x0, 0x0, 0xb, 0xf3, 0x5f, 0x80,
    0x0, 0x0, 0x9f, 0x55, 0xf8, 0x0, 0x0, 0xb,
    0xf3, 0x5f, 0x80, 0x0, 0x5, 0xfd, 0x5, 0xfc,
    0x99, 0x9b, 0xff, 0x30, 0x5f, 0xff, 0xff, 0xfd,
    0x20, 0x5, 0xf8, 0x0, 0xd, 0xf2, 0x0, 0x5f,
    0x80, 0x0, 0x5f, 0x90, 0x5, 0xf8, 0x0, 0x0,
    0xdf, 0x20, 0x5f, 0x80, 0x0, 0x5, 0xfa, 0x5,
    0xf8, 0x0, 0x0, 0xc, 0xf3, 0x5f, 0x80, 0x0,
    0x0, 0x4f, 0xb0,

    /* U+0053 "S" */
    0x0, 0x7, 0xcf, 0xfd, 0x80, 0x0, 0x0, 0xbf,
    0xea, 0xad, 0xfd, 0x0, 0x7, 0xfa, 0x0, 0x0,
    0x8f, 0x90, 0xb, 0xf3, 0x0, 0x0, 0xf, 0xf0,
    0xb, 0xf4, 0x0, 0x0, 0x5, 0x60, 0x6, 0xfd,
    0x30, 0x0, 0x0, 0x0, 0x0, 0xaf, 0xfb, 0x61,
    0x0, 0x0, 0x0, 0x4, 0xcf, 0xff, 0x91, 0x0,
    0x0, 0x0, 0x2, 0x8e, 0xfe, 0x20, 0x0, 0x0,
    0x0, 0x0, 0x8f, 0xc0, 0x16, 0x40, 0x0, 0x0,
    0xe, 0xf1, 0x1f, 0xd0, 0x0, 0x0, 0xd, 0xf1,
    0xb, 0xf7, 0x0, 0x0, 0x5f, 0xd0, 0x1, 0xcf,
    0xea, 0x9c, 0xff, 0x30, 0x0, 0x6, 0xcf, 0xfd,
    0x92, 0x0,

    /* U+0054 "T" */
    0x8f, 0xff, 0xff, 0xff, 0xff, 0xf7, 0x49, 0x99,
    0x9f, 0xf9, 0x99, 0x94, 0x0, 0x0, 0xf, 0xe0,
    0x0, 0x0, 0x0, 0x0, 0xf, 0xe0, 0x0, 0x0,
    0x0, 0x0, 0xf, 0xe0, 0x0, 0x0, 0x0, 0x0,
    0xf, 0xe0, 0x0, 0x0, 0x0, 0x0, 0xf, 0xe0,
    0x0, 0x0, 0x0, 0x0, 0xf, 0xe0, 0x0, 0x0,
    0x0, 0x0, 0xf, 0xe0, 0x0, 0x0, 0x0, 0x0,
    0xf, 0xe0, 0x0, 0x0, 0x0, 0x0, 0xf, 0xe0,
    0x0, 0x0, 0x0, 0x0, 0xf, 0xe0, 0x0, 0x0,
    0x0, 0x0, 0xf, 0xe0, 0x0, 0x0, 0x0, 0x0,
    0xf, 0xe0, 0x0, 0x0, 0x0, 0x0, 0xf, 0xe0,
    0x0, 0x0,

    /* U+0055 "U" */
    0xaf, 0x30, 0x0, 0x0, 0x3f, 0xaa, 0xf3, 0x0,
    0x0, 0x3, 0xfa, 0xaf, 0x30, 0x0, 0x0, 0x3f,
    0xaa, 0xf3, 0x0, 0x0, 0x3, 0xfa, 0xaf, 0x30,
    0x0, 0x0, 0x3f, 0xaa, 0xf3, 0x0, 0x0, 0x3,
    0xfa, 0xaf, 0x30, 0x0, 0x0, 0x3f, 0xaa, 0xf3,
    0x0, 0x0, 0x3, 0xfa, 0xaf, 0x30, 0x0, 0x0,
    0x3f, 0xaa, 0xf3, 0x0, 0x0, 0x3, 0xfa, 0x9f,
    0x40, 0x0, 0x0, 0x4f, 0x97, 0xf8, 0x0, 0x0,
    0x7, 0xf7, 0x1f, 0xf3, 0x0, 0x3, 0xff, 0x10,
    0x6f, 0xfb, 0x9b, 0xff, 0x50, 0x0, 0x3a, 0xef,
    0xea, 0x20, 0x0,

    /* U+0056 "V" */
    0x8f, 0x70, 0x0, 0x0, 0x0, 0xbf, 0x43, 0xfd,
    0x0, 0x0, 0x0, 0x1f, 0xe0, 0xd, 0xf2, 0x0,
    0x0, 0x6, 0xf9, 0x0, 0x7f, 0x70, 0x0, 0x0,
    0xbf, 0x30, 0x2, 0xfc, 0x0, 0x0, 0x1f, 0xe0,
    0x0, 0xc, 0xf1, 0x0, 0x6, 0xf8, 0x0, 0x0,
    0x7f, 0x70, 0x0, 0xbf, 0x20, 0x0, 0x1, 0xfc,
    0x0, 0xf, 0xd0, 0x0, 0x0, 0xb, 0xf1, 0x5,
    0xf7, 0x0, 0x0, 0x0, 0x6f, 0x60, 0xbf, 0x20,
    0x0, 0x0, 0x1, 0xfc, 0xf, 0xc0, 0x0, 0x0,
    0x0, 0xb, 0xf7, 0xf6, 0x0, 0x0, 0x0, 0x0,
    0x5f, 0xff, 0x10, 0x0, 0x0, 0x0, 0x0, 0xff,
    0xb0, 0x0, 0x0, 0x0, 0x0, 0xa, 0xf6, 0x0,
    0x0, 0x0,

    /* U+0057 "W" */
    0x4f, 0x90, 0x0, 0x0, 0xee, 0x0, 0x0, 0xa,
    0xf3, 0x1f, 0xc0, 0x0, 0x3, 0xff, 0x20, 0x0,
    0xe, 0xf0, 0xd, 0xf0, 0x0, 0x7, 0xff, 0x60,
    0x0, 0x1f, 0xb0, 0x9, 0xf3, 0x0, 0xb, 0xee,
    0xb0, 0x0, 0x5f, 0x80, 0x5, 0xf7, 0x0, 0xf,
    0xaa, 0xf0, 0x0, 0x8f, 0x40, 0x2, 0xfa, 0x0,
    0x4f, 0x66, 0xf3, 0x0, 0xbf, 0x0, 0x0, 0xee,
    0x0, 0x8f, 0x11, 0xf7, 0x0, 0xfd, 0x0, 0x0,
    0xaf, 0x10, 0xcd, 0x0, 0xdb, 0x2, 0xf9, 0x0,
    0x0, 0x7f, 0x51, 0xf8, 0x0, 0x9f, 0x6, 0xf5,
    0x0, 0x0, 0x3f, 0x85, 0xf4, 0x0, 0x4f, 0x49,
    0xf2, 0x0, 0x0, 0xf, 0xb9, 0xf0, 0x0, 0xf,
    0x8c, 0xe0, 0x0, 0x0, 0xc, 0xed, 0xb0, 0x0,
    0xc, 0xcf, 0xa0, 0x0, 0x0, 0x8, 0xff, 0x70,
    0x0, 0x8, 0xff, 0x70, 0x0, 0x0, 0x4, 0xff,
    0x20, 0x0, 0x3, 0xff, 0x30, 0x0, 0x0, 0x1,
    0xfe, 0x0, 0x0, 0x0, 0xff, 0x0, 0x0,

    /* U+0058 "X" */
    0x1e, 0xf2, 0x0, 0x0, 0x9, 0xf9, 0x0, 0x6f,
    0xc0, 0x0, 0x3, 0xfe, 0x10, 0x0, 0xcf, 0x50,
    0x0, 0xcf, 0x60, 0x0, 0x3, 0xfe, 0x0, 0x5f,
    0xc0, 0x0, 0x0, 0x9, 0xf8, 0xe, 0xf3, 0x0,
    0x0, 0x0, 0x1e, 0xfa, 0xf9, 0x0, 0x0, 0x0,
    0x0, 0x6f, 0xfe, 0x0, 0x0, 0x0, 0x0, 0x0,
    0xff, 0x80, 0x0, 0x0, 0x0, 0x0, 0x7f, 0xff,
    0x10, 0x0, 0x0, 0x0, 0x2f, 0xf9, 0xfa, 0x0,
    0x0, 0x0, 0xb, 0xf7, 0xd, 0xf4, 0x0, 0x0,
    0x4, 0xfd, 0x0, 0x4f, 0xd0, 0x0, 0x0, 0xef,
    0x40, 0x0, 0xbf, 0x70, 0x0, 0x8f, 0xa0, 0x0,
    0x2, 0xff, 0x20, 0x2f, 0xf1, 0x0, 0x0, 0x8,
    0xfb, 0x0,

    /* U+0059 "Y" */
    0x9f, 0x80, 0x0, 0x0, 0x8, 0xf9, 0x1f, 0xf1,
    0x0, 0x0, 0x1f, 0xf1, 0x8, 0xf8, 0x0, 0x0,
    0x8f, 0x80, 0x1, 0xff, 0x10, 0x1, 0xff, 0x10,
    0x0, 0x8f, 0x80, 0x8, 0xf7, 0x0, 0x0, 0xe,
    0xf1, 0x1f, 0xe0, 0x0, 0x0, 0x7, 0xf7, 0x7f,
    0x70, 0x0, 0x0, 0x0, 0xee, 0xee, 0x0, 0x0,
    0x0, 0x0, 0x6f, 0xf6, 0x0, 0x0, 0x0, 0x0,
    0xf, 0xf0, 0x0, 0x0, 0x0, 0x0, 0xf, 0xf0,
    0x0, 0x0, 0x0, 0x0, 0xf, 0xf0, 0x0, 0x0,
    0x0, 0x0, 0xf, 0xf0, 0x0, 0x0, 0x0, 0x0,
    0xf, 0xf0, 0x0, 0x0, 0x0, 0x0, 0xf, 0xf0,
    0x0, 0x0,

    /* U+005A "Z" */
    0xf, 0xff, 0xff, 0xff, 0xff, 0xe0, 0x9, 0x99,
    0x99, 0x99, 0xcf, 0xc0, 0x0, 0x0, 0x0, 0x0,
    0xef, 0x20, 0x0, 0x0, 0x0, 0x9, 0xf8, 0x0,
    0x0, 0x0, 0x0, 0x4f, 0xd0, 0x0, 0x0, 0x0,
    0x0, 0xdf, 0x30, 0x0, 0x0, 0x0, 0x9, 0xf8,
    0x0, 0x0, 0x0, 0x0, 0x3f, 0xd0, 0x0, 0x0,
    0x0, 0x0, 0xdf, 0x40, 0x0, 0x0, 0x0, 0x8,
    0xf9, 0x0, 0x0, 0x0, 0x0, 0x2f, 0xe1, 0x0,
    0x0, 0x0, 0x0, 0xcf, 0x50, 0x0, 0x0, 0x0,
    0x7, 0xfa, 0x0, 0x0, 0x0, 0x0, 0x1f, 0xfa,
    0x99, 0x99, 0x99, 0x91, 0x2f, 0xff, 0xff, 0xff,
    0xff, 0xf3,

    /* U+005B "[" */
    0x48, 0x88, 0x9, 0xff, 0xf1, 0x9f, 0x40, 0x9,
    0xf4, 0x0, 0x9f, 0x40, 0x9, 0xf4, 0x0, 0x9f,
    0x40, 0x9, 0xf4, 0x0, 0x9f, 0x40, 0x9, 0xf4,
    0x0, 0x9f, 0x40, 0x9, 0xf4, 0x0, 0x9f, 0x40,
    0x9, 0xf4, 0x0, 0x9f, 0x40, 0x9, 0xf4, 0x0,
    0x9f, 0x40, 0x9, 0xf4, 0x0, 0x9f, 0xa8, 0x9,
    0xff, 0xf1,

    /* U+005C "\\" */
    0x6f, 0x40, 0x0, 0x0, 0x1, 0xfa, 0x0, 0x0,
    0x0, 0xa, 0xf1, 0x0, 0x0, 0x0, 0x4f, 0x60,
    0x0, 0x0, 0x0, 0xec, 0x0, 0x0, 0x0, 0x8,
    0xf2, 0x0, 0x0, 0x0, 0x2f, 0x80, 0x0, 0x0,
    0x0, 0xde, 0x0, 0x0, 0x0, 0x7, 0xf4, 0x0,
    0x0, 0x0, 0x1f, 0xa0, 0x0, 0x0, 0x0, 0xbf,
    0x0, 0x0, 0x0, 0x5, 0xf6, 0x0, 0x0, 0x0,
    0xe, 0xc0, 0x0, 0x0, 0x0, 0x9f, 0x20, 0x0,
    0x0, 0x3, 0xf8, 0x0, 0x0, 0x0, 0xd, 0xd0,

    /* U+005D "]" */
    0x78, 0x86, 0xef, 0xfc, 0x0, 0xfc, 0x0, 0xfc,
    0x0, 0xfc, 0x0, 0xfc, 0x0, 0xfc, 0x0, 0xfc,
    0x0, 0xfc, 0x0, 0xfc, 0x0, 0xfc, 0x0, 0xfc,
    0x0, 0xfc, 0x0, 0xfc, 0x0, 0xfc, 0x0, 0xfc,
    0x0, 0xfc, 0x0, 0xfc, 0x78, 0xfc, 0xef, 0xfc,

    /* U+005E "^" */
    0x0, 0x4, 0x70, 0x0, 0x0, 0xd, 0xf2, 0x0,
    0x0, 0x3f, 0xf9, 0x0, 0x0, 0xaf, 0xbe, 0x0,
    0x0, 0xf9, 0x4f, 0x50, 0x6, 0xf3, 0xe, 0xb0,
    0xc, 0xd0, 0x8, 0xf2, 0x2f, 0x70, 0x2, 0xf8,

    /* U+005F "_" */
    0x78, 0x88, 0x88, 0x88, 0x8f, 0xff, 0xff, 0xff,
    0xff,

    /* U+0060 "`" */
    0x1e, 0xf1, 0x0, 0x3f, 0xa0, 0x0, 0x5f, 0x50,

    /* U+0061 "a" */
    0x1, 0x9d, 0xfd, 0x81, 0x2, 0xef, 0x98, 0xbf,
    0xc0, 0x8e, 0x40, 0x0, 0x9f, 0x40, 0x0, 0x0,
    0x16, 0xf6, 0x2, 0xae, 0xff, 0xff, 0x64, 0xfd,
    0x74, 0x48, 0xf6, 0xcf, 0x10, 0x0, 0x6f, 0x6e,
    0xe0, 0x0, 0x6, 0xf6, 0xcf, 0x30, 0x2, 0xef,
    0x75, 0xff, 0xbb, 0xfe, 0xf8, 0x5, 0xcf, 0xe8,
    0x3c, 0x90,

    /* U+0062 "b" */
    0xaf, 0x30, 0x0, 0x0, 0x0, 0xaf, 0x30, 0x0,
    0x0, 0x0, 0xaf, 0x30, 0x0, 0x0, 0x0, 0xaf,
    0x30, 0x0, 0x0, 0x0, 0xaf, 0x4a, 0xef, 0xc4,
    0x0, 0xaf, 0xed, 0x9a, 0xff, 0x30, 0xaf, 0xb0,
    0x0, 0x4f, 0xc0, 0xaf, 0x30, 0x0, 0xd, 0xf1,
    0xaf, 0x30, 0x0, 0x9, 0xf4, 0xaf, 0x30, 0x0,
    0x8, 0xf5, 0xaf, 0x30, 0x0, 0x9, 0xf4, 0xaf,
    0x30, 0x0, 0xd, 0xf1, 0xaf, 0xb0, 0x0, 0x4f,
    0xc0, 0xaf, 0xed, 0x9a, 0xff, 0x30, 0xaf, 0x2a,
    0xef, 0xc4, 0x0,

    /* U+0063 "c" */
    0x0, 0x8, 0xdf, 0xe9, 0x10, 0x0, 0xcf, 0xc8,
    0xbf, 0xd1, 0x7, 0xf8, 0x0, 0x7, 0xf8, 0xd,
    0xf0, 0x0, 0x0, 0xda, 0xf, 0xd0, 0x0, 0x0,
    0x0, 0x1f, 0xb0, 0x0, 0x0, 0x0, 0xf, 0xd0,
    0x0, 0x0, 0x0, 0xd, 0xf0, 0x0, 0x0, 0x86,
    0x7, 0xf8, 0x0, 0x5, 0xf8, 0x0, 0xcf, 0xb8,
    0xbf, 0xd1, 0x0, 0x18, 0xef, 0xe9, 0x10,

    /* U+0064 "d" */
    0x0, 0x0, 0x0, 0x0, 0xfd, 0x0, 0x0, 0x0,
    0x0, 0xfd, 0x0, 0x0, 0x0, 0x0, 0xfd, 0x0,
    0x0, 0x0, 0x0, 0xfd, 0x0, 0x1a, 0xef, 0xc3,
    0xfd, 0x0, 0xdf, 0xc9, 0xbf, 0xfd, 0x8, 0xf9,
    0x0, 0x6, 0xfd, 0xd, 0xf1, 0x0, 0x0, 0xfd,
    0xf, 0xd0, 0x0, 0x0, 0xfd, 0x1f, 0xc0, 0x0,
    0x0, 0xfd, 0xf, 0xd0, 0x0, 0x0, 0xfd, 0xd,
    0xf1, 0x0, 0x0, 0xfd, 0x7, 0xf9, 0x0, 0x6,
    0xfd, 0x0, 0xdf, 0xc9, 0xbf, 0xfd, 0x0, 0x1a,
    0xef, 0xc3, 0xdd,

    /* U+0065 "e" */
    0x0, 0x7, 0xdf, 0xe9, 0x10, 0x0, 0xaf, 0xc9,
    0xbf, 0xc0, 0x6, 0xf9, 0x0, 0x9, 0xf5, 0xc,
    0xf0, 0x0, 0x1, 0xfa, 0xf, 0xe8, 0x88, 0x88,
    0xfd, 0x1f, 0xff, 0xff, 0xff, 0xfd, 0xf, 0xc0,
    0x0, 0x0, 0x0, 0xd, 0xf1, 0x0, 0x0, 0x0,
    0x7, 0xfa, 0x0, 0x0, 0xa4, 0x0, 0xcf, 0xd8,
    0x9e, 0xf4, 0x0, 0x7, 0xdf, 0xeb, 0x30,

    /* U+0066 "f" */
    0x0, 0x0, 0x58, 0x70, 0x0, 0xdf, 0xfe, 0x0,
    0x7f, 0x91, 0x0, 0xa, 0xf2, 0x0, 0x0, 0xbf,
    0x10, 0x6, 0xff, 0xff, 0xf5, 0x26, 0xdf, 0x76,
    0x20, 0xb, 0xf1, 0x0, 0x0, 0xbf, 0x10, 0x0,
    0xb, 0xf1, 0x0, 0x0, 0xbf, 0x10, 0x0, 0xb,
    0xf1, 0x0, 0x0, 0xbf, 0x10, 0x0, 0xb, 0xf1,
    0x0, 0x0, 0xbf, 0x10, 0x0, 0xb, 0xf1, 0x0,

    /* U+0067 "g" */
    0x0, 0x1a, 0xef, 0xc3, 0xdd, 0x0, 0xdf, 0xc9,
    0xbf, 0xfd, 0x7, 0xf9, 0x0, 0x6, 0xfd, 0xd,
    0xf1, 0x0, 0x0, 0xfd, 0xf, 0xd0, 0x0, 0x0,
    0xfd, 0xf, 0xc0, 0x0, 0x0, 0xfd, 0xf, 0xd0,
    0x0, 0x0, 0xfd, 0xd, 0xf1, 0x0, 0x0, 0xfd,
    0x7, 0xf9, 0x0, 0x6, 0xfd, 0x0, 0xdf, 0xc9,
    0xbf, 0xfd, 0x0, 0x1a, 0xef, 0xc3, 0xfd, 0x0,
    0x0, 0x0, 0x1, 0xfc, 0x1, 0xa1, 0x0, 0x8,
    0xf7, 0x3, 0xfe, 0x98, 0xcf, 0xd0, 0x0, 0x29,
    0xef, 0xe8, 0x0,

    /* U+0068 "h" */
    0xaf, 0x30, 0x0, 0x0, 0xa, 0xf3, 0x0, 0x0,
    0x0, 0xaf, 0x30, 0x0, 0x0, 0xa, 0xf3, 0x0,
    0x0, 0x0, 0xaf, 0x38, 0xef, 0xc4, 0xa, 0xfe,
    0xe9, 0xbf, 0xf2, 0xaf, 0xb0, 0x0, 0x7f, 0x8a,
    0xf3, 0x0, 0x2, 0xfa, 0xaf, 0x30, 0x0, 0x2f,
    0xba, 0xf3, 0x0, 0x2, 0xfb, 0xaf, 0x30, 0x0,
    0x2f, 0xba, 0xf3, 0x0, 0x2, 0xfb, 0xaf, 0x30,
    0x0, 0x2f, 0xba, 0xf3, 0x0, 0x2, 0xfb, 0xaf,
    0x30, 0x0, 0x2f, 0xb0,

    /* U+0069 "i" */
    0x6f, 0x47, 0xf6, 0x1, 0x0, 0x0, 0x7f, 0x57,
    0xf5, 0x7f, 0x57, 0xf5, 0x7f, 0x57, 0xf5, 0x7f,
    0x57, 0xf5, 0x7f, 0x57, 0xf5, 0x7f, 0x50,

    /* U+006A "j" */
    0x0, 0x8e, 0x20, 0x9, 0xf3, 0x0, 0x0, 0x0,
    0x0, 0x0, 0x0, 0x9f, 0x40, 0x9, 0xf4, 0x0,
    0x9f, 0x40, 0x9, 0xf4, 0x0, 0x9f, 0x40, 0x9,
    0xf4, 0x0, 0x9f, 0x40, 0x9, 0xf4, 0x0, 0x9f,
    0x40, 0x9, 0xf4, 0x0, 0x9f, 0x40, 0x9, 0xf3,
    0x0, 0xaf, 0x26, 0xaf, 0xe0, 0x9f, 0xd4, 0x0,

    /* U+006B "k" */
    0xaf, 0x30, 0x0, 0x0, 0x0, 0xaf, 0x30, 0x0,
    0x0, 0x0, 0xaf, 0x30, 0x0, 0x0, 0x0, 0xaf,
    0x30, 0x0, 0x0, 0x0, 0xaf, 0x30, 0x1, 0xef,
    0x30, 0xaf, 0x30, 0x1d, 0xf5, 0x0, 0xaf, 0x30,
    0xcf, 0x60, 0x0, 0xaf, 0x3b, 0xf8, 0x0, 0x0,
    0xaf, 0xbf, 0xb0, 0x0, 0x0, 0xaf, 0xff, 0xf3,
    0x0, 0x0, 0xaf, 0xb4, 0xfd, 0x0, 0x0, 0xaf,
    0x30, 0x8f, 0x90, 0x0, 0xaf, 0x30, 0xc, 0xf5,
    0x0, 0xaf, 0x30, 0x2, 0xfe, 0x10, 0xaf, 0x30,
    0x0, 0x5f, 0xc0,

    /* U+006C "l" */
    0x7f, 0x57, 0xf5, 0x7f, 0x57, 0xf5, 0x7f, 0x57,
    0xf5, 0x7f, 0x57, 0xf5, 0x7f, 0x57, 0xf5, 0x7f,
    0x57, 0xf5, 0x7f, 0x57, 0xf5, 0x7f, 0x50,

    /* U+006D "m" */
    0xaf, 0x4a, 0xef, 0xc5, 0x7, 0xdf, 0xd8, 0x0,
    0xaf, 0xf9, 0x68, 0xff, 0xce, 0x76, 0xbf, 0xa0,
    0xaf, 0x60, 0x0, 0x6f, 0xf2, 0x0, 0xd, 0xf0,
    0xaf, 0x20, 0x0, 0x2f, 0xb0, 0x0, 0xa, 0xf2,
    0xaf, 0x20, 0x0, 0x2f, 0xa0, 0x0, 0xa, 0xf3,
    0xaf, 0x20, 0x0, 0x2f, 0xa0, 0x0, 0xa, 0xf3,
    0xaf, 0x20, 0x0, 0x2f, 0xa0, 0x0, 0xa, 0xf3,
    0xaf, 0x20, 0x0, 0x2f, 0xa0, 0x0, 0xa, 0xf3,
    0xaf, 0x20, 0x0, 0x2f, 0xa0, 0x0, 0xa, 0xf3,
    0xaf, 0x20, 0x0, 0x2f, 0xa0, 0x0, 0xa, 0xf3,
    0xaf, 0x20, 0x0, 0x2f, 0xa0, 0x0, 0xa, 0xf3,

    /* U+006E "n" */
    0xaf, 0x39, 0xef, 0xc4, 0xa, 0xfe, 0xb6, 0x7e,
    0xf2, 0xaf, 0x90, 0x0, 0x5f, 0x8a, 0xf3, 0x0,
    0x2, 0xfa, 0xaf, 0x30, 0x0, 0x2f, 0xba, 0xf3,
    0x0, 0x2, 0xfb, 0xaf, 0x30, 0x0, 0x2f, 0xba,
    0xf3, 0x0, 0x2, 0xfb, 0xaf, 0x30, 0x0, 0x2f,
    0xba, 0xf3, 0x0, 0x2, 0xfb, 0xaf, 0x30, 0x0,
    0x2f, 0xb0,

    /* U+006F "o" */
    0x0, 0x7, 0xdf, 0xea, 0x20, 0x0, 0xb, 0xfc,
    0x8a, 0xff, 0x30, 0x6, 0xfa, 0x0, 0x3, 0xfd,
    0x0, 0xdf, 0x10, 0x0, 0xa, 0xf3, 0xf, 0xd0,
    0x0, 0x0, 0x6f, 0x71, 0xfb, 0x0, 0x0, 0x5,
    0xf8, 0xf, 0xd0, 0x0, 0x0, 0x6f, 0x70, 0xdf,
    0x10, 0x0, 0xa, 0xf3, 0x6, 0xf9, 0x0, 0x3,
    0xfd, 0x0, 0xb, 0xfc, 0x8a, 0xff, 0x30, 0x0,
    0x7, 0xdf, 0xea, 0x20, 0x0,

    /* U+0070 "p" */
    0xaf, 0x3b, 0xff, 0xc4, 0x0, 0xaf, 0xf9, 0x68,
    0xff, 0x30, 0xaf, 0x70, 0x0, 0x4f, 0xc0, 0xaf,
    0x30, 0x0, 0xd, 0xf1, 0xaf, 0x30, 0x0, 0x9,
    0xf3, 0xaf, 0x30, 0x0, 0x8, 0xf4, 0xaf, 0x30,
    0x0, 0xa, 0xf3, 0xaf, 0x30, 0x0, 0xd, 0xf1,
    0xaf, 0x90, 0x0, 0x5f, 0xb0, 0xaf, 0xfc, 0x8a,
    0xff, 0x30, 0xaf, 0x4a, 0xef, 0xc3, 0x0, 0xaf,
    0x30, 0x0, 0x0, 0x0, 0xaf, 0x30, 0x0, 0x0,
    0x0, 0xaf, 0x30, 0x0, 0x0, 0x0, 0xaf, 0x30,
    0x0, 0x0, 0x0,

    /* U+0071 "q" */
    0x0, 0x1a, 0xef, 0xc4, 0xdd, 0x1, 0xdf, 0xc8,
    0xaf, 0xfd, 0x8, 0xf9, 0x0, 0x5, 0xfd, 0xd,
    0xf1, 0x0, 0x0, 0xfd, 0xf, 0xd0, 0x0, 0x0,
    0xfd, 0x1f, 0xc0, 0x0, 0x0, 0xfd, 0xf, 0xd0,
    0x0, 0x0, 0xfd, 0xd, 0xf1, 0x0, 0x0, 0xfd,
    0x7, 0xf9, 0x0, 0x5, 0xfd, 0x0, 0xdf, 0xb8,
    0xbf, 0xfd, 0x0, 0x1a, 0xef, 0xc4, 0xfd, 0x0,
    0x0, 0x0, 0x0, 0xfd, 0x0, 0x0, 0x0, 0x0,
    0xfd, 0x0, 0x0, 0x0, 0x0, 0xfd, 0x0, 0x0,
    0x0, 0x0, 0xfd,

    /* U+0072 "r" */
    0x0, 0x0, 0x0, 0xaf, 0x5c, 0xf7, 0xaf, 0xfc,
    0x94, 0xaf, 0x90, 0x0, 0xaf, 0x30, 0x0, 0xaf,
    0x30, 0x0, 0xaf, 0x30, 0x0, 0xaf, 0x30, 0x0,
    0xaf, 0x30, 0x0, 0xaf, 0x30, 0x0, 0xaf, 0x30,
    0x0, 0xaf, 0x30, 0x0,

    /* U+0073 "s" */
    0x0, 0x2a, 0xef, 0xc6, 0x0, 0x2, 0xff, 0x99,
    0xdf, 0x90, 0x9, 0xf4, 0x0, 0xd, 0xf1, 0xa,
    0xf3, 0x0, 0x3, 0x51, 0x4, 0xff, 0x94, 0x0,
    0x0, 0x0, 0x2a, 0xff, 0xf9, 0x10, 0x0, 0x0,
    0x3, 0x8f, 0xd0, 0x7, 0x60, 0x0, 0x9, 0xf4,
    0xe, 0xf2, 0x0, 0xa, 0xf3, 0x5, 0xff, 0xa8,
    0xcf, 0xc0, 0x0, 0x4b, 0xff, 0xd7, 0x0,

    /* U+0074 "t" */
    0x0, 0x76, 0x0, 0x0, 0xfd, 0x0, 0x0, 0xfd,
    0x0, 0xef, 0xff, 0xfc, 0x66, 0xfe, 0x65, 0x0,
    0xfd, 0x0, 0x0, 0xfd, 0x0, 0x0, 0xfd, 0x0,
    0x0, 0xfd, 0x0, 0x0, 0xfd, 0x0, 0x0, 0xfd,
    0x0, 0x0, 0xee, 0x0, 0x0, 0xbf, 0xb8, 0x0,
    0x2c, 0xfb,

    /* U+0075 "u" */
    0xaf, 0x20, 0x0, 0x2f, 0xaa, 0xf2, 0x0, 0x2,
    0xfa, 0xaf, 0x20, 0x0, 0x2f, 0xaa, 0xf2, 0x0,
    0x2, 0xfa, 0xaf, 0x20, 0x0, 0x2f, 0xaa, 0xf2,
    0x0, 0x2, 0xfa, 0xaf, 0x20, 0x0, 0x2f, 0xaa,
    0xf3, 0x0, 0x2, 0xfa, 0x7f, 0x70, 0x0, 0x9f,
    0xa2, 0xff, 0xb9, 0xdf, 0xfa, 0x3, 0xbf, 0xfb,
    0x3f, 0xa0,

    /* U+0076 "v" */
    0x8f, 0x50, 0x0, 0xa, 0xf2, 0x2f, 0xa0, 0x0,
    0xf, 0xc0, 0xc, 0xf0, 0x0, 0x4f, 0x70, 0x7,
    0xf4, 0x0, 0x9f, 0x10, 0x1, 0xf9, 0x0, 0xec,
    0x0, 0x0, 0xce, 0x3, 0xf6, 0x0, 0x0, 0x6f,
    0x38, 0xf1, 0x0, 0x0, 0x1f, 0x9d, 0xb0, 0x0,
    0x0, 0xb, 0xff, 0x60, 0x0, 0x0, 0x5, 0xff,
    0x10, 0x0, 0x0, 0x0, 0xfb, 0x0, 0x0,

    /* U+0077 "w" */
    0x7f, 0x50, 0x0, 0x6f, 0x50, 0x0, 0x5f, 0x62,
    0xf9, 0x0, 0xa, 0xfa, 0x0, 0x9, 0xf2, 0xe,
    0xd0, 0x0, 0xff, 0xf0, 0x0, 0xdd, 0x0, 0x9f,
    0x10, 0x4f, 0x7f, 0x40, 0x1f, 0x90, 0x5, 0xf5,
    0x9, 0xe0, 0xf8, 0x5, 0xf4, 0x0, 0x1f, 0x90,
    0xe9, 0xa, 0xd0, 0x9f, 0x0, 0x0, 0xce, 0x2f,
    0x50, 0x5f, 0x2d, 0xc0, 0x0, 0x7, 0xf9, 0xf0,
    0x1, 0xf8, 0xf7, 0x0, 0x0, 0x3f, 0xfb, 0x0,
    0xb, 0xff, 0x30, 0x0, 0x0, 0xef, 0x60, 0x0,
    0x6f, 0xe0, 0x0, 0x0, 0xa, 0xf1, 0x0, 0x2,
    0xfa, 0x0, 0x0,

    /* U+0078 "x" */
    0x2f, 0xd0, 0x0, 0x1f, 0xf1, 0x8, 0xf7, 0x0,
    0xaf, 0x60, 0x0, 0xdf, 0x13, 0xfc, 0x0, 0x0,
    0x4f, 0x9c, 0xf2, 0x0, 0x0, 0x9, 0xff, 0x80,
    0x0, 0x0, 0x3, 0xff, 0x10, 0x0, 0x0, 0xb,
    0xff, 0x90, 0x0, 0x0, 0x5f, 0x9a, 0xf4, 0x0,
    0x1, 0xee, 0x11, 0xfd, 0x0, 0xa, 0xf6, 0x0,
    0x7f, 0x80, 0x4f, 0xc0, 0x0, 0xd, 0xf2,

    /* U+0079 "y" */
    0x9f, 0x50, 0x0, 0xd, 0xf1, 0x3f, 0xa0, 0x0,
    0x2f, 0xb0, 0xe, 0xf0, 0x0, 0x7f, 0x50, 0x8,
    0xf5, 0x0, 0xcf, 0x0, 0x2, 0xfa, 0x1, 0xfa,
    0x0, 0x0, 0xdf, 0x6, 0xf5, 0x0, 0x0, 0x7f,
    0x5b, 0xf0, 0x0, 0x0, 0x1f, 0xbf, 0xa0, 0x0,
    0x0, 0xc, 0xff, 0x40, 0x0, 0x0, 0x6, 0xfe,
    0x0, 0x0, 0x0, 0x1, 0xf9, 0x0, 0x0, 0x0,
    0x5, 0xf4, 0x0, 0x0, 0x0, 0xd, 0xe0, 0x0,
    0x0, 0x1a, 0xdf, 0x60, 0x0, 0x0, 0x2f, 0xe7,
    0x0, 0x0, 0x0,

    /* U+007A "z" */
    0xf, 0xff, 0xff, 0xff, 0xf0, 0x8, 0x88, 0x88,
    0xcf, 0xc0, 0x0, 0x0, 0x1, 0xef, 0x20, 0x0,
    0x0, 0xb, 0xf6, 0x0, 0x0, 0x0, 0x7f, 0xa0,
    0x0, 0x0, 0x2, 0xfe, 0x10, 0x0, 0x0, 0xd,
    0xf3, 0x0, 0x0, 0x0, 0x9f, 0x80, 0x0, 0x0,
    0x4, 0xfc, 0x0, 0x0, 0x0, 0xe, 0xfa, 0x88,
    0x88, 0x82, 0x2f, 0xff, 0xff, 0xff, 0xf4,

    /* U+007B "{" */
    0x0, 0x0, 0x0, 0x0, 0x0, 0x6, 0xe6, 0x0,
    0x7, 0xf9, 0x0, 0x0, 0xee, 0x0, 0x0, 0x2f,
    0x90, 0x0, 0x4, 0xf8, 0x0, 0x0, 0x4f, 0x80,
    0x0, 0x5, 0xf7, 0x0, 0x0, 0x7f, 0x50, 0x0,
    0x5e, 0xe1, 0x0, 0x6f, 0xf3, 0x0, 0x2, 0x8f,
    0xd0, 0x0, 0x0, 0x8f, 0x50, 0x0, 0x5, 0xf7,
    0x0, 0x0, 0x4f, 0x80, 0x0, 0x4, 0xf8, 0x0,
    0x0, 0x3f, 0x90, 0x0, 0x0, 0xfd, 0x0, 0x0,
    0x8, 0xf6, 0x0, 0x0, 0x9, 0xf6, 0x0, 0x0,
    0x2, 0x10,

    /* U+007C "|" */
    0x4f, 0x24, 0xf2, 0x4f, 0x24, 0xf2, 0x4f, 0x24,
    0xf2, 0x4f, 0x24, 0xf2, 0x4f, 0x24, 0xf2, 0x4f,
    0x24, 0xf2, 0x4f, 0x24, 0xf2, 0x4f, 0x24, 0xf2,
    0x4f, 0x20,

    /* U+007D "}" */
    0x0, 0x0, 0x0, 0xa, 0xd4, 0x0, 0x0, 0x1c,
    0xf3, 0x0, 0x0, 0x2f, 0xa0, 0x0, 0x0, 0xde,
    0x0, 0x0, 0xc, 0xf0, 0x0, 0x0, 0xcf, 0x0,
    0x0, 0xb, 0xf1, 0x0, 0x0, 0x9f, 0x30, 0x0,
    0x3, 0xfc, 0x30, 0x0, 0x6, 0xff, 0x20, 0x2,
    0xee, 0x60, 0x0, 0x9f, 0x40, 0x0, 0xb, 0xf1,
    0x0, 0x0, 0xcf, 0x0, 0x0, 0xc, 0xf0, 0x0,
    0x0, 0xdf, 0x0, 0x0, 0x1f, 0xb0, 0x0, 0xa,
    0xf4, 0x0, 0xa, 0xf6, 0x0, 0x0, 0x21, 0x0,
    0x0, 0x0,

    /* U+007E "~" */
    0x4, 0xdf, 0xc4, 0x0, 0x2, 0xb3, 0x2f, 0xea,
    0xef, 0x70, 0x7, 0xf1, 0x8f, 0x20, 0x1c, 0xfc,
    0xbf, 0xa0, 0x79, 0x0, 0x0, 0x8e, 0xfa, 0x0,

    /* U+0390 "ΐ" */
    0x0, 0x4, 0xa3, 0x0, 0x0, 0x9, 0xf0, 0x0,
    0xbd, 0xc, 0xa4, 0xf7, 0xde, 0x10, 0x4, 0xf8,
    0x0, 0x0, 0x0, 0x0, 0x0, 0x0, 0x0, 0x0,
    0x0, 0x1f, 0xb0, 0x0, 0x0, 0x1f, 0xb0, 0x0,
    0x0, 0x1f, 0xb0, 0x0, 0x0, 0x1f, 0xb0, 0x0,
    0x0, 0x1f, 0xb0, 0x0, 0x0, 0x1f, 0xb0, 0x0,
    0x0, 0x1f, 0xb0, 0x0, 0x0, 0x1f, 0xb0, 0x0,
    0x0, 0xf, 0xc0, 0x0, 0x0, 0xd, 0xfb, 0x70,
    0x0, 0x3, 0xdf, 0xa0,

    /* U+0391 "Α" */
    0x0, 0x0, 0x7, 0xf8, 0x0, 0x0, 0x0, 0x0,
    0x0, 0xdf, 0xe0, 0x0, 0x0, 0x0, 0x0, 0x3f,
    0xef, 0x40, 0x0, 0x0, 0x0, 0x9, 0xf4, 0xfa,
    0x0, 0x0, 0x0, 0x0, 0xed, 0xc, 0xf0, 0x0,
    0x0, 0x0, 0x4f, 0x70, 0x6f, 0x50, 0x0, 0x0,
    0xa, 0xf2, 0x1, 0xfb, 0x0, 0x0, 0x0, 0xfc,
    0x0, 0xb, 0xf1, 0x0, 0x0, 0x5f, 0x70, 0x0,
    0x5f, 0x70, 0x0, 0xb, 0xfa, 0x99, 0x9a, 0xfc,
    0x0, 0x1, 0xff, 0xff, 0xff, 0xff, 0xf2, 0x0,
    0x7f, 0x60, 0x0, 0x0, 0x5f, 0x80, 0xd, 0xf1,
    0x0, 0x0, 0x0, 0xfe, 0x2, 0xfb, 0x0, 0x0,
    0x0, 0xa, 0xf4, 0x8f, 0x50, 0x0, 0x0, 0x0,
    0x5f, 0x90,

    /* U+0392 "Β" */
    0x5f, 0xff, 0xff, 0xd9, 0x20, 0x5, 0xfd, 0x99,
    0xac, 0xff, 0x30, 0x5f, 0x80, 0x0, 0x6, 0xfb,
    0x5, 0xf8, 0x0, 0x0, 0xf, 0xe0, 0x5f, 0x80,
    0x0, 0x0, 0xfe, 0x5, 0xf8, 0x0, 0x0, 0x7f,
    0x90, 0x5f, 0xc8, 0x89, 0xcf, 0xb0, 0x5, 0xff,
    0xff, 0xff, 0xf8, 0x0, 0x5f, 0x80, 0x0, 0x18,
    0xfa, 0x5, 0xf8, 0x0, 0x0, 0xc, 0xf2, 0x5f,
    0x80, 0x0, 0x0, 0x9f, 0x45, 0xf8, 0x0, 0x0,
    0xa, 0xf4, 0x5f, 0x80, 0x0, 0x3, 0xff, 0x5,
    0xfc, 0x99, 0x9b, 0xff, 0x60, 0x5f, 0xff, 0xff,
    0xeb, 0x40, 0x0,

    /* U+0393 "Γ" */
    0x4f, 0xff, 0xff, 0xff, 0xf7, 0x4f, 0xd9, 0x99,
    0x99, 0x94, 0x4f, 0x90, 0x0, 0x0, 0x0, 0x4f,
    0x90, 0x0, 0x0, 0x0, 0x4f, 0x90, 0x0, 0x0,
    0x0, 0x4f, 0x90, 0x0, 0x0, 0x0, 0x4f, 0x90,
    0x0, 0x0, 0x0, 0x4f, 0x90, 0x0, 0x0, 0x0,
    0x4f, 0x90, 0x0, 0x0, 0x0, 0x4f, 0x90, 0x0,
    0x0, 0x0, 0x4f, 0x90, 0x0, 0x0, 0x0, 0x4f,
    0x90, 0x0, 0x0, 0x0, 0x4f, 0x90, 0x0, 0x0,
    0x0, 0x4f, 0x90, 0x0, 0x0, 0x0, 0x4f, 0x90,
    0x0, 0x0, 0x0,

    /* U+0394 "Δ" */
    0x0, 0x0, 0x0, 0xef, 0x20, 0x0, 0x0, 0x0,
    0x0, 0x4, 0xff, 0x80, 0x0, 0x0, 0x0, 0x0,
    0xb, 0xfe, 0xe0, 0x0, 0x0, 0x0, 0x0, 0x1f,
    0xb7, 0xf4, 0x0, 0x0, 0x0, 0x0, 0x7f, 0x52,
    0xfa, 0x0, 0x0, 0x0, 0x0, 0xee, 0x0, 0xcf,
    0x10, 0x0, 0x0, 0x4, 0xf8, 0x0, 0x6f, 0x60,
    0x0, 0x0, 0xb, 0xf2, 0x0, 0x1f, 0xc0, 0x0,
    0x0, 0x1f, 0xc0, 0x0, 0xa, 0xf2, 0x0, 0x0,
    0x7f, 0x60, 0x0, 0x5, 0xf8, 0x0, 0x0, 0xef,
    0x0, 0x0, 0x0, 0xee, 0x0, 0x4, 0xf9, 0x0,
    0x0, 0x0, 0x9f, 0x50, 0xb, 0xf3, 0x0, 0x0,
    0x0, 0x3f, 0xb0, 0x1f, 0xf9, 0x99, 0x99, 0x99,
    0x9f, 0xf1, 0x7f, 0xff, 0xff, 0xff, 0xff, 0xff,
    0xf7,

    /* U+0395 "Ε" */
    0x5f, 0xff, 0xff, 0xff, 0xf9, 0x5f, 0xc9, 0x99,
    0x99, 0x95, 0x5f, 0x80, 0x0, 0x0, 0x0, 0x5f,
    0x80, 0x0, 0x0, 0x0, 0x5f, 0x80, 0x0, 0x0,
    0x0, 0x5f, 0x80, 0x0, 0x0, 0x0, 0x5f, 0x80,
    0x0, 0x0, 0x0, 0x5f, 0xff, 0xff, 0xff, 0xb0,
    0x5f, 0xc9, 0x99, 0x99, 0x60, 0x5f, 0x80, 0x0,
    0x0, 0x0, 0x5f, 0x80, 0x0, 0x0, 0x0, 0x5f,
    0x80, 0x0, 0x0, 0x0, 0x5f, 0x80, 0x0, 0x0,
    0x0, 0x5f, 0xc9, 0x99, 0x99, 0x96, 0x5f, 0xff,
    0xff, 0xff, 0xfb,

    /* U+0396 "Ζ" */
    0xf, 0xff, 0xff, 0xff, 0xff, 0xe0, 0x9, 0x99,
    0x99, 0x99, 0xcf, 0xc0, 0x0, 0x0, 0x0, 0x0,
    0xef, 0x20, 0x0, 0x0, 0x0, 0x9, 0xf8, 0x0,
    0x0, 0x0, 0x0, 0x4f, 0xd0, 0x0, 0x0, 0x0,
    0x0, 0xdf, 0x30, 0x0, 0x0, 0x0, 0x9, 0xf8,
    0x0, 0x0, 0x0, 0x0, 0x3f, 0xd0, 0x0, 0x0,
    0x0, 0x0, 0xdf, 0x40, 0x0, 0x0, 0x0, 0x8,
    0xf9, 0x0, 0x0, 0x0, 0x0, 0x2f, 0xe1, 0x0,
    0x0, 0x0, 0x0, 0xcf, 0x50, 0x0, 0x0, 0x0,
    0x7, 0xfa, 0x0, 0x0, 0x0, 0x0, 0x1f, 0xfa,
    0x99, 0x99, 0x99, 0x91, 0x2f, 0xff, 0xff, 0xff,
    0xff, 0xf3,

    /* U+0397 "Η" */
    0x5f, 0x80, 0x0, 0x0, 0x4, 0xf9, 0x5f, 0x80,
    0x0, 0x0, 0x4, 0xf9, 0x5f, 0x80, 0x0, 0x0,
    0x4, 0xf9, 0x5f, 0x80, 0x0, 0x0, 0x4, 0xf9,
    0x5f, 0x80, 0x0, 0x0, 0x4, 0xf9, 0x5f, 0x80,
    0x0, 0x0, 0x4, 0xf9, 0x5f, 0x80, 0x0, 0x0,
    0x4, 0xf9, 0x5f, 0xff, 0xff, 0xff, 0xff, 0xf9,
    0x5f, 0xc9, 0x99, 0x99, 0x9b, 0xf9, 0x5f, 0x80,
    0x0, 0x0, 0x4, 0xf9, 0x5f, 0x80, 0x0, 0x0,
    0x4, 0xf9, 0x5f, 0x80, 0x0, 0x0, 0x4, 0xf9,
    0x5f, 0x80, 0x0, 0x0, 0x4, 0xf9, 0x5f, 0x80,
    0x0, 0x0, 0x4, 0xf9, 0x5f, 0x80, 0x0, 0x0,
    0x4, 0xf9,

    /* U+0398 "Θ" */
    0x0, 0x8, 0xdf, 0xeb, 0x40, 0x0, 0x2, 0xdf,
    0xda, 0xbf, 0xf7, 0x0, 0xc, 0xf7, 0x0, 0x2,
    0xdf, 0x40, 0x5f, 0xa0, 0x0, 0x0, 0x2f, 0xc0,
    0xaf, 0x30, 0x0, 0x0, 0xc, 0xf1, 0xef, 0x0,
    0x0, 0x0, 0x8, 0xf5, 0xfe, 0x5, 0x88, 0x88,
    0x37, 0xf6, 0xfe, 0xa, 0xff, 0xff, 0x66, 0xf6,
    0xfe, 0x0, 0x0, 0x0, 0x7, 0xf6, 0xef, 0x0,
    0x0, 0x0, 0x8, 0xf5, 0xaf, 0x30, 0x0, 0x0,
    0xc, 0xf2, 0x5f, 0xa0, 0x0, 0x0, 0x2f, 0xc0,
    0xc, 0xf7, 0x0, 0x1, 0xdf, 0x40, 0x2, 0xef,
    0xda, 0xbf, 0xf8, 0x0, 0x0, 0x8, 0xdf, 0xeb,
    0x40, 0x0,

    /* U+0399 "Ι" */
    0x3f, 0xa3, 0xfa, 0x3f, 0xa3, 0xfa, 0x3f, 0xa3,
    0xfa, 0x3f, 0xa3, 0xfa, 0x3f, 0xa3, 0xfa, 0x3f,
    0xa3, 0xfa, 0x3f, 0xa3, 0xfa, 0x3f, 0xa0,

    /* U+039A "Κ" */
    0x5f, 0x80, 0x0, 0x0, 0x9f, 0xb0, 0x5f, 0x80,
    0x0, 0x6, 0xfc, 0x0, 0x5f, 0x80, 0x0, 0x4f,
    0xe1, 0x0, 0x5f, 0x80, 0x2, 0xff, 0x30, 0x0,
    0x5f, 0x80, 0x1e, 0xf5, 0x0, 0x0, 0x5f, 0x80,
    0xcf, 0x70, 0x0, 0x0, 0x5f, 0x8b, 0xfb, 0x0,
    0x0, 0x0, 0x5f, 0xef, 0xff, 0x20, 0x0, 0x0,
    0x5f, 0xfc, 0x6f, 0xd0, 0x0, 0x0, 0x5f, 0xd1,
    0xa, 0xf9, 0x0, 0x0, 0x5f, 0x80, 0x0, 0xef,
    0x50, 0x0, 0x5f, 0x80, 0x0, 0x3f, 0xe1, 0x0,
    0x5f, 0x80, 0x0, 0x8, 0xfb, 0x0, 0x5f, 0x80,
    0x0, 0x0, 0xcf, 0x70, 0x5f, 0x80, 0x0, 0x0,
    0x1f, 0xf3,

    /* U+039B "Λ" */
    0x0, 0x0, 0x8, 0xf8, 0x0, 0x0, 0x0, 0x0,
    0x0, 0xdf, 0xd0, 0x0, 0x0, 0x0, 0x0, 0x3f,
    0xff, 0x30, 0x0, 0x0, 0x0, 0x8, 0xfa, 0xf9,
    0x0, 0x0, 0x0, 0x0, 0xef, 0x1f, 0xe0, 0x0,
    0x0, 0x0, 0x3f, 0xa0, 0xaf, 0x40, 0x0, 0x0,
    0x9, 0xf5, 0x5, 0xf9, 0x0, 0x0, 0x0, 0xef,
    0x0, 0xf, 0xe0, 0x0, 0x0, 0x4f, 0xa0, 0x0,
    0xaf, 0x40, 0x0, 0x9, 0xf5, 0x0, 0x5, 0xfa,
    0x0, 0x0, 0xef, 0x0, 0x0, 0xf, 0xf0, 0x0,
    0x4f, 0xa0, 0x0, 0x0, 0xaf, 0x50, 0xa, 0xf5,
    0x0, 0x0, 0x5, 0xfa, 0x0, 0xff, 0x0, 0x0,
    0x0, 0xf, 0xf0, 0x5f, 0xa0, 0x0, 0x0, 0x0,
    0xaf, 0x50,

    /* U+039C "Μ" */
    0x5f, 0xf4, 0x0, 0x0, 0x0, 0x0, 0xdf, 0xc5,
    0xff, 0xa0, 0x0, 0x0, 0x0, 0x3f, 0xfc, 0x5f,
    0xff, 0x10, 0x0, 0x0, 0x9, 0xff, 0xc5, 0xfc,
    0xf7, 0x0, 0x0, 0x0, 0xfd, 0xec, 0x5f, 0x7f,
    0xd0, 0x0, 0x0, 0x6f, 0x7f, 0xc5, 0xf6, 0xaf,
    0x30, 0x0, 0xc, 0xf1, 0xfc, 0x5f, 0x74, 0xfa,
    0x0, 0x2, 0xfb, 0xf, 0xc5, 0xf7, 0xd, 0xf1,
    0x0, 0x9f, 0x50, 0xfc, 0x5f, 0x80, 0x7f, 0x60,
    0xe, 0xe0, 0xf, 0xc5, 0xf8, 0x1, 0xfc, 0x5,
    0xf8, 0x1, 0xfc, 0x5f, 0x80, 0xb, 0xf3, 0xbf,
    0x20, 0x1f, 0xc5, 0xf8, 0x0, 0x5f, 0xbf, 0xc0,
    0x1, 0xfc, 0x5f, 0x80, 0x0, 0xef, 0xf6, 0x0,
    0x1f, 0xc5, 0xf8, 0x0, 0x9, 0xff, 0x0, 0x1,
    0xfc, 0x5f, 0x80, 0x0, 0x2f, 0xa0, 0x0, 0x1f,
    0xc0,

    /* U+039D "Ν" */
    0x5f, 0xd0, 0x0, 0x0, 0x4, 0xf9, 0x5f, 0xf7,
    0x0, 0x0, 0x4, 0xf9, 0x5f, 0xff, 0x10, 0x0,
    0x4, 0xf9, 0x5f, 0xef, 0xb0, 0x0, 0x4, 0xf9,
    0x5f, 0x8c, 0xf5, 0x0, 0x4, 0xf9, 0x5f, 0x83,
    0xfe, 0x0, 0x4, 0xf9, 0x5f, 0x80, 0x9f, 0x80,
    0x4, 0xf9, 0x5f, 0x80, 0xe, 0xf3, 0x4, 0xf9,
    0x5f, 0x80, 0x5, 0xfc, 0x4, 0xf9, 0x5f, 0x80,
    0x0, 0xbf, 0x64, 0xf9, 0x5f, 0x80, 0x0, 0x2f,
    0xf6, 0xf9, 0x5f, 0x80, 0x0, 0x7, 0xfe, 0xf9,
    0x5f, 0x80, 0x0, 0x0, 0xdf, 0xf9, 0x5f, 0x80,
    0x0, 0x0, 0x3f, 0xf9, 0x5f, 0x80, 0x0, 0x0,
    0x9, 0xf9,

    /* U+039E "Ξ" */
    0xcf, 0xff, 0xff, 0xff, 0xf2, 0x79, 0x99, 0x99,
    0x99, 0x91, 0x0, 0x0, 0x0, 0x0, 0x0, 0x0,
    0x0, 0x0, 0x0, 0x0, 0x0, 0x0, 0x0, 0x0,
    0x0, 0x0, 0x0, 0x0, 0x0, 0x0, 0x9, 0x99,
    0x99, 0x99, 0x30, 0xf, 0xff, 0xff, 0xff, 0x60,
    0x0, 0x0, 0x0, 0x0, 0x0, 0x0, 0x0, 0x0,
    0x0, 0x0, 0x0, 0x0, 0x0, 0x0, 0x0, 0x0,
    0x0, 0x0, 0x0, 0x0, 0x0, 0x0, 0x0, 0x0,
    0x0, 0x79, 0x99, 0x99, 0x99, 0x92, 0xdf, 0xff,
    0xff, 0xff, 0xf5,

    /* U+039F "Ο" */
    0x0, 0x7, 0xcf, 0xfc, 0x50, 0x0, 0x0, 0xcf,
    0xea, 0xbf, 0xf9, 0x0, 0xa, 0xf9, 0x0, 0x1,
    0xbf, 0x60, 0x3f, 0xc0, 0x0, 0x0, 0x1f, 0xe0,
    0x8f, 0x50, 0x0, 0x0, 0x9, 0xf4, 0xbf, 0x20,
    0x0, 0x0, 0x6, 0xf7, 0xdf, 0x0, 0x0, 0x0,
    0x4, 0xf8, 0xdf, 0x0, 0x0, 0x0, 0x4, 0xf9,
    0xdf, 0x0, 0x0, 0x0, 0x4, 0xf8, 0xbf, 0x20,
    0x0, 0x0, 0x6, 0xf7, 0x8f, 0x60, 0x0, 0x0,
    0x9, 0xf4, 0x3f, 0xc0, 0x0, 0x0, 0x1e, 0xe0,
    0xa, 0xf9, 0x0, 0x0, 0xbf, 0x70, 0x1, 0xcf,
    0xea, 0xbf, 0xfa, 0x0, 0x0, 0x7, 0xdf, 0xfc,
    0x50, 0x0,

    /* U+03A0 "Π" */
    0x4f, 0xff, 0xff, 0xff, 0xff, 0xf8, 0x4f, 0xd9,
    0x99, 0x99, 0x9b, 0xf8, 0x4f, 0xa0, 0x0, 0x0,
    0x5, 0xf8, 0x4f, 0xa0, 0x0, 0x0, 0x5, 0xf8,
    0x4f, 0xa0, 0x0, 0x0, 0x5, 0xf8, 0x4f, 0xa0,
    0x0, 0x0, 0x5, 0xf8, 0x4f, 0xa0, 0x0, 0x0,
    0x5, 0xf8, 0x4f, 0xa0, 0x0, 0x0, 0x5, 0xf8,
    0x4f, 0xa0, 0x0, 0x0, 0x5, 0xf8, 0x4f, 0xa0,
    0x0, 0x0, 0x5, 0xf8, 0x4f, 0xa0, 0x0, 0x0,
    0x5, 0xf8, 0x4f, 0xa0, 0x0, 0x0, 0x5, 0xf8,
    0x4f, 0xa0, 0x0, 0x0, 0x5, 0xf8, 0x4f, 0xa0,
    0x0, 0x0, 0x5, 0xf8, 0x4f, 0xa0, 0x0, 0x0,
    0x5, 0xf8,

    /* U+03A1 "Ρ" */
    0x5f, 0xff, 0xff, 0xfc, 0x60, 0x5, 0xfc, 0x99,
    0x9a, 0xef, 0xa0, 0x5f, 0x80, 0x0, 0x1, 0xcf,
    0x55, 0xf8, 0x0, 0x0, 0x4, 0xfb, 0x5f, 0x80,
    0x0, 0x0, 0xf, 0xd5, 0xf8, 0x0, 0x0, 0x1,
    0xfd, 0x5f, 0x80, 0x0, 0x0, 0x6f, 0xa5, 0xf8,
    0x0, 0x1, 0x5f, 0xf3, 0x5f, 0xff, 0xff, 0xff,
    0xf5, 0x5, 0xfc, 0x99, 0x88, 0x61, 0x0, 0x5f,
    0x80, 0x0, 0x0, 0x0, 0x5, 0xf8, 0x0, 0x0,
    0x0, 0x0, 0x5f, 0x80, 0x0, 0x0, 0x0, 0x5,
    0xf8, 0x0, 0x0, 0x0, 0x0, 0x5f, 0x80, 0x0,
    0x0, 0x0, 0x0,

    /* U+03A3 "Σ" */
    0x5f, 0xff, 0xff, 0xff, 0xff, 0x33, 0xff, 0xa9,
    0x99, 0x99, 0x91, 0x7, 0xfb, 0x0, 0x0, 0x0,
    0x0, 0xb, 0xf7, 0x0, 0x0, 0x0, 0x0, 0x1d,
    0xf3, 0x0, 0x0, 0x0, 0x0, 0x3f, 0xe1, 0x0,
    0x0, 0x0, 0x0, 0x6f, 0xb0, 0x0, 0x0, 0x0,
    0x0, 0xdf, 0x40, 0x0, 0x0, 0x0, 0x6f, 0xb0,
    0x0, 0x0, 0x0, 0x3f, 0xe1, 0x0, 0x0, 0x0,
    0x1d, 0xf3, 0x0, 0x0, 0x0, 0xb, 0xf7, 0x0,
    0x0, 0x0, 0x7, 0xfb, 0x0, 0x0, 0x0, 0x3,
    0xff, 0xa9, 0x99, 0x99, 0x96, 0x5f, 0xff, 0xff,
    0xff, 0xff, 0xa0,

    /* U+03A4 "Τ" */
    0x8f, 0xff, 0xff, 0xff, 0xff, 0xf7, 0x49, 0x99,
    0x9f, 0xf9, 0x99, 0x94, 0x0, 0x0, 0xf, 0xe0,
    0x0, 0x0, 0x0, 0x0, 0xf, 0xe0, 0x0, 0x0,
    0x0, 0x0, 0xf, 0xe0, 0x0, 0x0, 0x0, 0x0,
    0xf, 0xe0, 0x0, 0x0, 0x0, 0x0, 0xf, 0xe0,
    0x0, 0x0, 0x0, 0x0, 0xf, 0xe0, 0x0, 0x0,
    0x0, 0x0, 0xf, 0xe0, 0x0, 0x0, 0x0, 0x0,
    0xf, 0xe0, 0x0, 0x0, 0x0, 0x0, 0xf, 0xe0,
    0x0, 0x0, 0x0, 0x0, 0xf, 0xe0, 0x0, 0x0,
    0x0, 0x0, 0xf, 0xe0, 0x0, 0x0, 0x0, 0x0,
    0xf, 0xe0, 0x0, 0x0, 0x0, 0x0, 0xf, 0xe0,
    0x0, 0x0,

    /* U+03A5 "Υ" */
    0x9f, 0x80, 0x0, 0x0, 0x8, 0xf9, 0x1f, 0xf1,
    0x0, 0x0, 0x1f, 0xf1, 0x8, 0xf8, 0x0, 0x0,
    0x8f, 0x80, 0x1, 0xff, 0x10, 0x1, 0xff, 0x10,
    0x0, 0x8f, 0x80, 0x8, 0xf7, 0x0, 0x0, 0xe,
    0xf1, 0x1f, 0xe0, 0x0, 0x0, 0x7, 0xf7, 0x7f,
    0x70, 0x0, 0x0, 0x0, 0xee, 0xee, 0x0, 0x0,
    0x0, 0x0, 0x6f, 0xf6, 0x0, 0x0, 0x0, 0x0,
    0xf, 0xf0, 0x0, 0x0, 0x0, 0x0, 0xf, 0xf0,
    0x0, 0x0, 0x0, 0x0, 0xf, 0xf0, 0x0, 0x0,
    0x0, 0x0, 0xf, 0xf0, 0x0, 0x0, 0x0, 0x0,
    0xf, 0xf0, 0x0, 0x0, 0x0, 0x0, 0xf, 0xf0,
    0x0, 0x0,

    /* U+03A6 "Φ" */
    0x0, 0x0, 0x0, 0xcf, 0x20, 0x0, 0x0, 0x0,
    0x0, 0x0, 0xcf, 0x20, 0x0, 0x0, 0x0, 0x0,
    0x58, 0xef, 0x96, 0x20, 0x0, 0x0, 0x4e, 0xff,
    0xff, 0xff, 0xf9, 0x0, 0x3, 0xfe, 0x51, 0xcf,
    0x23, 0xbf, 0x90, 0xc, 0xf3, 0x0, 0xcf, 0x20,
    0xd, 0xf2, 0x1f, 0xc0, 0x0, 0xcf, 0x20, 0x6,
    0xf7, 0x3f, 0xa0, 0x0, 0xcf, 0x20, 0x4, 0xf9,
    0x2f, 0xb0, 0x0, 0xcf, 0x20, 0x5, 0xf8, 0xf,
    0xe0, 0x0, 0xcf, 0x20, 0x9, 0xf5, 0x8, 0xfa,
    0x0, 0xcf, 0x20, 0x4f, 0xd0, 0x0, 0xbf, 0xeb,
    0xef, 0xac, 0xfe, 0x20, 0x0, 0x6, 0xcf, 0xff,
    0xfd, 0x81, 0x0, 0x0, 0x0, 0x0, 0xcf, 0x20,
    0x0, 0x0, 0x0, 0x0, 0x0, 0xcf, 0x20, 0x0,
    0x0,

    /* U+03A7 "Χ" */
    0x1e, 0xf2, 0x0, 0x0, 0x9, 0xf9, 0x0, 0x6f,
    0xc0, 0x0, 0x3, 0xfe, 0x10, 0x0, 0xcf, 0x50,
    0x0, 0xcf, 0x60, 0x0, 0x3, 0xfe, 0x0, 0x5f,
    0xc0, 0x0, 0x0, 0x9, 0xf8, 0xe, 0xf3, 0x0,
    0x0, 0x0, 0x1e, 0xfa, 0xf9, 0x0, 0x0, 0x0,
    0x0, 0x6f, 0xfe, 0x0, 0x0, 0x0, 0x0, 0x0,
    0xff, 0x80, 0x0, 0x0, 0x0, 0x0, 0x7f, 0xff,
    0x10, 0x0, 0x0, 0x0, 0x2f, 0xf9, 0xfa, 0x0,
    0x0, 0x0, 0xb, 0xf7, 0xd, 0xf4, 0x0, 0x0,
    0x4, 0xfd, 0x0, 0x4f, 0xd0, 0x0, 0x0, 0xef,
    0x40, 0x0, 0xbf, 0x70, 0x0, 0x8f, 0xa0, 0x0,
    0x2, 0xff, 0x20, 0x2f, 0xf1, 0x0, 0x0, 0x8,
    0xfb, 0x0,

    /* U+03A8 "Ψ" */
    0x2f, 0xc0, 0x2, 0xfb, 0x0, 0x1f, 0xd2, 0xfc,
    0x0, 0x2f, 0xb0, 0x1, 0xfd, 0x2f, 0xc0, 0x2,
    0xfb, 0x0, 0x1f, 0xd2, 0xfc, 0x0, 0x2f, 0xb0,
    0x1, 0xfd, 0x2f, 0xc0, 0x2, 0xfb, 0x0, 0x1f,
    0xd1, 0xfc, 0x0, 0x2f, 0xb0, 0x1, 0xfd, 0xf,
    0xe0, 0x2, 0xfb, 0x0, 0x3f, 0xb0, 0xdf, 0x30,
    0x2f, 0xb0, 0x8, 0xf8, 0x6, 0xfc, 0x12, 0xfb,
    0x3, 0xff, 0x20, 0xb, 0xfe, 0x9f, 0xda, 0xff,
    0x60, 0x0, 0x7, 0xef, 0xff, 0xfc, 0x40, 0x0,
    0x0, 0x0, 0x5f, 0xc1, 0x0, 0x0, 0x0, 0x0,
    0x2, 0xfb, 0x0, 0x0, 0x0, 0x0, 0x0, 0x2f,
    0xb0, 0x0, 0x0, 0x0, 0x0, 0x2, 0xfb, 0x0,
    0x0, 0x0,

    /* U+03A9 "Ω" */
    0x0, 0x19, 0xef, 0xe9, 0x20, 0x0, 0x2e, 0xfc,
    0x9b, 0xff, 0x30, 0xd, 0xf4, 0x0, 0x4, 0xfe,
    0x5, 0xf9, 0x0, 0x0, 0x7, 0xf7, 0xaf, 0x30,
    0x0, 0x0, 0x2f, 0xcd, 0xf1, 0x0, 0x0, 0x0,
    0xfe, 0xef, 0x0, 0x0, 0x0, 0xe, 0xfe, 0xf0,
    0x0, 0x0, 0x0, 0xef, 0xdf, 0x0, 0x0, 0x0,
    0xf, 0xea, 0xf2, 0x0, 0x0, 0x0, 0xfc, 0x6f,
    0x50, 0x0, 0x0, 0x4f, 0x70, 0xec, 0x0, 0x0,
    0xa, 0xf1, 0x6, 0xf7, 0x0, 0x5, 0xf8, 0x7,
    0x9e, 0xfc, 0x9, 0xff, 0x98, 0xdf, 0xff, 0xf0,
    0xcf, 0xff, 0xe0,

    /* U+03AA "Ϊ" */
    0x3f, 0x70, 0x1e, 0xa4, 0xf8, 0x1, 0xfc, 0x0,
    0x0, 0x0, 0x0, 0x3, 0xfa, 0x0, 0x0, 0x3f,
    0xa0, 0x0, 0x3, 0xfa, 0x0, 0x0, 0x3f, 0xa0,
    0x0, 0x3, 0xfa, 0x0, 0x0, 0x3f, 0xa0, 0x0,
    0x3, 0xfa, 0x0, 0x0, 0x3f, 0xa0, 0x0, 0x3,
    0xfa, 0x0, 0x0, 0x3f, 0xa0, 0x0, 0x3, 0xfa,
    0x0, 0x0, 0x3f, 0xa0, 0x0, 0x3, 0xfa, 0x0,
    0x0, 0x3f, 0xa0, 0x0, 0x3, 0xfa, 0x0,

    /* U+03AB "Ϋ" */
    0x0, 0xd, 0xc0, 0xa, 0xe1, 0x0, 0x0, 0xe,
    0xd0, 0xc, 0xf1, 0x0, 0x0, 0x0, 0x0, 0x0,
    0x0, 0x0, 0x9f, 0x80, 0x0, 0x0, 0x8, 0xf9,
    0x1f, 0xf1, 0x0, 0x0, 0x1f, 0xf1, 0x8, 0xf8,
    0x0, 0x0, 0x8f, 0x80, 0x1, 0xff, 0x10, 0x1,
    0xff, 0x10, 0x0, 0x8f, 0x80, 0x8, 0xf7, 0x0,
    0x0, 0xe, 0xf1, 0x1f, 0xe0, 0x0, 0x0, 0x7,
    0xf7, 0x7f, 0x70, 0x0, 0x0, 0x0, 0xee, 0xee,
    0x0, 0x0, 0x0, 0x0, 0x6f, 0xf6, 0x0, 0x0,
    0x0, 0x0, 0xf, 0xf0, 0x0, 0x0, 0x0, 0x0,
    0xf, 0xf0, 0x0, 0x0, 0x0, 0x0, 0xf, 0xf0,
    0x0, 0x0, 0x0, 0x0, 0xf, 0xf0, 0x0, 0x0,
    0x0, 0x0, 0xf, 0xf0, 0x0, 0x0, 0x0, 0x0,
    0xf, 0xf0, 0x0, 0x0,

    /* U+03AC "ά" */
    0x0, 0x0, 0x1, 0xf8, 0x0, 0x0, 0x0, 0x0,
    0x4, 0xf2, 0x0, 0x0, 0x0, 0x0, 0x6, 0xd0,
    0x0, 0x0, 0x0, 0x0, 0x3, 0x30, 0x0, 0x0,
    0x0, 0x0, 0x0, 0x0, 0x0, 0x0, 0x0, 0x1a,
    0xef, 0xb2, 0xcd, 0x0, 0x0, 0xdf, 0xc8, 0xbe,
    0xed, 0x0, 0x6, 0xf9, 0x0, 0x8, 0xfd, 0x0,
    0xc, 0xf2, 0x0, 0x0, 0xfd, 0x0, 0xe, 0xe0,
    0x0, 0x0, 0xfd, 0x0, 0xf, 0xd0, 0x0, 0x0,
    0xfd, 0x0, 0xf, 0xe0, 0x0, 0x0, 0xfd, 0x0,
    0xd, 0xf1, 0x0, 0x0, 0xfd, 0x0, 0x8, 0xf9,
    0x0, 0xa, 0xfe, 0x0, 0x1, 0xef, 0xda, 0xde,
    0xdf, 0xb0, 0x0, 0x2a, 0xff, 0xb2, 0x4e, 0xe1,

    /* U+03AD "έ" */
    0x0, 0x0, 0xd, 0xc0, 0x0, 0x0, 0x0, 0xf,
    0x60, 0x0, 0x0, 0x0, 0x2f, 0x10, 0x0, 0x0,
    0x0, 0x14, 0x0, 0x0, 0x0, 0x0, 0x0, 0x0,
    0x0, 0x0, 0x4b, 0xef, 0xd8, 0x10, 0x6, 0xfe,
    0x98, 0xbf, 0xe2, 0xc, 0xf2, 0x0, 0x6, 0xf8,
    0xb, 0xf1, 0x0, 0x0, 0x10, 0x3, 0xee, 0x98,
    0x82, 0x0, 0x0, 0xaf, 0xff, 0xf4, 0x0, 0xb,
    0xf6, 0x10, 0x0, 0x0, 0xf, 0xd0, 0x0, 0x0,
    0x65, 0xe, 0xf2, 0x0, 0x6, 0xfa, 0x6, 0xff,
    0x98, 0xbf, 0xe2, 0x0, 0x4b, 0xef, 0xe9, 0x20,

    /* U+03AE "ή" */
    0x0, 0x0, 0x9f, 0x0, 0x0, 0x0, 0xb, 0xb0,
    0x0, 0x0, 0x0, 0xe5, 0x0, 0x0, 0x0, 0x5,
    0x0, 0x0, 0x0, 0x0, 0x0, 0x0, 0x9, 0xf2,
    0x9e, 0xfc, 0x50, 0x9f, 0xe9, 0x57, 0xef, 0x59,
    0xf8, 0x0, 0x3, 0xfb, 0x9f, 0x30, 0x0, 0xf,
    0xd9, 0xf3, 0x0, 0x0, 0xfd, 0x9f, 0x30, 0x0,
    0xf, 0xd9, 0xf3, 0x0, 0x0, 0xfd, 0x9f, 0x30,
    0x0, 0xf, 0xd9, 0xf3, 0x0, 0x0, 0xfd, 0x9f,
    0x30, 0x0, 0xf, 0xd9, 0xf3, 0x0, 0x0, 0xfd,
    0x0, 0x0, 0x0, 0xf, 0xd0, 0x0, 0x0, 0x0,
    0xfd, 0x0, 0x0, 0x0, 0xf, 0xd0, 0x0, 0x0,
    0x0, 0xfd,

    /* U+03AF "ί" */
    0x5, 0xf4, 0x0, 0x8e, 0x0, 0xa, 0x90, 0x0,
    0x41, 0x0, 0x0, 0x0, 0x1, 0xfb, 0x0, 0x1f,
    0xb0, 0x1, 0xfb, 0x0, 0x1f, 0xb0, 0x1, 0xfb,
    0x0, 0x1f, 0xb0, 0x1, 0xfb, 0x0, 0x1f, 0xb0,
    0x0, 0xfc, 0x0, 0xd, 0xfb, 0x70, 0x3d, 0xfa,

    /* U+03B0 "ΰ" */
    0x0, 0x0, 0xa7, 0x0, 0x0, 0x0, 0x2f, 0x70,
    0x0, 0x5f, 0x55, 0xf1, 0xcd, 0x6, 0xf6, 0x0,
    0xd, 0xe0, 0x0, 0x0, 0x0, 0x0, 0x0, 0x0,
    0x0, 0x0, 0x0, 0x9f, 0x30, 0x0, 0xef, 0x9,
    0xf3, 0x0, 0x9, 0xf5, 0x9f, 0x30, 0x0, 0x4f,
    0x99, 0xf3, 0x0, 0x1, 0xfc, 0x9f, 0x30, 0x0,
    0xf, 0xd9, 0xf3, 0x0, 0x0, 0xee, 0x9f, 0x30,
    0x0, 0x1f, 0xc8, 0xf5, 0x0, 0x5, 0xf8, 0x5f,
    0xa0, 0x1, 0xef, 0x20, 0xdf, 0xb9, 0xef, 0x80,
    0x1, 0xae, 0xfd, 0x60, 0x0,

    /* U+03B1 "α" */
    0x0, 0x1a, 0xef, 0xb2, 0xcd, 0x0, 0x0, 0xdf,
    0xc8, 0xbe, 0xed, 0x0, 0x6, 0xf9, 0x0, 0x8,
    0xfd, 0x0, 0xc, 0xf2, 0x0, 0x0, 0xfd, 0x0,
    0xe, 0xe0, 0x0, 0x0, 0xfd, 0x0, 0xf, 0xd0,
    0x0, 0x0, 0xfd, 0x0, 0xf, 0xe0, 0x0, 0x0,
    0xfd, 0x0, 0xd, 0xf1, 0x0, 0x0, 0xfd, 0x0,
    0x8, 0xf9, 0x0, 0xa, 0xfe, 0x0, 0x1, 0xef,
    0xda, 0xde, 0xdf, 0xb0, 0x0, 0x2a, 0xff, 0xb2,
    0x4e, 0xe1,

    /* U+03B2 "β" */
    0x0, 0x4c, 0xff, 0xb3, 0x0, 0x6, 0xfe, 0x9a,
    0xff, 0x30, 0x1f, 0xe1, 0x0, 0x3f, 0xc0, 0x5f,
    0x70, 0x0, 0xc, 0xf0, 0x6f, 0x60, 0x0, 0xc,
    0xf0, 0x6f, 0x60, 0x0, 0x2f, 0xc0, 0x6f, 0x60,
    0x79, 0xee, 0x20, 0x6f, 0x60, 0xff, 0xfc, 0x20,
    0x6f, 0x60, 0x0, 0x4e, 0xe1, 0x6f, 0x60, 0x0,
    0x5, 0xf8, 0x6f, 0x60, 0x0, 0x1, 0xfb, 0x6f,
    0x60, 0x0, 0x2, 0xfb, 0x6f, 0x90, 0x0, 0xa,
    0xf6, 0x6f, 0xfd, 0x99, 0xdf, 0xc0, 0x6f, 0x8a,
    0xef, 0xd8, 0x0, 0x6f, 0x60, 0x0, 0x0, 0x0,
    0x6f, 0x60, 0x0, 0x0, 0x0, 0x6f, 0x60, 0x0,
    0x0, 0x0, 0x6f, 0x60, 0x0, 0x0, 0x0,

    /* U+03B3 "γ" */
    0x5f, 0x70, 0x0, 0x5, 0xf8, 0xf, 0xd0, 0x0,
    0xa, 0xf2, 0xa, 0xf2, 0x0, 0xf, 0xc0, 0x4,
    0xf8, 0x0, 0x5f, 0x60, 0x0, 0xed, 0x0, 0xbf,
    0x10, 0x0, 0x8f, 0x30, 0xfb, 0x0, 0x0, 0x2f,
    0x95, 0xf5, 0x0, 0x0, 0xd, 0xeb, 0xf0, 0x0,
    0x0, 0x7, 0xff, 0x90, 0x0, 0x0, 0x1, 0xff,
    0x40, 0x0, 0x0, 0x0, 0xdf, 0x0, 0x0, 0x0,
    0x0, 0xdf, 0x0, 0x0, 0x0, 0x0, 0xdf, 0x0,
    0x0, 0x0, 0x0, 0xdf, 0x0, 0x0, 0x0, 0x0,
    0xdf, 0x0, 0x0,

    /* U+03B4 "δ" */
    0x0, 0x6, 0xcf, 0xec, 0x40, 0x0, 0x6, 0xfe,
    0x9a, 0xd8, 0x0, 0x0, 0xbf, 0x20, 0x0, 0x0,
    0x0, 0xc, 0xf3, 0x0, 0x0, 0x0, 0x0, 0x5f,
    0xf8, 0x10, 0x0, 0x0, 0x0, 0x5f, 0xff, 0x90,
    0x0, 0x0, 0x4e, 0xda, 0xef, 0xc1, 0x0, 0x2f,
    0xb0, 0x0, 0xbf, 0x90, 0xa, 0xf2, 0x0, 0x0,
    0xef, 0x10, 0xee, 0x0, 0x0, 0x9, 0xf4, 0xf,
    0xc0, 0x0, 0x0, 0x7f, 0x60, 0xfd, 0x0, 0x0,
    0x8, 0xf5, 0xc, 0xf1, 0x0, 0x0, 0xcf, 0x20,
    0x6f, 0x90, 0x0, 0x4f, 0xb0, 0x0, 0xbf, 0xc8,
    0xaf, 0xe2, 0x0, 0x0, 0x7d, 0xfe, 0xa2, 0x0,

    /* U+03B5 "ε" */
    0x0, 0x4b, 0xef, 0xd8, 0x10, 0x6, 0xfe, 0x98,
    0xbf, 0xe2, 0xc, 0xf2, 0x0, 0x6, 0xf8, 0xb,
    0xf1, 0x0, 0x0, 0x10, 0x3, 0xee, 0x98, 0x82,
    0x0, 0x0, 0xaf, 0xff, 0xf4, 0x0, 0xb, 0xf6,
    0x10, 0x0, 0x0, 0xf, 0xd0, 0x0, 0x0, 0x65,
    0xe, 0xf2, 0x0, 0x6, 0xfa, 0x6, 0xff, 0x98,
    0xbf, 0xe2, 0x0, 0x4b, 0xef, 0xe9, 0x20,

    /* U+03B6 "ζ" */
    0xff, 0xff, 0xff, 0xff, 0x67, 0x88, 0x88, 0x8f,
    0xf3, 0x0, 0x0, 0x8, 0xf6, 0x0, 0x0, 0x6,
    0xf9, 0x0, 0x0, 0x4, 0xfb, 0x0, 0x0, 0x1,
    0xee, 0x10, 0x0, 0x0, 0xbf, 0x30, 0x0, 0x0,
    0x4f, 0x80, 0x0, 0x0, 0xa, 0xf1, 0x0, 0x0,
    0x0, 0xfc, 0x0, 0x0, 0x0, 0x1f, 0xa0, 0x0,
    0x0, 0x1, 0xfc, 0x0, 0x0, 0x0, 0xc, 0xf8,
    0x10, 0x0, 0x0, 0x2d, 0xff, 0xc7, 0x10, 0x0,
    0x3, 0x8e, 0xfc, 0x0, 0x0, 0x0, 0xd, 0xf0,
    0x0, 0x0, 0x1, 0xfa, 0x0, 0x0, 0x0, 0x7e,
    0x20, 0x0, 0x0, 0x0, 0x20, 0x0,

    /* U+03B7 "η" */
    0x9f, 0x29, 0xef, 0xc5, 0x9, 0xfe, 0x95, 0x7e,
    0xf5, 0x9f, 0x80, 0x0, 0x3f, 0xb9, 0xf3, 0x0,
    0x0, 0xfd, 0x9f, 0x30, 0x0, 0xf, 0xd9, 0xf3,
    0x0, 0x0, 0xfd, 0x9f, 0x30, 0x0, 0xf, 0xd9,
    0xf3, 0x0, 0x0, 0xfd, 0x9f, 0x30, 0x0, 0xf,
    0xd9, 0xf3, 0x0, 0x0, 0xfd, 0x9f, 0x30, 0x0,
    0xf, 0xd0, 0x0, 0x0, 0x0, 0xfd, 0x0, 0x0,
    0x0, 0xf, 0xd0, 0x0, 0x0, 0x0, 0xfd, 0x0,
    0x0, 0x0, 0xf, 0xd0,

    /* U+03B8 "θ" */
    0x0, 0x6d, 0xfe, 0x91, 0x0, 0x7, 0xfd, 0x8b,
    0xfd, 0x0, 0x1f, 0xd0, 0x0, 0x8f, 0x70, 0x7f,
    0x60, 0x0, 0xf, 0xd0, 0xaf, 0x20, 0x0, 0xc,
    0xf0, 0xcf, 0x0, 0x0, 0xa, 0xf1, 0xcf, 0x0,
    0x0, 0xa, 0xf2, 0xcf, 0xff, 0xff, 0xff, 0xf2,
    0xcf, 0x88, 0x88, 0x8d, 0xf2, 0xbf, 0x10, 0x0,
    0xa, 0xf1, 0xaf, 0x20, 0x0, 0xc, 0xf0, 0x6f,
    0x60, 0x0, 0xf, 0xc0, 0x1f, 0xd0, 0x0, 0x7f,
    0x70, 0x7, 0xfd, 0x8a, 0xfc, 0x0, 0x0, 0x5c,
    0xfe, 0x91, 0x0,

    /* U+03B9 "ι" */
    0x1f, 0xb0, 0x1, 0xfb, 0x0, 0x1f, 0xb0, 0x1,
    0xfb, 0x0, 0x1f, 0xb0, 0x1, 0xfb, 0x0, 0x1f,
    0xb0, 0x1, 0xfb, 0x0, 0xf, 0xc0, 0x0, 0xdf,
    0xb7, 0x3, 0xdf, 0xa0,

    /* U+03BA "κ" */
    0x7f, 0x50, 0x0, 0x4f, 0xd0, 0x7f, 0x50, 0x2,
    0xef, 0x20, 0x7f, 0x50, 0xc, 0xf5, 0x0, 0x7f,
    0x50, 0x9f, 0x80, 0x0, 0x7f, 0x56, 0xfb, 0x0,
    0x0, 0x7f, 0xff, 0xf1, 0x0, 0x0, 0x7f, 0xbc,
    0xf9, 0x0, 0x0, 0x7f, 0x50, 0xcf, 0x80, 0x0,
    0x7f, 0x50, 0x1d, 0xf6, 0x0, 0x7f, 0x50, 0x1,
    0xef, 0x40, 0x7f, 0x50, 0x0, 0x2e, 0xf3,

    /* U+03BB "λ" */
    0x5, 0xfd, 0x30, 0x0, 0x0, 0x0, 0x3a, 0xfe,
    0x0, 0x0, 0x0, 0x0, 0xc, 0xf5, 0x0, 0x0,
    0x0, 0x0, 0x5f, 0xb0, 0x0, 0x0, 0x0, 0x0,
    0xef, 0x10, 0x0, 0x0, 0x0, 0x1f, 0xf7, 0x0,
    0x0, 0x0, 0x6, 0xff, 0xd0, 0x0, 0x0, 0x0,
    0xcf, 0xcf, 0x30, 0x0, 0x0, 0x2f, 0xb5, 0xfa,
    0x0, 0x0, 0x8, 0xf5, 0xe, 0xf0, 0x0, 0x0,
    0xef, 0x0, 0x8f, 0x60, 0x0, 0x4f, 0xa0, 0x2,
    0xfc, 0x0, 0xb, 0xf4, 0x0, 0xc, 0xf3, 0x1,
    0xfe, 0x0, 0x0, 0x5f, 0xe5, 0x7f, 0x80, 0x0,
    0x0, 0xaf, 0x80,

    /* U+03BC "μ" */
    0x7f, 0x50, 0x0, 0xf, 0xd7, 0xf5, 0x0, 0x0,
    0xfd, 0x7f, 0x50, 0x0, 0xf, 0xd7, 0xf5, 0x0,
    0x0, 0xfd, 0x7f, 0x50, 0x0, 0xf, 0xd7, 0xf5,
    0x0, 0x0, 0xfd, 0x7f, 0x50, 0x0, 0xf, 0xd7,
    0xf6, 0x0, 0x0, 0xfd, 0x7f, 0xb0, 0x0, 0x5f,
    0xd7, 0xff, 0xc8, 0xaf, 0xfd, 0x7f, 0xad, 0xfd,
    0x4d, 0xd7, 0xf5, 0x0, 0x0, 0x0, 0x7f, 0x50,
    0x0, 0x0, 0x7, 0xf5, 0x0, 0x0, 0x0, 0x7f,
    0x50, 0x0, 0x0, 0x0,

    /* U+03BD "ν" */
    0x8f, 0x50, 0x0, 0xa, 0xf2, 0x2f, 0xa0, 0x0,
    0xf, 0xc0, 0xc, 0xf0, 0x0, 0x4f, 0x70, 0x7,
    0xf4, 0x0, 0x9f, 0x10, 0x1, 0xf9, 0x0, 0xec,
    0x0, 0x0, 0xce, 0x3, 0xf6, 0x0, 0x0, 0x6f,
    0x38, 0xf1, 0x0, 0x0, 0x1f, 0x9d, 0xb0, 0x0,
    0x0, 0xb, 0xff, 0x60, 0x0, 0x0, 0x5, 0xff,
    0x10, 0x0, 0x0, 0x0, 0xfb, 0x0, 0x0,

    /* U+03BE "ξ" */
    0x0, 0x5c, 0xef, 0xe9, 0x0, 0xbf, 0xe9, 0x8a,
    0x80, 0x3f, 0xc0, 0x0, 0x0, 0x5, 0xf7, 0x0,
    0x0, 0x0, 0x1f, 0xd0, 0x0, 0x0, 0x0, 0x4e,
    0xea, 0x88, 0x0, 0x1, 0x8f, 0xff, 0xf0, 0x1,
    0xde, 0x62, 0x0, 0x0, 0x9f, 0x40, 0x0, 0x0,
    0xe, 0xe0, 0x0, 0x0, 0x0, 0xfd, 0x0, 0x0,
    0x0, 0xd, 0xf2, 0x0, 0x0, 0x0, 0x7f, 0xd3,
    0x0, 0x0, 0x0, 0x7f, 0xfc, 0x83, 0x0, 0x0,
    0x17, 0xbf, 0xfb, 0x0, 0x0, 0x0, 0x1c, 0xf1,
    0x0, 0x0, 0x0, 0xbe, 0x0, 0x0, 0x0, 0x5f,
    0x60, 0x0, 0x0, 0x0, 0x50, 0x0,

    /* U+03BF "ο" */
    0x0, 0x7, 0xdf, 0xea, 0x20, 0x0, 0xb, 0xfc,
    0x8a, 0xff, 0x30, 0x6, 0xfa, 0x0, 0x3, 0xfd,
    0x0, 0xdf, 0x10, 0x0, 0xa, 0xf3, 0xf, 0xd0,
    0x0, 0x0, 0x6f, 0x71, 0xfb, 0x0, 0x0, 0x5,
    0xf8, 0xf, 0xd0, 0x0, 0x0, 0x6f, 0x70, 0xdf,
    0x10, 0x0, 0xa, 0xf3, 0x6, 0xf9, 0x0, 0x3,
    0xfd, 0x0, 0xb, 0xfc, 0x8a, 0xff, 0x30, 0x0,
    0x7, 0xdf, 0xea, 0x20, 0x0,

    /* U+03C0 "π" */
    0x9f, 0xff, 0xff, 0xff, 0xff, 0xf1, 0x58, 0xff,
    0x88, 0x8a, 0xfc, 0x80, 0x0, 0xfe, 0x0, 0x3,
    0xf9, 0x0, 0x0, 0xfe, 0x0, 0x3, 0xf9, 0x0,
    0x0, 0xfe, 0x0, 0x3, 0xf9, 0x0, 0x0, 0xfe,
    0x0, 0x3, 0xf9, 0x0, 0x0, 0xfe, 0x0, 0x3,
    0xf9, 0x0, 0x0, 0xfe, 0x0, 0x3, 0xf9, 0x0,
    0x0, 0xfe, 0x0, 0x2, 0xfa, 0x0, 0x0, 0xfe,
    0x0, 0x0, 0xff, 0xa6, 0x0, 0xfe, 0x0, 0x0,
    0x4d, 0xf8,

    /* U+03C1 "ρ" */
    0x0, 0x4c, 0xfe, 0xa2, 0x0, 0x6, 0xfe, 0x9a,
    0xfe, 0x20, 0x1f, 0xe1, 0x0, 0x5f, 0xa0, 0x6f,
    0x80, 0x0, 0xd, 0xf0, 0x8f, 0x50, 0x0, 0x9,
    0xf3, 0x9f, 0x40, 0x0, 0x8, 0xf4, 0x9f, 0x40,
    0x0, 0x9, 0xf4, 0x9f, 0x40, 0x0, 0xc, 0xf2,
    0x9f, 0x90, 0x0, 0x4f, 0xd0, 0x9f, 0xfc, 0x8a,
    0xff, 0x40, 0x9f, 0x5a, 0xef, 0xc4, 0x0, 0x9f,
    0x30, 0x0, 0x0, 0x0, 0x9f, 0x30, 0x0, 0x0,
    0x0, 0x9f, 0x30, 0x0, 0x0, 0x0, 0x9f, 0x30,
    0x0, 0x0, 0x0,

    /* U+03C2 "ς" */
    0x0, 0x7, 0xdf, 0xe9, 0x10, 0x0, 0xaf, 0xc8,
    0xbf, 0xd0, 0x5, 0xfa, 0x0, 0x7, 0xf7, 0xb,
    0xf2, 0x0, 0x1, 0xfa, 0xf, 0xe0, 0x0, 0x0,
    0x0, 0xf, 0xc0, 0x0, 0x0, 0x0, 0xf, 0xe0,
    0x0, 0x0, 0x0, 0xc, 0xf4, 0x0, 0x0, 0x0,
    0x5, 0xfe, 0x30, 0x0, 0x0, 0x0, 0x8f, 0xfb,
    0x61, 0x0, 0x0, 0x3, 0xbf, 0xff, 0x60, 0x0,
    0x0, 0x0, 0x5f, 0xe0, 0x0, 0x0, 0x0, 0xd,
    0xd0, 0x0, 0x0, 0x0, 0x5f, 0x50, 0x0, 0x0,
    0x0, 0x38, 0x0,

    /* U+03C3 "σ" */
    0x0, 0x8, 0xdf, 0xff, 0xff, 0xf3, 0x0, 0xbf,
    0xc8, 0xaf, 0xd8, 0x81, 0x6, 0xf9, 0x0, 0x4,
    0xf6, 0x0, 0xc, 0xf1, 0x0, 0x0, 0xce, 0x0,
    0xf, 0xd0, 0x0, 0x0, 0x8f, 0x40, 0xf, 0xc0,
    0x0, 0x0, 0x7f, 0x50, 0xf, 0xd0, 0x0, 0x0,
    0x8f, 0x50, 0xc, 0xf2, 0x0, 0x0, 0xcf, 0x20,
    0x5, 0xf9, 0x0, 0x4, 0xfb, 0x0, 0x0, 0xbf,
    0xc8, 0xaf, 0xe2, 0x0, 0x0, 0x7, 0xdf, 0xe9,
    0x10, 0x0,

    /* U+03C4 "τ" */
    0x3f, 0xff, 0xff, 0xff, 0xfa, 0x18, 0x88, 0xef,
    0x88, 0x85, 0x0, 0x0, 0xdf, 0x0, 0x0, 0x0,
    0x0, 0xdf, 0x0, 0x0, 0x0, 0x0, 0xdf, 0x0,
    0x0, 0x0, 0x0, 0xdf, 0x0, 0x0, 0x0, 0x0,
    0xdf, 0x0, 0x0, 0x0, 0x0, 0xdf, 0x0, 0x0,
    0x0, 0x0, 0xcf, 0x0, 0x0, 0x0, 0x0, 0x9f,
    0xca, 0x0, 0x0, 0x0, 0x1b, 0xfd, 0x20,

    /* U+03C5 "υ" */
    0x9f, 0x30, 0x0, 0xef, 0x9, 0xf3, 0x0, 0x9,
    0xf5, 0x9f, 0x30, 0x0, 0x4f, 0x99, 0xf3, 0x0,
    0x1, 0xfc, 0x9f, 0x30, 0x0, 0xf, 0xd9, 0xf3,
    0x0, 0x0, 0xee, 0x9f, 0x30, 0x0, 0x1f, 0xc8,
    0xf5, 0x0, 0x5, 0xf8, 0x5f, 0xa0, 0x1, 0xef,
    0x20, 0xdf, 0xb9, 0xef, 0x80, 0x1, 0xae, 0xfd,
    0x60, 0x0,

    /* U+03C6 "φ" */
    0x0, 0x4a, 0x0, 0x2c, 0xfd, 0x70, 0x0, 0x2,
    0xff, 0x20, 0xcf, 0x9b, 0xfb, 0x0, 0x9, 0xf6,
    0x0, 0xee, 0x0, 0x8f, 0x80, 0xf, 0xf0, 0x0,
    0xfe, 0x0, 0xe, 0xe0, 0x1f, 0xc0, 0x0, 0xfe,
    0x0, 0xb, 0xf2, 0x1f, 0xb0, 0x0, 0xfe, 0x0,
    0x9, 0xf3, 0xf, 0xe0, 0x0, 0xfe, 0x0, 0xc,
    0xf2, 0xb, 0xf4, 0x0, 0xfe, 0x0, 0x2f, 0xd0,
    0x3, 0xfe, 0x20, 0xfe, 0x2, 0xdf, 0x50, 0x0,
    0x7f, 0xfb, 0xff, 0xbf, 0xf9, 0x0, 0x0, 0x3,
    0x9d, 0xff, 0xda, 0x30, 0x0, 0x0, 0x0, 0x0,
    0xfe, 0x0, 0x0, 0x0, 0x0, 0x0, 0x0, 0xfe,
    0x0, 0x0, 0x0, 0x0, 0x0, 0x0, 0xfe, 0x0,
    0x0, 0x0, 0x0, 0x0, 0x0, 0xfe, 0x0, 0x0,
    0x0, 0x0, 0x0, 0x0, 0x77, 0x0, 0x0, 0x0,

    /* U+03C7 "χ" */
    0x1f, 0xe5, 0x0, 0x0, 0xde, 0x0, 0x19, 0xef,
    0x30, 0x5, 0xf8, 0x0, 0x0, 0x2f, 0xb0, 0xc,
    0xf1, 0x0, 0x0, 0xa, 0xf2, 0x4f, 0x80, 0x0,
    0x0, 0x3, 0xf9, 0xbf, 0x10, 0x0, 0x0, 0x0,
    0xbf, 0xf9, 0x0, 0x0, 0x0, 0x0, 0x4f, 0xf2,
    0x0, 0x0, 0x0, 0x0, 0x3f, 0xe0, 0x0, 0x0,
    0x0, 0x0, 0xbf, 0xf5, 0x0, 0x0, 0x0, 0x2,
    0xfb, 0xfc, 0x0, 0x0, 0x0, 0xa, 0xf3, 0x9f,
    0x30, 0x0, 0x0, 0x2f, 0xb0, 0x2f, 0xa0, 0x0,
    0x0, 0xaf, 0x40, 0xb, 0xf3, 0x0, 0x1, 0xfc,
    0x0, 0x3, 0xfe, 0xa0, 0x9, 0xf5, 0x0, 0x0,
    0x6e, 0xb0,

    /* U+03C8 "ψ" */
    0x1f, 0xc0, 0x0, 0xfc, 0x0, 0xbf, 0x30, 0x1f,
    0xc0, 0x0, 0xfc, 0x0, 0x5f, 0x90, 0x1f, 0xc0,
    0x0, 0xfc, 0x0, 0xf, 0xd0, 0x1f, 0xc0, 0x0,
    0xfc, 0x0, 0xd, 0xf0, 0xf, 0xc0, 0x0, 0xfc,
    0x0, 0xb, 0xf1, 0xf, 0xc0, 0x0, 0xfc, 0x0,
    0xb, 0xf1, 0xe, 0xe0, 0x0, 0xfc, 0x0, 0xe,
    0xf0, 0xa, 0xf4, 0x0, 0xfc, 0x0, 0x4f, 0xb0,
    0x3, 0xfe, 0x30, 0xfc, 0x3, 0xef, 0x40, 0x0,
    0x6f, 0xfb, 0xfe, 0xcf, 0xf7, 0x0, 0x0, 0x3,
    0xad, 0xff, 0xd9, 0x20, 0x0, 0x0, 0x0, 0x0,
    0xfc, 0x0, 0x0, 0x0, 0x0, 0x0, 0x0, 0xfc,
    0x0, 0x0, 0x0, 0x0, 0x0, 0x0, 0xfc, 0x0,
    0x0, 0x0, 0x0, 0x0, 0x0, 0xfc, 0x0, 0x0,
    0x0, 0x0, 0x0, 0x0, 0x86, 0x0, 0x0, 0x0,

    /* U+03C9 "ω" */
    0xb, 0xf3, 0x0, 0x0, 0x0, 0xc, 0xf2, 0x2,
    0xfc, 0x0, 0x0, 0x0, 0x0, 0x5f, 0x90, 0x7f,
    0x70, 0x0, 0x0, 0x0, 0x0, 0xfe, 0xa, 0xf3,
    0x0, 0x9, 0xe1, 0x0, 0xc, 0xf1, 0xcf, 0x10,
    0x0, 0xbf, 0x20, 0x0, 0xaf, 0x3c, 0xf0, 0x0,
    0xb, 0xf2, 0x0, 0x9, 0xf3, 0xbf, 0x10, 0x0,
    0xbf, 0x20, 0x0, 0xaf, 0x28, 0xf4, 0x0, 0xd,
    0xf4, 0x0, 0xd, 0xf0, 0x3f, 0xa0, 0x3, 0xfe,
    0xa0, 0x3, 0xfa, 0x0, 0xbf, 0xa9, 0xfc, 0x5f,
    0xb9, 0xef, 0x30, 0x1, 0x9e, 0xfa, 0x10, 0x6d,
    0xfc, 0x40, 0x0,

    /* U+0401 "Ё" */
    0x0, 0xdc, 0x0, 0xae, 0x10, 0x0, 0xee, 0x0,
    0xbf, 0x20, 0x0, 0x0, 0x0, 0x0, 0x0, 0x5f,
    0xff, 0xff, 0xff, 0xf9, 0x5f, 0xc9, 0x99, 0x99,
    0x95, 0x5f, 0x80, 0x0, 0x0, 0x0, 0x5f, 0x80,
    0x0, 0x0, 0x0, 0x5f, 0x80, 0x0, 0x0, 0x0,
    0x5f, 0x80, 0x0, 0x0, 0x0, 0x5f, 0x80, 0x0,
    0x0, 0x0, 0x5f, 0xff, 0xff, 0xff, 0xb0, 0x5f,
    0xc9, 0x99, 0x99, 0x60, 0x5f, 0x80, 0x0, 0x0,
    0x0, 0x5f, 0x80, 0x0, 0x0, 0x0, 0x5f, 0x80,
    0x0, 0x0, 0x0, 0x5f, 0x80, 0x0, 0x0, 0x0,
    0x5f, 0xc9, 0x99, 0x99, 0x96, 0x5f, 0xff, 0xff,
    0xff, 0xfb,

    /* U+0410 "А" */
    0x0, 0x0, 0x7, 0xf8, 0x0, 0x0, 0x0, 0x0,
    0x0, 0xdf, 0xe0, 0x0, 0x0, 0x0, 0x0, 0x3f,
    0xef, 0x40, 0x0, 0x0, 0x0, 0x9, 0xf4, 0xfa,
    0x0, 0x0, 0x0, 0x0, 0xed, 0xc, 0xf0, 0x0,
    0x0, 0x0, 0x4f, 0x70, 0x6f, 0x50, 0x0, 0x0,
    0xa, 0xf2, 0x1, 0xfb, 0x0, 0x0, 0x0, 0xfc,
    0x0, 0xb, 0xf1, 0x0, 0x0, 0x5f, 0x70, 0x0,
    0x5f, 0x70, 0x0, 0xb, 0xfa, 0x99, 0x9a, 0xfc,
    0x0, 0x1, 0xff, 0xff, 0xff, 0xff, 0xf2, 0x0,
    0x7f, 0x60, 0x0, 0x0, 0x5f, 0x80, 0xd, 0xf1,
    0x0, 0x0, 0x0, 0xfe, 0x2, 0xfb, 0x0, 0x0,
    0x0, 0xa, 0xf4, 0x8f, 0x50, 0x0, 0x0, 0x0,
    0x5f, 0x90,

    /* U+0411 "Б" */
    0x6f, 0xff, 0xff, 0xff, 0xf5, 0x6, 0xfc, 0x99,
    0x99, 0x99, 0x30, 0x6f, 0x70, 0x0, 0x0, 0x0,
    0x6, 0xf7, 0x0, 0x0, 0x0, 0x0, 0x6f, 0x70,
    0x0, 0x0, 0x0, 0x6, 0xf7, 0x0, 0x0, 0x0,
    0x0, 0x6f, 0xc9, 0x98, 0x86, 0x10, 0x6, 0xff,
    0xff, 0xff, 0xff, 0x50, 0x6f, 0x70, 0x0, 0x15,
    0xff, 0x26, 0xf7, 0x0, 0x0, 0x6, 0xf9, 0x6f,
    0x70, 0x0, 0x0, 0x3f, 0xb6, 0xf7, 0x0, 0x0,
    0x4, 0xfa, 0x6f, 0x70, 0x0, 0x0, 0xcf, 0x56,
    0xfc, 0x99, 0x9a, 0xef, 0xb0, 0x6f, 0xff, 0xff,
    0xfc, 0x70, 0x0,

    /* U+0412 "В" */
    0x5f, 0xff, 0xff, 0xd9, 0x20, 0x5, 0xfd, 0x99,
    0xac, 0xff, 0x30, 0x5f, 0x80, 0x0, 0x6, 0xfb,
    0x5, 0xf8, 0x0, 0x0, 0xf, 0xe0, 0x5f, 0x80,
    0x0, 0x0, 0xfe, 0x5, 0xf8, 0x0, 0x0, 0x7f,
    0x90, 0x5f, 0xc8, 0x89, 0xcf, 0xb0, 0x5, 0xff,
    0xff, 0xff, 0xf8, 0x0, 0x5f, 0x80, 0x0, 0x18,
    0xfa, 0x5, 0xf8, 0x0, 0x0, 0xc, 0xf2, 0x5f,
    0x80, 0x0, 0x0, 0x9f, 0x45, 0xf8, 0x0, 0x0,
    0xa, 0xf4, 0x5f, 0x80, 0x0, 0x3, 0xff, 0x5,
    0xfc, 0x99, 0x9b, 0xff, 0x60, 0x5f, 0xff, 0xff,
    0xeb, 0x40, 0x0,

    /* U+0413 "Г" */
    0x4f, 0xff, 0xff, 0xff, 0xf7, 0x4f, 0xd9, 0x99,
    0x99, 0x94, 0x4f, 0x90, 0x0, 0x0, 0x0, 0x4f,
    0x90, 0x0, 0x0, 0x0, 0x4f, 0x90, 0x0, 0x0,
    0x0, 0x4f, 0x90, 0x0, 0x0, 0x0, 0x4f, 0x90,
    0x0, 0x0, 0x0, 0x4f, 0x90, 0x0, 0x0, 0x0,
    0x4f, 0x90, 0x0, 0x0, 0x0, 0x4f, 0x90, 0x0,
    0x0, 0x0, 0x4f, 0x90, 0x0, 0x0, 0x0, 0x4f,
    0x90, 0x0, 0x0, 0x0, 0x4f, 0x90, 0x0, 0x0,
    0x0, 0x4f, 0x90, 0x0, 0x0, 0x0, 0x4f, 0x90,
    0x0, 0x0, 0x0,

    /* U+0414 "Д" */
    0x0, 0x0, 0xef, 0xff, 0xff, 0xff, 0x90, 0x0,
    0x0, 0xf, 0xf9, 0x99, 0x9b, 0xf9, 0x0, 0x0,
    0x0, 0xfd, 0x0, 0x0, 0x4f, 0x90, 0x0, 0x0,
    0x1f, 0xd0, 0x0, 0x4, 0xf9, 0x0, 0x0, 0x1,
    0xfc, 0x0, 0x0, 0x4f, 0x90, 0x0, 0x0, 0x2f,
    0xb0, 0x0, 0x4, 0xf9, 0x0, 0x0, 0x3, 0xfa,
    0x0, 0x0, 0x4f, 0x90, 0x0, 0x0, 0x4f, 0x80,
    0x0, 0x4, 0xf9, 0x0, 0x0, 0x6, 0xf7, 0x0,
    0x0, 0x4f, 0x90, 0x0, 0x0, 0x9f, 0x40, 0x0,
    0x4, 0xf9, 0x0, 0x0, 0xd, 0xf0, 0x0, 0x0,
    0x4f, 0x90, 0x0, 0x4, 0xfa, 0x0, 0x0, 0x4,
    0xf9, 0x0, 0x0, 0xcf, 0x40, 0x0, 0x0, 0x4f,
    0x90, 0x4, 0xaf, 0xf9, 0x99, 0x99, 0x9a, 0xfd,
    0x94, 0x7f, 0xff, 0xff, 0xff, 0xff, 0xff, 0xff,
    0x77, 0xf6, 0x0, 0x0, 0x0, 0x0, 0x6, 0xf7,
    0x7f, 0x60, 0x0, 0x0, 0x0, 0x0, 0x6f, 0x77,
    0xf6, 0x0, 0x0, 0x0, 0x0, 0x6, 0xf7, 0x49,
    0x30, 0x0, 0x0, 0x0, 0x0, 0x39, 0x40,

    /* U+0415 "Е" */
    0x5f, 0xff, 0xff, 0xff, 0xf9, 0x5f, 0xc9, 0x99,
    0x99, 0x95, 0x5f, 0x80, 0x0, 0x0, 0x0, 0x5f,
    0x80, 0x0, 0x0, 0x0, 0x5f, 0x80, 0x0, 0x0,
    0x0, 0x5f, 0x80, 0x0, 0x0, 0x0, 0x5f, 0x80,
    0x0, 0x0, 0x0, 0x5f, 0xff, 0xff, 0xff, 0xb0,
    0x5f, 0xc9, 0x99, 0x99, 0x60, 0x5f, 0x80, 0x0,
    0x0, 0x0, 0x5f, 0x80, 0x0, 0x0, 0x0, 0x5f,
    0x80, 0x0, 0x0, 0x0, 0x5f, 0x80, 0x0, 0x0,
    0x0, 0x5f, 0xc9, 0x99, 0x99, 0x96, 0x5f, 0xff,
    0xff, 0xff, 0xfb,

    /* U+0416 "Ж" */
    0x1f, 0xf2, 0x0, 0x0, 0xcf, 0x20, 0x0, 0xd,
    0xf5, 0x0, 0x7f, 0xa0, 0x0, 0xc, 0xf2, 0x0,
    0x6, 0xfc, 0x0, 0x0, 0xdf, 0x30, 0x0, 0xcf,
    0x20, 0x0, 0xef, 0x30, 0x0, 0x5, 0xfb, 0x0,
    0xc, 0xf2, 0x0, 0x7f, 0x90, 0x0, 0x0, 0xb,
    0xf4, 0x0, 0xcf, 0x20, 0x1e, 0xe1, 0x0, 0x0,
    0x0, 0x2f, 0xc0, 0xc, 0xf2, 0x8, 0xf6, 0x0,
    0x0, 0x0, 0x0, 0x8f, 0x50, 0xcf, 0x21, 0xfd,
    0x0, 0x0, 0x0, 0x0, 0x1, 0xff, 0xff, 0xff,
    0xff, 0x60, 0x0, 0x0, 0x0, 0x0, 0x8f, 0xc9,
    0xef, 0xaa, 0xfd, 0x0, 0x0, 0x0, 0x0, 0x3f,
    0xf2, 0xc, 0xf2, 0xc, 0xf7, 0x0, 0x0, 0x0,
    0xd, 0xf7, 0x0, 0xcf, 0x20, 0x2f, 0xf2, 0x0,
    0x0, 0x7, 0xfc, 0x0, 0xc, 0xf2, 0x0, 0x8f,
    0xc0, 0x0, 0x2, 0xff, 0x30, 0x0, 0xcf, 0x20,
    0x0, 0xdf, 0x60, 0x0, 0xcf, 0x80, 0x0, 0xc,
    0xf2, 0x0, 0x4, 0xff, 0x10, 0x6f, 0xe0, 0x0,
    0x0, 0xcf, 0x20, 0x0, 0xa, 0xfb, 0x0,

    /* U+0417 "З" */
    0x0, 0x18, 0xdf, 0xfc, 0x70, 0x0, 0x2, 0xef,
    0xda, 0xae, 0xfd, 0x10, 0xb, 0xf8, 0x0, 0x0,
    0xaf, 0x80, 0xe, 0xe0, 0x0, 0x0, 0x2f, 0xc0,
    0x0, 0x0, 0x0, 0x0, 0x2f, 0xc0, 0x0, 0x0,
    0x0, 0x0, 0x9f, 0x60, 0x0, 0x0, 0x6a, 0xae,
    0xf8, 0x0, 0x0, 0x0, 0xbf, 0xff, 0xe5, 0x0,
    0x0, 0x0, 0x0, 0x3, 0xcf, 0x60, 0x0, 0x0,
    0x0, 0x0, 0x1f, 0xd0, 0x15, 0x30, 0x0, 0x0,
    0xe, 0xf0, 0x1f, 0xd0, 0x0, 0x0, 0xf, 0xf0,
    0xc, 0xf8, 0x0, 0x0, 0xaf, 0xa0, 0x3, 0xef,
    0xd9, 0xae, 0xfd, 0x10, 0x0, 0x18, 0xdf, 0xfc,
    0x70, 0x0,

    /* U+0418 "И" */
    0x4f, 0x90, 0x0, 0x0, 0xb, 0xf8, 0x4f, 0x90,
    0x0, 0x0, 0x4f, 0xf8, 0x4f, 0x90, 0x0, 0x0,
    0xdf, 0xf8, 0x4f, 0x90, 0x0, 0x8, 0xfe, 0xf8,
    0x4f, 0x90, 0x0, 0x2f, 0xe7, 0xf8, 0x4f, 0x90,
    0x0, 0xbf, 0x56, 0xf8, 0x4f, 0x90, 0x5, 0xfc,
    0x6, 0xf8, 0x4f, 0x90, 0xe, 0xf2, 0x6, 0xf8,
    0x4f, 0x90, 0x8f, 0x80, 0x6, 0xf8, 0x4f, 0x92,
    0xfe, 0x0, 0x6, 0xf8, 0x4f, 0x9b, 0xf5, 0x0,
    0x6, 0xf8, 0x4f, 0xef, 0xb0, 0x0, 0x6, 0xf8,
    0x4f, 0xff, 0x20, 0x0, 0x6, 0xf8, 0x4f, 0xf8,
    0x0, 0x0, 0x6, 0xf8, 0x4f, 0xd0, 0x0, 0x0,
    0x6, 0xf8,

    /* U+0419 "Й" */
    0x0, 0xa, 0xd1, 0xa, 0xf0, 0x0, 0x0, 0x2,
    0xcf, 0xfe, 0x50, 0x0, 0x0, 0x0, 0x1, 0x20,
    0x0, 0x0, 0x4f, 0x90, 0x0, 0x0, 0xb, 0xf8,
    0x4f, 0x90, 0x0, 0x0, 0x4f, 0xf8, 0x4f, 0x90,
    0x0, 0x0, 0xdf, 0xf8, 0x4f, 0x90, 0x0, 0x8,
    0xfe, 0xf8, 0x4f, 0x90, 0x0, 0x2f, 0xe7, 0xf8,
    0x4f, 0x90, 0x0, 0xbf, 0x56, 0xf8, 0x4f, 0x90,
    0x5, 0xfc, 0x6, 0xf8, 0x4f, 0x90, 0xe, 0xf2,
    0x6, 0xf8, 0x4f, 0x90, 0x8f, 0x80, 0x6, 0xf8,
    0x4f, 0x92, 0xfe, 0x0, 0x6, 0xf8, 0x4f, 0x9b,
    0xf5, 0x0, 0x6, 0xf8, 0x4f, 0xef, 0xb0, 0x0,
    0x6, 0xf8, 0x4f, 0xff, 0x20, 0x0, 0x6, 0xf8,
    0x4f, 0xf8, 0x0, 0x0, 0x6, 0xf8, 0x4f, 0xd0,
    0x0, 0x0, 0x6, 0xf8,

    /* U+041A "К" */
    0x4f, 0xa0, 0x0, 0x0, 0x4f, 0xe1, 0x4f, 0xa0,
    0x0, 0x1, 0xef, 0x50, 0x4f, 0xa0, 0x0, 0xb,
    0xf9, 0x0, 0x4f, 0xa0, 0x0, 0x6f, 0xd0, 0x0,
    0x4f, 0xa0, 0x2, 0xff, 0x30, 0x0, 0x4f, 0xa0,
    0xd, 0xf7, 0x0, 0x0, 0x4f, 0xa0, 0x8f, 0xb0,
    0x0, 0x0, 0x4f, 0xff, 0xff, 0x20, 0x0, 0x0,
    0x4f, 0xd9, 0xcf, 0xa0, 0x0, 0x0, 0x4f, 0xa0,
    0x1d, 0xf6, 0x0, 0x0, 0x4f, 0xa0, 0x2, 0xff,
    0x30, 0x0, 0x4f, 0xa0, 0x0, 0x5f, 0xe1, 0x0,
    0x4f, 0xa0, 0x0, 0x8, 0xfc, 0x0, 0x4f, 0xa0,
    0x0, 0x0, 0xbf, 0x90, 0x4f, 0xa0, 0x0, 0x0,
    0x1d, 0xf6,

    /* U+041B "Л" */
    0x0, 0x6, 0xff, 0xff, 0xff, 0xff, 0x60, 0x0,
    0x6f, 0xc9, 0x99, 0x9c, 0xf6, 0x0, 0x7, 0xf6,
    0x0, 0x0, 0x7f, 0x60, 0x0, 0x7f, 0x50, 0x0,
    0x7, 0xf6, 0x0, 0x8, 0xf5, 0x0, 0x0, 0x7f,
    0x60, 0x0, 0x9f, 0x40, 0x0, 0x7, 0xf6, 0x0,
    0x9, 0xf3, 0x0, 0x0, 0x7f, 0x60, 0x0, 0xaf,
    0x20, 0x0, 0x7, 0xf6, 0x0, 0xb, 0xf1, 0x0,
    0x0, 0x7f, 0x60, 0x0, 0xdf, 0x0, 0x0, 0x7,
    0xf6, 0x0, 0xf, 0xe0, 0x0, 0x0, 0x7f, 0x60,
    0x2, 0xfb, 0x0, 0x0, 0x7, 0xf6, 0x0, 0xaf,
    0x60, 0x0, 0x0, 0x7f, 0x65, 0xdf, 0xe0, 0x0,
    0x0, 0x7, 0xf6, 0x8f, 0xb2, 0x0, 0x0, 0x0,
    0x7f, 0x60,

    /* U+041C "М" */
    0x5f, 0xf4, 0x0, 0x0, 0x0, 0x0, 0xdf, 0xc5,
    0xff, 0xa0, 0x0, 0x0, 0x0, 0x3f, 0xfc, 0x5f,
    0xff, 0x10, 0x0, 0x0, 0x9, 0xff, 0xc5, 0xfc,
    0xf7, 0x0, 0x0, 0x0, 0xfd, 0xec, 0x5f, 0x7f,
    0xd0, 0x0, 0x0, 0x6f, 0x7f, 0xc5, 0xf6, 0xaf,
    0x30, 0x0, 0xc, 0xf1, 0xfc, 0x5f, 0x74, 0xfa,
    0x0, 0x2, 0xfb, 0xf, 0xc5, 0xf7, 0xd, 0xf1,
    0x0, 0x9f, 0x50, 0xfc, 0x5f, 0x80, 0x7f, 0x60,
    0xe, 0xe0, 0xf, 0xc5, 0xf8, 0x1, 0xfc, 0x5,
    0xf8, 0x1, 0xfc, 0x5f, 0x80, 0xb, 0xf3, 0xbf,
    0x20, 0x1f, 0xc5, 0xf8, 0x0, 0x5f, 0xbf, 0xc0,
    0x1, 0xfc, 0x5f, 0x80, 0x0, 0xef, 0xf6, 0x0,
    0x1f, 0xc5, 0xf8, 0x0, 0x9, 0xff, 0x0, 0x1,
    0xfc, 0x5f, 0x80, 0x0, 0x2f, 0xa0, 0x0, 0x1f,
    0xc0,

    /* U+041D "Н" */
    0x5f, 0x80, 0x0, 0x0, 0x4, 0xf9, 0x5f, 0x80,
    0x0, 0x0, 0x4, 0xf9, 0x5f, 0x80, 0x0, 0x0,
    0x4, 0xf9, 0x5f, 0x80, 0x0, 0x0, 0x4, 0xf9,
    0x5f, 0x80, 0x0, 0x0, 0x4, 0xf9, 0x5f, 0x80,
    0x0, 0x0, 0x4, 0xf9, 0x5f, 0x80, 0x0, 0x0,
    0x4, 0xf9, 0x5f, 0xff, 0xff, 0xff, 0xff, 0xf9,
    0x5f, 0xc9, 0x99, 0x99, 0x9b, 0xf9, 0x5f, 0x80,
    0x0, 0x0, 0x4, 0xf9, 0x5f, 0x80, 0x0, 0x0,
    0x4, 0xf9, 0x5f, 0x80, 0x0, 0x0, 0x4, 0xf9,
    0x5f, 0x80, 0x0, 0x0, 0x4, 0xf9, 0x5f, 0x80,
    0x0, 0x0, 0x4, 0xf9, 0x5f, 0x80, 0x0, 0x0,
    0x4, 0xf9,

    /* U+041E "О" */
    0x0, 0x7, 0xcf, 0xfc, 0x50, 0x0, 0x0, 0xcf,
    0xea, 0xbf, 0xf9, 0x0, 0xa, 0xf9, 0x0, 0x1,
    0xbf, 0x60, 0x3f, 0xc0, 0x0, 0x0, 0x1f, 0xe0,
    0x8f, 0x50, 0x0, 0x0, 0x9, 0xf4, 0xbf, 0x20,
    0x0, 0x0, 0x6, 0xf7, 0xdf, 0x0, 0x0, 0x0,
    0x4, 0xf8, 0xdf, 0x0, 0x0, 0x0, 0x4, 0xf9,
    0xdf, 0x0, 0x0, 0x0, 0x4, 0xf8, 0xbf, 0x20,
    0x0, 0x0, 0x6, 0xf7, 0x8f, 0x60, 0x0, 0x0,
    0x9, 0xf4, 0x3f, 0xc0, 0x0, 0x0, 0x1e, 0xe0,
    0xa, 0xf9, 0x0, 0x0, 0xbf, 0x70, 0x1, 0xcf,
    0xea, 0xbf, 0xfa, 0x0, 0x0, 0x7, 0xdf, 0xfc,
    0x50, 0x0,

    /* U+041F "П" */
    0x4f, 0xff, 0xff, 0xff, 0xff, 0xf8, 0x4f, 0xd9,
    0x99, 0x99, 0x9b, 0xf8, 0x4f, 0xa0, 0x0, 0x0,
    0x5, 0xf8, 0x4f, 0xa0, 0x0, 0x0, 0x5, 0xf8,
    0x4f, 0xa0, 0x0, 0x0, 0x5, 0xf8, 0x4f, 0xa0,
    0x0, 0x0, 0x5, 0xf8, 0x4f, 0xa0, 0x0, 0x0,
    0x5, 0xf8, 0x4f, 0xa0, 0x0, 0x0, 0x5, 0xf8,
    0x4f, 0xa0, 0x0, 0x0, 0x5, 0xf8, 0x4f, 0xa0,
    0x0, 0x0, 0x5, 0xf8, 0x4f, 0xa0, 0x0, 0x0,
    0x5, 0xf8, 0x4f, 0xa0, 0x0, 0x0, 0x5, 0xf8,
    0x4f, 0xa0, 0x0, 0x0, 0x5, 0xf8, 0x4f, 0xa0,
    0x0, 0x0, 0x5, 0xf8, 0x4f, 0xa0, 0x0, 0x0,
    0x5, 0xf8,

    /* U+0420 "Р" */
    0x5f, 0xff, 0xff, 0xfc, 0x60, 0x5, 0xfc, 0x99,
    0x9a, 0xef, 0xa0, 0x5f, 0x80, 0x0, 0x1, 0xcf,
    0x55, 0xf8, 0x0, 0x0, 0x4, 0xfb, 0x5f, 0x80,
    0x0, 0x0, 0xf, 0xd5, 0xf8, 0x0, 0x0, 0x1,
    0xfd, 0x5f, 0x80, 0x0, 0x0, 0x6f, 0xa5, 0xf8,
    0x0, 0x1, 0x5f, 0xf3, 0x5f, 0xff, 0xff, 0xff,
    0xf5, 0x5, 0xfc, 0x99, 0x88, 0x61, 0x0, 0x5f,
    0x80, 0x0, 0x0, 0x0, 0x5, 0xf8, 0x0, 0x0,
    0x0, 0x0, 0x5f, 0x80, 0x0, 0x0, 0x0, 0x5,
    0xf8, 0x0, 0x0, 0x0, 0x0, 0x5f, 0x80, 0x0,
    0x0, 0x0, 0x0,

    /* U+0421 "С" */
    0x0, 0x7, 0xdf, 0xfc, 0x60, 0x0, 0x1, 0xdf,
    0xd9, 0xae, 0xfa, 0x0, 0xb, 0xf8, 0x0, 0x0,
    0xcf, 0x60, 0x3f, 0xc0, 0x0, 0x0, 0x2f, 0xc0,
    0x8f, 0x60, 0x0, 0x0, 0xc, 0xd0, 0xbf, 0x30,
    0x0, 0x0, 0x0, 0x0, 0xcf, 0x10, 0x0, 0x0,
    0x0, 0x0, 0xdf, 0x0, 0x0, 0x0, 0x0, 0x0,
    0xdf, 0x10, 0x0, 0x0, 0x0, 0x0, 0xbf, 0x20,
    0x0, 0x0, 0x0, 0x0, 0x8f, 0x60, 0x0, 0x0,
    0xb, 0xd0, 0x3f, 0xc0, 0x0, 0x0, 0x2f, 0xc0,
    0xb, 0xf6, 0x0, 0x0, 0xbf, 0x50, 0x1, 0xdf,
    0xc9, 0xae, 0xfa, 0x0, 0x0, 0x8, 0xdf, 0xfc,
    0x60, 0x0,

    /* U+0422 "Т" */
    0x8f, 0xff, 0xff, 0xff, 0xff, 0xf7, 0x49, 0x99,
    0x9f, 0xf9, 0x99, 0x94, 0x0, 0x0, 0xf, 0xe0,
    0x0, 0x0, 0x0, 0x0, 0xf, 0xe0, 0x0, 0x0,
    0x0, 0x0, 0xf, 0xe0, 0x0, 0x0, 0x0, 0x0,
    0xf, 0xe0, 0x0, 0x0, 0x0, 0x0, 0xf, 0xe0,
    0x0, 0x0, 0x0, 0x0, 0xf, 0xe0, 0x0, 0x0,
    0x0, 0x0, 0xf, 0xe0, 0x0, 0x0, 0x0, 0x0,
    0xf, 0xe0, 0x0, 0x0, 0x0, 0x0, 0xf, 0xe0,
    0x0, 0x0, 0x0, 0x0, 0xf, 0xe0, 0x0, 0x0,
    0x0, 0x0, 0xf, 0xe0, 0x0, 0x0, 0x0, 0x0,
    0xf, 0xe0, 0x0, 0x0, 0x0, 0x0, 0xf, 0xe0,
    0x0, 0x0,

    /* U+0423 "У" */
    0x1f, 0xf1, 0x0, 0x0, 0x6, 0xfc, 0x9, 0xf8,
    0x0, 0x0, 0xc, 0xf5, 0x2, 0xfe, 0x0, 0x0,
    0x2f, 0xe0, 0x0, 0xbf, 0x50, 0x0, 0x8f, 0x80,
    0x0, 0x4f, 0xc0, 0x0, 0xef, 0x20, 0x0, 0xd,
    0xf3, 0x4, 0xfb, 0x0, 0x0, 0x5, 0xfa, 0xa,
    0xf5, 0x0, 0x0, 0x0, 0xef, 0x2f, 0xe0, 0x0,
    0x0, 0x0, 0x7f, 0xdf, 0x80, 0x0, 0x0, 0x0,
    0x1f, 0xff, 0x10, 0x0, 0x0, 0x0, 0x9, 0xfb,
    0x0, 0x0, 0x0, 0x0, 0x9, 0xf4, 0x0, 0x0,
    0x0, 0x0, 0x2f, 0xd0, 0x0, 0x0, 0x0, 0x49,
    0xef, 0x30, 0x0, 0x0, 0x0, 0x7f, 0xd6, 0x0,
    0x0, 0x0,

    /* U+0424 "Ф" */
    0x0, 0x0, 0x0, 0x1b, 0x70, 0x0, 0x0, 0x0,
    0x0, 0x0, 0x2, 0xfa, 0x0, 0x0, 0x0, 0x0,
    0x0, 0x26, 0x9f, 0xd7, 0x40, 0x0, 0x0, 0x1,
    0xaf, 0xff, 0xff, 0xff, 0xe5, 0x0, 0x0, 0xcf,
    0x82, 0x2f, 0xa0, 0x4c, 0xf6, 0x0, 0x8f, 0x60,
    0x2, 0xfa, 0x0, 0xd, 0xf1, 0xe, 0xe0, 0x0,
    0x2f, 0xa0, 0x0, 0x5f, 0x71, 0xfa, 0x0, 0x2,
    0xfa, 0x0, 0x2, 0xfa, 0x2f, 0xa0, 0x0, 0x2f,
    0xa0, 0x0, 0x1f, 0xb0, 0xfc, 0x0, 0x2, 0xfa,
    0x0, 0x3, 0xf9, 0xc, 0xf1, 0x0, 0x2f, 0xa0,
    0x0, 0x9f, 0x40, 0x4f, 0xc1, 0x2, 0xfa, 0x0,
    0x5f, 0xc0, 0x0, 0x6f, 0xea, 0x9f, 0xd8, 0xcf,
    0xc1, 0x0, 0x0, 0x3a, 0xef, 0xff, 0xfc, 0x70,
    0x0, 0x0, 0x0, 0x0, 0x2f, 0xa0, 0x0, 0x0,
    0x0, 0x0, 0x0, 0x2, 0xfa, 0x0, 0x0, 0x0,

    /* U+0425 "Х" */
    0x1e, 0xf2, 0x0, 0x0, 0x9, 0xf9, 0x0, 0x6f,
    0xc0, 0x0, 0x3, 0xfe, 0x10, 0x0, 0xcf, 0x50,
    0x0, 0xcf, 0x60, 0x0, 0x3, 0xfe, 0x0, 0x5f,
    0xc0, 0x0, 0x0, 0x9, 0xf8, 0xe, 0xf3, 0x0,
    0x0, 0x0, 0x1e, 0xfa, 0xf9, 0x0, 0x0, 0x0,
    0x0, 0x6f, 0xfe, 0x0, 0x0, 0x0, 0x0, 0x0,
    0xff, 0x80, 0x0, 0x0, 0x0, 0x0, 0x7f, 0xff,
    0x10, 0x0, 0x0, 0x0, 0x2f, 0xf9, 0xfa, 0x0,
    0x0, 0x0, 0xb, 0xf7, 0xd, 0xf4, 0x0, 0x0,
    0x4, 0xfd, 0x0, 0x4f, 0xd0, 0x0, 0x0, 0xef,
    0x40, 0x0, 0xbf, 0x70, 0x0, 0x8f, 0xa0, 0x0,
    0x2, 0xff, 0x20, 0x2f, 0xf1, 0x0, 0x0, 0x8,
    0xfb, 0x0,

    /* U+0426 "Ц" */
    0x4f, 0x90, 0x0, 0x0, 0x6, 0xf7, 0x4, 0xf9,
    0x0, 0x0, 0x0, 0x6f, 0x70, 0x4f, 0x90, 0x0,
    0x0, 0x6, 0xf7, 0x4, 0xf9, 0x0, 0x0, 0x0,
    0x6f, 0x70, 0x4f, 0x90, 0x0, 0x0, 0x6, 0xf7,
    0x4, 0xf9, 0x0, 0x0, 0x0, 0x6f, 0x70, 0x4f,
    0x90, 0x0, 0x0, 0x6, 0xf7, 0x4, 0xf9, 0x0,
    0x0, 0x0, 0x6f, 0x70, 0x4f, 0x90, 0x0, 0x0,
    0x6, 0xf7, 0x4, 0xf9, 0x0, 0x0, 0x0, 0x6f,
    0x70, 0x4f, 0x90, 0x0, 0x0, 0x6, 0xf7, 0x4,
    0xf9, 0x0, 0x0, 0x0, 0x6f, 0x70, 0x4f, 0x90,
    0x0, 0x0, 0x6, 0xf7, 0x4, 0xfd, 0x99, 0x99,
    0x99, 0xbf, 0xc8, 0x4f, 0xff, 0xff, 0xff, 0xff,
    0xff, 0xf0, 0x0, 0x0, 0x0, 0x0, 0x0, 0xee,
    0x0, 0x0, 0x0, 0x0, 0x0, 0xe, 0xe0, 0x0,
    0x0, 0x0, 0x0, 0x0, 0xed, 0x0, 0x0, 0x0,
    0x0, 0x0, 0x7, 0x60,

    /* U+0427 "Ч" */
    0x8f, 0x50, 0x0, 0x0, 0xe, 0xf8, 0xf5, 0x0,
    0x0, 0x0, 0xef, 0x8f, 0x50, 0x0, 0x0, 0xe,
    0xf8, 0xf5, 0x0, 0x0, 0x0, 0xef, 0x8f, 0x50,
    0x0, 0x0, 0xe, 0xf7, 0xf6, 0x0, 0x0, 0x0,
    0xef, 0x5f, 0x90, 0x0, 0x0, 0xe, 0xf0, 0xef,
    0x61, 0x1, 0x37, 0xff, 0x4, 0xef, 0xff, 0xff,
    0xff, 0xf0, 0x0, 0x58, 0x98, 0x62, 0xef, 0x0,
    0x0, 0x0, 0x0, 0xe, 0xf0, 0x0, 0x0, 0x0,
    0x0, 0xef, 0x0, 0x0, 0x0, 0x0, 0xe, 0xf0,
    0x0, 0x0, 0x0, 0x0, 0xef, 0x0, 0x0, 0x0,
    0x0, 0xe, 0xf0,

    /* U+0428 "Ш" */
    0x4f, 0x90, 0x0, 0x8, 0xf6, 0x0, 0x0, 0xcf,
    0x14, 0xf9, 0x0, 0x0, 0x8f, 0x60, 0x0, 0xc,
    0xf1, 0x4f, 0x90, 0x0, 0x8, 0xf6, 0x0, 0x0,
    0xcf, 0x14, 0xf9, 0x0, 0x0, 0x8f, 0x60, 0x0,
    0xc, 0xf1, 0x4f, 0x90, 0x0, 0x8, 0xf6, 0x0,
    0x0, 0xcf, 0x14, 0xf9, 0x0, 0x0, 0x8f, 0x60,
    0x0, 0xc, 0xf1, 0x4f, 0x90, 0x0, 0x8, 0xf6,
    0x0, 0x0, 0xcf, 0x14, 0xf9, 0x0, 0x0, 0x8f,
    0x60, 0x0, 0xc, 0xf1, 0x4f, 0x90, 0x0, 0x8,
    0xf6, 0x0, 0x0, 0xcf, 0x14, 0xf9, 0x0, 0x0,
    0x8f, 0x60, 0x0, 0xc, 0xf1, 0x4f, 0x90, 0x0,
    0x8, 0xf6, 0x0, 0x0, 0xcf, 0x14, 0xf9, 0x0,
    0x0, 0x8f, 0x60, 0x0, 0xc, 0xf1, 0x4f, 0x90,
    0x0, 0x8, 0xf6, 0x0, 0x0, 0xcf, 0x14, 0xfd,
    0x99, 0x99, 0xcf, 0xb9, 0x99, 0x9e, 0xf1, 0x4f,
    0xff, 0xff, 0xff, 0xff, 0xff, 0xff, 0xff, 0x10,

    /* U+0429 "Щ" */
    0x4f, 0x90, 0x0, 0x8, 0xf6, 0x0, 0x0, 0xcf,
    0x10, 0x4f, 0x90, 0x0, 0x8, 0xf6, 0x0, 0x0,
    0xcf, 0x10, 0x4f, 0x90, 0x0, 0x8, 0xf6, 0x0,
    0x0, 0xcf, 0x10, 0x4f, 0x90, 0x0, 0x8, 0xf6,
    0x0, 0x0, 0xcf, 0x10, 0x4f, 0x90, 0x0, 0x8,
    0xf6, 0x0, 0x0, 0xcf, 0x10, 0x4f, 0x90, 0x0,
    0x8, 0xf6, 0x0, 0x0, 0xcf, 0x10, 0x4f, 0x90,
    0x0, 0x8, 0xf6, 0x0, 0x0, 0xcf, 0x10, 0x4f,
    0x90, 0x0, 0x8, 0xf6, 0x0, 0x0, 0xcf, 0x10,
    0x4f, 0x90, 0x0, 0x8, 0xf6, 0x0, 0x0, 0xcf,
    0x10, 0x4f, 0x90, 0x0, 0x8, 0xf6, 0x0, 0x0,
    0xcf, 0x10, 0x4f, 0x90, 0x0, 0x8, 0xf6, 0x0,
    0x0, 0xcf, 0x10, 0x4f, 0x90, 0x0, 0x8, 0xf6,
    0x0, 0x0, 0xcf, 0x10, 0x4f, 0x90, 0x0, 0x8,
    0xf6, 0x0, 0x0, 0xcf, 0x10, 0x4f, 0xd9, 0x99,
    0x9c, 0xfb, 0x99, 0x99, 0xef, 0x94, 0x4f, 0xff,
    0xff, 0xff, 0xff, 0xff, 0xff, 0xff, 0xf8, 0x0,
    0x0, 0x0, 0x0, 0x0, 0x0, 0x0, 0x4, 0xf7,
    0x0, 0x0, 0x0, 0x0, 0x0, 0x0, 0x0, 0x4,
    0xf7, 0x0, 0x0, 0x0, 0x0, 0x0, 0x0, 0x0,
    0x4, 0xf6, 0x0, 0x0, 0x0, 0x0, 0x0, 0x0,
    0x0, 0x2, 0x83,

    /* U+042A "Ъ" */
    0xdf, 0xff, 0xff, 0x0, 0x0, 0x0, 0x0, 0x6,
    0x88, 0x8e, 0xf0, 0x0, 0x0, 0x0, 0x0, 0x0,
    0x0, 0xdf, 0x0, 0x0, 0x0, 0x0, 0x0, 0x0,
    0xd, 0xf0, 0x0, 0x0, 0x0, 0x0, 0x0, 0x0,
    0xdf, 0x0, 0x0, 0x0, 0x0, 0x0, 0x0, 0xd,
    0xf0, 0x0, 0x0, 0x0, 0x0, 0x0, 0x0, 0xdf,
    0x99, 0x98, 0x74, 0x0, 0x0, 0x0, 0xd, 0xff,
    0xff, 0xff, 0xfc, 0x10, 0x0, 0x0, 0xdf, 0x0,
    0x0, 0x2a, 0xfb, 0x0, 0x0, 0xd, 0xf0, 0x0,
    0x0, 0xd, 0xf2, 0x0, 0x0, 0xdf, 0x0, 0x0,
    0x0, 0xaf, 0x40, 0x0, 0xd, 0xf0, 0x0, 0x0,
    0xb, 0xf3, 0x0, 0x0, 0xdf, 0x0, 0x0, 0x4,
    0xfe, 0x0, 0x0, 0xd, 0xf9, 0x99, 0x9b, 0xff,
    0x50, 0x0, 0x0, 0xdf, 0xff, 0xff, 0xea, 0x30,
    0x0,

    /* U+042B "Ы" */
    0x4f, 0xa0, 0x0, 0x0, 0x0, 0x0, 0x6f, 0x74,
    0xfa, 0x0, 0x0, 0x0, 0x0, 0x6, 0xf7, 0x4f,
    0xa0, 0x0, 0x0, 0x0, 0x0, 0x6f, 0x74, 0xfa,
    0x0, 0x0, 0x0, 0x0, 0x6, 0xf7, 0x4f, 0xa0,
    0x0, 0x0, 0x0, 0x0, 0x6f, 0x74, 0xfa, 0x0,
    0x0, 0x0, 0x0, 0x6, 0xf7, 0x4f, 0xd9, 0x99,
    0x86, 0x10, 0x0, 0x6f, 0x74, 0xff, 0xff, 0xff,
    0xff, 0x70, 0x6, 0xf7, 0x4f, 0xa0, 0x0, 0x14,
    0xef, 0x40, 0x6f, 0x74, 0xfa, 0x0, 0x0, 0x4,
    0xfb, 0x6, 0xf7, 0x4f, 0xa0, 0x0, 0x0, 0xf,
    0xd0, 0x6f, 0x74, 0xfa, 0x0, 0x0, 0x2, 0xfc,
    0x6, 0xf7, 0x4f, 0xa0, 0x0, 0x0, 0xbf, 0x70,
    0x6f, 0x74, 0xfd, 0x99, 0x9a, 0xdf, 0xd0, 0x6,
    0xf7, 0x4f, 0xff, 0xff, 0xfd, 0x80, 0x0, 0x6f,
    0x70,

    /* U+042C "Ь" */
    0x6f, 0x70, 0x0, 0x0, 0x0, 0x6, 0xf7, 0x0,
    0x0, 0x0, 0x0, 0x6f, 0x70, 0x0, 0x0, 0x0,
    0x6, 0xf7, 0x0, 0x0, 0x0, 0x0, 0x6f, 0x70,
    0x0, 0x0, 0x0, 0x6, 0xf7, 0x0, 0x0, 0x0,
    0x0, 0x6f, 0xc9, 0x98, 0x86, 0x10, 0x6, 0xff,
    0xff, 0xff, 0xff, 0x50, 0x6f, 0x70, 0x0, 0x15,
    0xff, 0x26, 0xf7, 0x0, 0x0, 0x6, 0xf9, 0x6f,
    0x70, 0x0, 0x0, 0x3f, 0xb6, 0xf7, 0x0, 0x0,
    0x4, 0xfa, 0x6f, 0x70, 0x0, 0x0, 0xcf, 0x56,
    0xfc, 0x99, 0x9a, 0xef, 0xb0, 0x6f, 0xff, 0xff,
    0xfc, 0x70, 0x0,

    /* U+042D "Э" */
    0x0, 0x19, 0xef, 0xeb, 0x40, 0x0, 0x2, 0xef,
    0xc9, 0xbf, 0xf7, 0x0, 0xc, 0xf6, 0x0, 0x2,
    0xdf, 0x40, 0x3f, 0xb0, 0x0, 0x0, 0x4f, 0xc0,
    0x7f, 0x70, 0x0, 0x0, 0xd, 0xf1, 0x0, 0x0,
    0x0, 0x0, 0xa, 0xf4, 0x0, 0x0, 0x0, 0x0,
    0x8, 0xf5, 0x0, 0x1, 0xff, 0xff, 0xff, 0xf6,
    0x0, 0x0, 0x99, 0x99, 0x9c, 0xf5, 0x0, 0x0,
    0x0, 0x0, 0x9, 0xf4, 0x5a, 0x40, 0x0, 0x0,
    0xc, 0xf1, 0x4f, 0xa0, 0x0, 0x0, 0x2f, 0xc0,
    0xd, 0xf4, 0x0, 0x0, 0xcf, 0x40, 0x3, 0xff,
    0xb9, 0xae, 0xf8, 0x0, 0x0, 0x29, 0xdf, 0xfb,
    0x40, 0x0,

    /* U+042E "Ю" */
    0x3f, 0xa0, 0x0, 0x2, 0xae, 0xfe, 0x91, 0x0,
    0x3, 0xfa, 0x0, 0x4, 0xfe, 0x97, 0x9f, 0xf3,
    0x0, 0x3f, 0xa0, 0x2, 0xfd, 0x10, 0x0, 0x2e,
    0xe1, 0x3, 0xfa, 0x0, 0x9f, 0x30, 0x0, 0x0,
    0x6f, 0x70, 0x3f, 0xa0, 0xf, 0xd0, 0x0, 0x0,
    0x0, 0xfd, 0x3, 0xfa, 0x2, 0xfa, 0x0, 0x0,
    0x0, 0xd, 0xf0, 0x3f, 0xa0, 0x4f, 0x90, 0x0,
    0x0, 0x0, 0xbf, 0x13, 0xff, 0xff, 0xf9, 0x0,
    0x0, 0x0, 0xb, 0xf2, 0x3f, 0xd8, 0xaf, 0x90,
    0x0, 0x0, 0x0, 0xcf, 0x13, 0xfa, 0x2, 0xfb,
    0x0, 0x0, 0x0, 0xd, 0xf0, 0x3f, 0xa0, 0xf,
    0xe0, 0x0, 0x0, 0x1, 0xfd, 0x3, 0xfa, 0x0,
    0xaf, 0x50, 0x0, 0x0, 0x7f, 0x80, 0x3f, 0xa0,
    0x2, 0xfe, 0x30, 0x0, 0x4f, 0xe1, 0x3, 0xfa,
    0x0, 0x5, 0xff, 0xca, 0xcf, 0xf3, 0x0, 0x3f,
    0xa0, 0x0, 0x2, 0xae, 0xfe, 0x92, 0x0, 0x0,

    /* U+042F "Я" */
    0x0, 0x4, 0xbe, 0xff, 0xff, 0xf0, 0x7, 0xff,
    0xb9, 0x99, 0xff, 0x2, 0xff, 0x20, 0x0, 0xe,
    0xf0, 0x7f, 0x80, 0x0, 0x0, 0xef, 0x8, 0xf5,
    0x0, 0x0, 0xe, 0xf0, 0x7f, 0x60, 0x0, 0x0,
    0xef, 0x4, 0xfc, 0x0, 0x0, 0xe, 0xf0, 0xb,
    0xf9, 0x20, 0x0, 0xef, 0x0, 0xa, 0xff, 0xff,
    0xff, 0xf0, 0x0, 0x1f, 0xe9, 0x99, 0xff, 0x0,
    0xa, 0xf5, 0x0, 0xe, 0xf0, 0x3, 0xfc, 0x0,
    0x0, 0xef, 0x0, 0xbf, 0x30, 0x0, 0xe, 0xf0,
    0x4f, 0xb0, 0x0, 0x0, 0xef, 0xd, 0xf2, 0x0,
    0x0, 0xe, 0xf0,

    /* U+0430 "а" */
    0x1, 0x9d, 0xfd, 0x81, 0x2, 0xef, 0x98, 0xbf,
    0xc0, 0x8e, 0x40, 0x0, 0x9f, 0x40, 0x0, 0x0,
    0x16, 0xf6, 0x2, 0xae, 0xff, 0xff, 0x64, 0xfd,
    0x74, 0x48, 0xf6, 0xcf, 0x10, 0x0, 0x6f, 0x6e,
    0xe0, 0x0, 0x6, 0xf6, 0xcf, 0x30, 0x2, 0xef,
    0x75, 0xff, 0xbb, 0xfe, 0xf8, 0x5, 0xcf, 0xe8,
    0x3c, 0x90,

    /* U+0431 "б" */
    0x0, 0x0, 0x0, 0x0, 0x74, 0x0, 0x0, 0x0,
    0x1, 0x7f, 0x70, 0x0, 0x0, 0x7d, 0xff, 0xc1,
    0x0, 0x1, 0xdf, 0xc7, 0x30, 0x0, 0x0, 0xcd,
    0x30, 0x0, 0x0, 0x0, 0x5f, 0x13, 0x77, 0x40,
    0x0, 0xa, 0xba, 0xff, 0xff, 0xb0, 0x0, 0xdf,
    0xd3, 0x1, 0xaf, 0xa0, 0xf, 0xf3, 0x0, 0x0,
    0xef, 0x10, 0xfe, 0x0, 0x0, 0x8, 0xf5, 0xf,
    0xc0, 0x0, 0x0, 0x7f, 0x60, 0xfd, 0x0, 0x0,
    0x8, 0xf5, 0xd, 0xf1, 0x0, 0x0, 0xcf, 0x20,
    0x6f, 0x90, 0x0, 0x4f, 0xc0, 0x0, 0xbf, 0xc8,
    0xaf, 0xe2, 0x0, 0x0, 0x8d, 0xfe, 0xa2, 0x0,

    /* U+0432 "в" */
    0x7f, 0xff, 0xfe, 0xc5, 0x0, 0x7f, 0xa8, 0x89,
    0xef, 0x80, 0x7f, 0x50, 0x0, 0x1e, 0xf0, 0x7f,
    0x50, 0x0, 0xd, 0xf0, 0x7f, 0x62, 0x23, 0x9f,
    0x90, 0x7f, 0xff, 0xff, 0xfc, 0x0, 0x7f, 0x85,
    0x55, 0x8f, 0xd0, 0x7f, 0x50, 0x0, 0x8, 0xf5,
    0x7f, 0x50, 0x0, 0x9, 0xf5, 0x7f, 0xa8, 0x88,
    0xbf, 0xe1, 0x7f, 0xff, 0xff, 0xd9, 0x20,

    /* U+0433 "г" */
    0x7f, 0xff, 0xff, 0xf3, 0x7f, 0xa8, 0x88, 0x81,
    0x7f, 0x50, 0x0, 0x0, 0x7f, 0x50, 0x0, 0x0,
    0x7f, 0x50, 0x0, 0x0, 0x7f, 0x50, 0x0, 0x0,
    0x7f, 0x50, 0x0, 0x0, 0x7f, 0x50, 0x0, 0x0,
    0x7f, 0x50, 0x0, 0x0, 0x7f, 0x50, 0x0, 0x0,
    0x7f, 0x50, 0x0, 0x0,

    /* U+0434 "д" */
    0x0, 0xb, 0xff, 0xff, 0xff, 0x10, 0x0, 0xc,
    0xfb, 0xbb, 0xef, 0x10, 0x0, 0xd, 0xf0, 0x0,
    0xbf, 0x10, 0x0, 0xd, 0xf0, 0x0, 0xbf, 0x10,
    0x0, 0xe, 0xe0, 0x0, 0xbf, 0x10, 0x0, 0xf,
    0xc0, 0x0, 0xbf, 0x10, 0x0, 0x2f, 0xa0, 0x0,
    0xbf, 0x10, 0x0, 0x7f, 0x50, 0x0, 0xbf, 0x10,
    0x1, 0xee, 0x0, 0x0, 0xbf, 0x10, 0x4c, 0xfc,
    0x88, 0x88, 0xdf, 0x83, 0x8f, 0xff, 0xff, 0xff,
    0xff, 0xf7, 0x8f, 0x40, 0x0, 0x0, 0x5, 0xf7,
    0x8f, 0x40, 0x0, 0x0, 0x5, 0xf7, 0x8f, 0x40,
    0x0, 0x0, 0x5, 0xf7, 0x13, 0x0, 0x0, 0x0,
    0x1, 0x31,

    /* U+0435 "е" */
    0x0, 0x7, 0xdf, 0xe9, 0x10, 0x0, 0xaf, 0xc9,
    0xbf, 0xc0, 0x6, 0xf9, 0x0, 0x9, 0xf5, 0xc,
    0xf0, 0x0, 0x1, 0xfa, 0xf, 0xe8, 0x88, 0x88,
    0xfd, 0x1f, 0xff, 0xff, 0xff, 0xfd, 0xf, 0xc0,
    0x0, 0x0, 0x0, 0xd, 0xf1, 0x0, 0x0, 0x0,
    0x7, 0xfa, 0x0, 0x0, 0xa4, 0x0, 0xcf, 0xd8,
    0x9e, 0xf4, 0x0, 0x7, 0xdf, 0xeb, 0x30,

    /* U+0436 "ж" */
    0x2f, 0xf1, 0x0, 0x4f, 0x80, 0x0, 0xcf, 0x50,
    0x6, 0xfa, 0x0, 0x4f, 0x80, 0x7, 0xfa, 0x0,
    0x0, 0xbf, 0x40, 0x4f, 0x80, 0x1f, 0xe1, 0x0,
    0x0, 0x2f, 0xe0, 0x4f, 0x80, 0xbf, 0x50, 0x0,
    0x0, 0x6, 0xfc, 0xbf, 0xda, 0xfa, 0x0, 0x0,
    0x0, 0x4, 0xff, 0xff, 0xff, 0xf8, 0x0, 0x0,
    0x0, 0xd, 0xf2, 0x4f, 0x80, 0xdf, 0x20, 0x0,
    0x0, 0x8f, 0x90, 0x4f, 0x80, 0x5f, 0xc0, 0x0,
    0x3, 0xfe, 0x0, 0x4f, 0x80, 0xb, 0xf7, 0x0,
    0xc, 0xf6, 0x0, 0x4f, 0x80, 0x2, 0xff, 0x20,
    0x7f, 0xc0, 0x0, 0x4f, 0x80, 0x0, 0x8f, 0xb0,

    /* U+0437 "з" */
    0x0, 0x4b, 0xef, 0xd6, 0x0, 0x7, 0xfe, 0x98,
    0xdf, 0x90, 0xe, 0xf1, 0x0, 0xe, 0xf0, 0x0,
    0x0, 0x0, 0xe, 0xe0, 0x0, 0x5, 0x9a, 0xdf,
    0x50, 0x0, 0xa, 0xff, 0xfd, 0x20, 0x0, 0x0,
    0x0, 0x4f, 0xe0, 0x7, 0x50, 0x0, 0xb, 0xf2,
    0xf, 0xe1, 0x0, 0xd, 0xf1, 0x7, 0xfe, 0x98,
    0xdf, 0x90, 0x0, 0x5c, 0xff, 0xc6, 0x0,

    /* U+0438 "и" */
    0x7f, 0x50, 0x0, 0x2f, 0xf0, 0x7f, 0x50, 0x0,
    0xbf, 0xf0, 0x7f, 0x50, 0x5, 0xff, 0xf0, 0x7f,
    0x50, 0xe, 0xdd, 0xf0, 0x7f, 0x50, 0x8f, 0x4c,
    0xf0, 0x7f, 0x52, 0xfa, 0xc, 0xf0, 0x7f, 0x5b,
    0xf1, 0xc, 0xf0, 0x7f, 0xbf, 0x70, 0xc, 0xf0,
    0x7f, 0xfd, 0x0, 0xc, 0xf0, 0x7f, 0xf3, 0x0,
    0xc, 0xf0, 0x7f, 0xa0, 0x0, 0xc, 0xf0,

    /* U+0439 "й" */
    0x1, 0xf5, 0x0, 0xd9, 0x0, 0x0, 0xdc, 0x4,
    0xf5, 0x0, 0x0, 0x2d, 0xff, 0x90, 0x0, 0x0,
    0x0, 0x10, 0x0, 0x0, 0x7f, 0x50, 0x0, 0x2f,
    0xf0, 0x7f, 0x50, 0x0, 0xbf, 0xf0, 0x7f, 0x50,
    0x5, 0xff, 0xf0, 0x7f, 0x50, 0xe, 0xdd, 0xf0,
    0x7f, 0x50, 0x8f, 0x4c, 0xf0, 0x7f, 0x52, 0xfa,
    0xc, 0xf0, 0x7f, 0x5b, 0xf1, 0xc, 0xf0, 0x7f,
    0xbf, 0x70, 0xc, 0xf0, 0x7f, 0xfd, 0x0, 0xc,
    0xf0, 0x7f, 0xf3, 0x0, 0xc, 0xf0, 0x7f, 0xa0,
    0x0, 0xc, 0xf0,

    /* U+043A "к" */
    0x7f, 0x50, 0x0, 0x4f, 0xd0, 0x7f, 0x50, 0x1,
    0xef, 0x20, 0x7f, 0x50, 0xb, 0xf6, 0x0, 0x7f,
    0x50, 0x6f, 0xa0, 0x0, 0x7f, 0x52, 0xfd, 0x0,
    0x0, 0x7f, 0xff, 0xf4, 0x0, 0x0, 0x7f, 0xba,
    0xfc, 0x0, 0x0, 0x7f, 0x50, 0x9f, 0xa0, 0x0,
    0x7f, 0x50, 0xb, 0xf8, 0x0, 0x7f, 0x50, 0x1,
    0xdf, 0x50, 0x7f, 0x50, 0x0, 0x2e, 0xf3,

    /* U+043B "л" */
    0x0, 0x2f, 0xff, 0xff, 0xff, 0x0, 0x2, 0xfd,
    0x88, 0x8e, 0xf0, 0x0, 0x3f, 0x90, 0x0, 0xcf,
    0x0, 0x4, 0xf8, 0x0, 0xc, 0xf0, 0x0, 0x4f,
    0x70, 0x0, 0xcf, 0x0, 0x5, 0xf6, 0x0, 0xc,
    0xf0, 0x0, 0x7f, 0x50, 0x0, 0xcf, 0x0, 0x9,
    0xf3, 0x0, 0xc, 0xf0, 0x1, 0xef, 0x0, 0x0,
    0xcf, 0x6, 0xef, 0x90, 0x0, 0xc, 0xf0, 0x9f,
    0xa0, 0x0, 0x0, 0xcf, 0x0,

    /* U+043C "м" */
    0x7f, 0xf1, 0x0, 0x0, 0x2, 0xff, 0x57, 0xff,
    0x80, 0x0, 0x0, 0x9f, 0xf5, 0x7f, 0xfe, 0x0,
    0x0, 0x1f, 0xff, 0x57, 0xfb, 0xf6, 0x0, 0x7,
    0xfc, 0xf5, 0x7f, 0x6e, 0xc0, 0x0, 0xed, 0x8f,
    0x57, 0xf5, 0x8f, 0x30, 0x5f, 0x68, 0xf5, 0x7f,
    0x51, 0xfa, 0xc, 0xf0, 0x8f, 0x57, 0xf5, 0xa,
    0xf4, 0xf9, 0x8, 0xf5, 0x7f, 0x50, 0x3f, 0xff,
    0x20, 0x8f, 0x57, 0xf5, 0x0, 0xdf, 0xb0, 0x8,
    0xf5, 0x7f, 0x50, 0x6, 0xf4, 0x0, 0x8f, 0x50,

    /* U+043D "н" */
    0x7f, 0x50, 0x0, 0xd, 0xf0, 0x7f, 0x50, 0x0,
    0xd, 0xf0, 0x7f, 0x50, 0x0, 0xd, 0xf0, 0x7f,
    0x50, 0x0, 0xd, 0xf0, 0x7f, 0x62, 0x22, 0x2d,
    0xf0, 0x7f, 0xff, 0xff, 0xff, 0xf0, 0x7f, 0x85,
    0x55, 0x5d, 0xf0, 0x7f, 0x50, 0x0, 0xd, 0xf0,
    0x7f, 0x50, 0x0, 0xd, 0xf0, 0x7f, 0x50, 0x0,
    0xd, 0xf0, 0x7f, 0x50, 0x0, 0xd, 0xf0,

    /* U+043E "о" */
    0x0, 0x7, 0xdf, 0xea, 0x20, 0x0, 0xb, 0xfc,
    0x8a, 0xff, 0x30, 0x6, 0xfa, 0x0, 0x3, 0xfd,
    0x0, 0xdf, 0x10, 0x0, 0xa, 0xf3, 0xf, 0xd0,
    0x0, 0x0, 0x6f, 0x71, 0xfb, 0x0, 0x0, 0x5,
    0xf8, 0xf, 0xd0, 0x0, 0x0, 0x6f, 0x70, 0xdf,
    0x10, 0x0, 0xa, 0xf3, 0x6, 0xf9, 0x0, 0x3,
    0xfd, 0x0, 0xb, 0xfc, 0x8a, 0xff, 0x30, 0x0,
    0x7, 0xdf, 0xea, 0x20, 0x0,

    /* U+043F "п" */
    0x7f, 0xff, 0xff, 0xff, 0xf0, 0x7f, 0xb8, 0x88,
    0x8e, 0xf0, 0x7f, 0x50, 0x0, 0xc, 0xf0, 0x7f,
    0x50, 0x0, 0xc, 0xf0, 0x7f, 0x50, 0x0, 0xc,
    0xf0, 0x7f, 0x50, 0x0, 0xc, 0xf0, 0x7f, 0x50,
    0x0, 0xc, 0xf0, 0x7f, 0x50, 0x0, 0xc, 0xf0,
    0x7f, 0x50, 0x0, 0xc, 0xf0, 0x7f, 0x50, 0x0,
    0xc, 0xf0, 0x7f, 0x50, 0x0, 0xc, 0xf0,

    /* U+0440 "р" */
    0xaf, 0x3b, 0xff, 0xc4, 0x0, 0xaf, 0xf9, 0x68,
    0xff, 0x30, 0xaf, 0x70, 0x0, 0x4f, 0xc0, 0xaf,
    0x30, 0x0, 0xd, 0xf1, 0xaf, 0x30, 0x0, 0x9,
    0xf3, 0xaf, 0x30, 0x0, 0x8, 0xf4, 0xaf, 0x30,
    0x0, 0xa, 0xf3, 0xaf, 0x30, 0x0, 0xd, 0xf1,
    0xaf, 0x90, 0x0, 0x5f, 0xb0, 0xaf, 0xfc, 0x8a,
    0xff, 0x30, 0xaf, 0x4a, 0xef, 0xc3, 0x0, 0xaf,
    0x30, 0x0, 0x0, 0x0, 0xaf, 0x30, 0x0, 0x0,
    0x0, 0xaf, 0x30, 0x0, 0x0, 0x0, 0xaf, 0x30,
    0x0, 0x0, 0x0,

    /* U+0441 "с" */
    0x0, 0x8, 0xdf, 0xe9, 0x10, 0x0, 0xcf, 0xc8,
    0xbf, 0xd1, 0x7, 0xf8, 0x0, 0x7, 0xf8, 0xd,
    0xf0, 0x0, 0x0, 0xda, 0xf, 0xd0, 0x0, 0x0,
    0x0, 0x1f, 0xb0, 0x0, 0x0, 0x0, 0xf, 0xd0,
    0x0, 0x0, 0x0, 0xd, 0xf0, 0x0, 0x0, 0x86,
    0x7, 0xf8, 0x0, 0x5, 0xf8, 0x0, 0xcf, 0xb8,
    0xbf, 0xd1, 0x0, 0x18, 0xef, 0xe9, 0x10,

    /* U+0442 "т" */
    0x9f, 0xff, 0xff, 0xff, 0xf3, 0x48, 0x89, 0xfd,
    0x88, 0x81, 0x0, 0x2, 0xfb, 0x0, 0x0, 0x0,
    0x2, 0xfb, 0x0, 0x0, 0x0, 0x2, 0xfb, 0x0,
    0x0, 0x0, 0x2, 0xfb, 0x0, 0x0, 0x0, 0x2,
    0xfb, 0x0, 0x0, 0x0, 0x2, 0xfb, 0x0, 0x0,
    0x0, 0x2, 0xfb, 0x0, 0x0, 0x0, 0x2, 0xfb,
    0x0, 0x0, 0x0, 0x2, 0xfb, 0x0, 0x0,

    /* U+0443 "у" */
    0x9f, 0x50, 0x0, 0xd, 0xf1, 0x3f, 0xa0, 0x0,
    0x2f, 0xb0, 0xe, 0xf0, 0x0, 0x7f, 0x50, 0x8,
    0xf5, 0x0, 0xcf, 0x0, 0x2, 0xfa, 0x1, 0xfa,
    0x0, 0x0, 0xdf, 0x6, 0xf5, 0x0, 0x0, 0x7f,
    0x5b, 0xf0, 0x0, 0x0, 0x1f, 0xbf, 0xa0, 0x0,
    0x0, 0xc, 0xff, 0x40, 0x0, 0x0, 0x6, 0xfe,
    0x0, 0x0, 0x0, 0x1, 0xf9, 0x0, 0x0, 0x0,
    0x5, 0xf4, 0x0, 0x0, 0x0, 0xd, 0xe0, 0x0,
    0x0, 0x1a, 0xdf, 0x60, 0x0, 0x0, 0x2f, 0xe7,
    0x0, 0x0, 0x0,

    /* U+0444 "ф" */
    0x0, 0x0, 0x0, 0x58, 0x0, 0x0, 0x0, 0x0,
    0x0, 0x0, 0xbf, 0x10, 0x0, 0x0, 0x0, 0x0,
    0x0, 0xbf, 0x10, 0x0, 0x0, 0x0, 0x0, 0x0,
    0xbf, 0x10, 0x0, 0x0, 0x0, 0x0, 0x0, 0xbf,
    0x10, 0x0, 0x0, 0x0, 0x2b, 0xfe, 0xef, 0xdf,
    0xe7, 0x0, 0x0, 0xef, 0xa9, 0xef, 0xa9, 0xef,
    0x70, 0x6, 0xf8, 0x0, 0xbf, 0x10, 0x1f, 0xe0,
    0xc, 0xf1, 0x0, 0xbf, 0x10, 0xa, 0xf4, 0xe,
    0xe0, 0x0, 0xbf, 0x10, 0x6, 0xf6, 0xf, 0xd0,
    0x0, 0xbf, 0x10, 0x4, 0xf8, 0xf, 0xd0, 0x0,
    0xbf, 0x10, 0x5, 0xf7, 0xd, 0xf0, 0x0, 0xbf,
    0x10, 0x8, 0xf5, 0x8, 0xf6, 0x0, 0xbf, 0x10,
    0xe, 0xf1, 0x1, 0xef, 0xa9, 0xef, 0xa8, 0xdf,
    0x80, 0x0, 0x3c, 0xfe, 0xef, 0xdf, 0xe8, 0x0,
    0x0, 0x0, 0x0, 0xbf, 0x10, 0x0, 0x0, 0x0,
    0x0, 0x0, 0xbf, 0x10, 0x0, 0x0, 0x0, 0x0,
    0x0, 0xbf, 0x10, 0x0, 0x0, 0x0, 0x0, 0x0,
    0xbf, 0x10, 0x0, 0x0,

    /* U+0445 "х" */
    0x2f, 0xd0, 0x0, 0x1f, 0xf1, 0x8, 0xf7, 0x0,
    0xaf, 0x60, 0x0, 0xdf, 0x13, 0xfc, 0x0, 0x0,
    0x4f, 0x9c, 0xf2, 0x0, 0x0, 0x9, 0xff, 0x80,
    0x0, 0x0, 0x3, 0xff, 0x10, 0x0, 0x0, 0xb,
    0xff, 0x90, 0x0, 0x0, 0x5f, 0x9a, 0xf4, 0x0,
    0x1, 0xee, 0x11, 0xfd, 0x0, 0xa, 0xf6, 0x0,
    0x7f, 0x80, 0x4f, 0xc0, 0x0, 0xd, 0xf2,

    /* U+0446 "ц" */
    0x7f, 0x50, 0x0, 0xc, 0xf0, 0x7, 0xf5, 0x0,
    0x0, 0xcf, 0x0, 0x7f, 0x50, 0x0, 0xc, 0xf0,
    0x7, 0xf5, 0x0, 0x0, 0xcf, 0x0, 0x7f, 0x50,
    0x0, 0xc, 0xf0, 0x7, 0xf5, 0x0, 0x0, 0xcf,
    0x0, 0x7f, 0x50, 0x0, 0xc, 0xf0, 0x7, 0xf5,
    0x0, 0x0, 0xcf, 0x0, 0x7f, 0x50, 0x0, 0xc,
    0xf0, 0x7, 0xfa, 0x88, 0x88, 0xef, 0x82, 0x7f,
    0xff, 0xff, 0xff, 0xff, 0x30, 0x0, 0x0, 0x0,
    0x8, 0xf3, 0x0, 0x0, 0x0, 0x0, 0x8f, 0x20,
    0x0, 0x0, 0x0, 0x8, 0xf1, 0x0, 0x0, 0x0,
    0x0, 0x13, 0x0,

    /* U+0447 "ч" */
    0xfd, 0x0, 0x0, 0x7f, 0x5f, 0xd0, 0x0, 0x7,
    0xf5, 0xfd, 0x0, 0x0, 0x7f, 0x5f, 0xd0, 0x0,
    0x7, 0xf5, 0xdf, 0x0, 0x0, 0x7f, 0x58, 0xfa,
    0x10, 0x29, 0xf5, 0xc, 0xff, 0xff, 0xff, 0x50,
    0x4, 0x78, 0x69, 0xf5, 0x0, 0x0, 0x0, 0x7f,
    0x50, 0x0, 0x0, 0x7, 0xf5, 0x0, 0x0, 0x0,
    0x7f, 0x50,

    /* U+0448 "ш" */
    0x7f, 0x50, 0x0, 0xcf, 0x0, 0x2, 0xfb, 0x7f,
    0x50, 0x0, 0xcf, 0x0, 0x2, 0xfb, 0x7f, 0x50,
    0x0, 0xcf, 0x0, 0x2, 0xfb, 0x7f, 0x50, 0x0,
    0xcf, 0x0, 0x2, 0xfb, 0x7f, 0x50, 0x0, 0xcf,
    0x0, 0x2, 0xfb, 0x7f, 0x50, 0x0, 0xcf, 0x0,
    0x2, 0xfb, 0x7f, 0x50, 0x0, 0xcf, 0x0, 0x2,
    0xfb, 0x7f, 0x50, 0x0, 0xcf, 0x0, 0x2, 0xfb,
    0x7f, 0x50, 0x0, 0xcf, 0x0, 0x2, 0xfb, 0x7f,
    0xa8, 0x88, 0xef, 0x88, 0x89, 0xfb, 0x7f, 0xff,
    0xff, 0xff, 0xff, 0xff, 0xfb,

    /* U+0449 "щ" */
    0x9f, 0x30, 0x0, 0xee, 0x0, 0x3, 0xf9, 0x0,
    0x9f, 0x30, 0x0, 0xee, 0x0, 0x3, 0xf9, 0x0,
    0x9f, 0x30, 0x0, 0xee, 0x0, 0x3, 0xf9, 0x0,
    0x9f, 0x30, 0x0, 0xee, 0x0, 0x3, 0xf9, 0x0,
    0x9f, 0x30, 0x0, 0xee, 0x0, 0x3, 0xf9, 0x0,
    0x9f, 0x30, 0x0, 0xee, 0x0, 0x3, 0xf9, 0x0,
    0x9f, 0x30, 0x0, 0xee, 0x0, 0x3, 0xf9, 0x0,
    0x9f, 0x30, 0x0, 0xee, 0x0, 0x3, 0xf9, 0x0,
    0x9f, 0x30, 0x0, 0xee, 0x0, 0x3, 0xf9, 0x0,
    0x9f, 0xa8, 0x88, 0xff, 0x88, 0x89, 0xfc, 0x80,
    0x9f, 0xff, 0xff, 0xff, 0xff, 0xff, 0xff, 0xf0,
    0x0, 0x0, 0x0, 0x0, 0x0, 0x0, 0xb, 0xf0,
    0x0, 0x0, 0x0, 0x0, 0x0, 0x0, 0xb, 0xf0,
    0x0, 0x0, 0x0, 0x0, 0x0, 0x0, 0xb, 0xe0,
    0x0, 0x0, 0x0, 0x0, 0x0, 0x0, 0x2, 0x20,

    /* U+044A "ъ" */
    0xbf, 0xff, 0xf4, 0x0, 0x0, 0x0, 0x58, 0x8c,
    0xf4, 0x0, 0x0, 0x0, 0x0, 0x9, 0xf4, 0x0,
    0x0, 0x0, 0x0, 0x9, 0xf4, 0x0, 0x0, 0x0,
    0x0, 0x9, 0xff, 0xff, 0xeb, 0x30, 0x0, 0x9,
    0xfa, 0x88, 0x9f, 0xf4, 0x0, 0x9, 0xf4, 0x0,
    0x4, 0xfb, 0x0, 0x9, 0xf4, 0x0, 0x0, 0xfd,
    0x0, 0x9, 0xf4, 0x0, 0x3, 0xfb, 0x0, 0x9,
    0xfa, 0x88, 0x9f, 0xf3, 0x0, 0x9, 0xff, 0xff,
    0xfc, 0x40,

    /* U+044B "ы" */
    0x7f, 0x50, 0x0, 0x0, 0x0, 0x1f, 0xb7, 0xf5,
    0x0, 0x0, 0x0, 0x1, 0xfb, 0x7f, 0x50, 0x0,
    0x0, 0x0, 0x1f, 0xb7, 0xf5, 0x0, 0x0, 0x0,
    0x1, 0xfb, 0x7f, 0xff, 0xfe, 0xc4, 0x0, 0x1f,
    0xb7, 0xfa, 0x88, 0x9e, 0xf5, 0x1, 0xfb, 0x7f,
    0x50, 0x0, 0x2f, 0xd0, 0x1f, 0xb7, 0xf5, 0x0,
    0x0, 0xdf, 0x1, 0xfb, 0x7f, 0x50, 0x0, 0x2f,
    0xd0, 0x1f, 0xb7, 0xfa, 0x88, 0x9e, 0xf5, 0x1,
    0xfb, 0x7f, 0xff, 0xff, 0xc5, 0x0, 0x1f, 0xb0,

    /* U+044C "ь" */
    0x7f, 0x50, 0x0, 0x0, 0x7, 0xf5, 0x0, 0x0,
    0x0, 0x7f, 0x50, 0x0, 0x0, 0x7, 0xf5, 0x0,
    0x0, 0x0, 0x7f, 0xff, 0xfe, 0xc4, 0x7, 0xfa,
    0x88, 0x9e, 0xf5, 0x7f, 0x50, 0x0, 0x2f, 0xd7,
    0xf5, 0x0, 0x0, 0xdf, 0x7f, 0x50, 0x0, 0x2f,
    0xd7, 0xfa, 0x88, 0x9e, 0xf5, 0x7f, 0xff, 0xff,
    0xc5, 0x0,

    /* U+044D "э" */
    0x0, 0x2a, 0xff, 0xc5, 0x0, 0x3, 0xff, 0x99,
    0xef, 0x60, 0xc, 0xf2, 0x0, 0x1d, 0xf1, 0x7,
    0x50, 0x0, 0x6, 0xf7, 0x0, 0x0, 0x88, 0x89,
    0xfa, 0x0, 0x1, 0xff, 0xff, 0xfb, 0x0, 0x0,
    0x0, 0x3, 0xfa, 0xe, 0xb0, 0x0, 0x7, 0xf7,
    0xb, 0xf3, 0x0, 0x1e, 0xf1, 0x3, 0xff, 0xa9,
    0xef, 0x60, 0x0, 0x2b, 0xff, 0xc5, 0x0,

    /* U+044E "ю" */
    0x7f, 0x50, 0x0, 0x8, 0xdf, 0xea, 0x20, 0x7,
    0xf5, 0x0, 0xc, 0xf9, 0x57, 0xee, 0x20, 0x7f,
    0x50, 0x8, 0xf7, 0x0, 0x2, 0xfc, 0x7, 0xf5,
    0x0, 0xef, 0x0, 0x0, 0xa, 0xf3, 0x7f, 0xa8,
    0x8f, 0xc0, 0x0, 0x0, 0x7f, 0x67, 0xff, 0xff,
    0xfb, 0x0, 0x0, 0x5, 0xf7, 0x7f, 0x50, 0xf,
    0xc0, 0x0, 0x0, 0x7f, 0x67, 0xf5, 0x0, 0xdf,
    0x10, 0x0, 0xb, 0xf3, 0x7f, 0x50, 0x6, 0xf9,
    0x0, 0x4, 0xfc, 0x7, 0xf5, 0x0, 0xb, 0xfc,
    0x8a, 0xfe, 0x20, 0x7f, 0x50, 0x0, 0x7, 0xdf,
    0xea, 0x20, 0x0,

    /* U+044F "я" */
    0x0, 0x4c, 0xef, 0xff, 0xf7, 0x5, 0xfe, 0x98,
    0x8a, 0xf7, 0xd, 0xf2, 0x0, 0x5, 0xf7, 0xf,
    0xd0, 0x0, 0x5, 0xf7, 0xd, 0xf2, 0x0, 0x5,
    0xf7, 0x6, 0xfe, 0x98, 0x8b, 0xf7, 0x0, 0x5f,
    0xff, 0xff, 0xf7, 0x0, 0x6f, 0x90, 0x5, 0xf7,
    0x1, 0xee, 0x10, 0x5, 0xf7, 0x9, 0xf5, 0x0,
    0x5, 0xf7, 0x3f, 0xb0, 0x0, 0x5, 0xf7,

    /* U+0451 "ё" */
    0x0, 0x6f, 0x40, 0x3f, 0x70, 0x0, 0x7f, 0x50,
    0x4f, 0x90, 0x0, 0x1, 0x0, 0x1, 0x0, 0x0,
    0x0, 0x0, 0x0, 0x0, 0x0, 0x7, 0xdf, 0xe9,
    0x10, 0x0, 0xaf, 0xc9, 0xbf, 0xc0, 0x6, 0xf9,
    0x0, 0x9, 0xf5, 0xc, 0xf0, 0x0, 0x1, 0xfa,
    0xf, 0xe8, 0x88, 0x88, 0xfd, 0x1f, 0xff, 0xff,
    0xff, 0xfd, 0xf, 0xc0, 0x0, 0x0, 0x0, 0xd,
    0xf1, 0x0, 0x0, 0x0, 0x7, 0xfa, 0x0, 0x0,
    0xa4, 0x0, 0xcf, 0xd8, 0x9e, 0xf4, 0x0, 0x7,
    0xdf, 0xeb, 0x30
};


/*---------------------
 *  GLYPH DESCRIPTION
 *--------------------*/

static const lv_font_fmt_txt_glyph_dsc_t glyph_dsc[] = {
    {.bitmap_index = 0, .adv_w = 0, .box_w = 0, .box_h = 0, .ofs_x = 0, .ofs_y = 0} /* id = 0 reserved */,
    {.bitmap_index = 0, .adv_w = 79, .box_w = 0, .box_h = 0, .ofs_x = 0, .ofs_y = 0},
    {.bitmap_index = 0, .adv_w = 83, .box_w = 3, .box_h = 15, .ofs_x = 1, .ofs_y = 0},
    {.bitmap_index = 23, .adv_w = 103, .box_w = 5, .box_h = 5, .ofs_x = 1, .ofs_y = 10},
    {.bitmap_index = 36, .adv_w = 197, .box_w = 12, .box_h = 15, .ofs_x = 1, .ofs_y = 0},
    {.bitmap_index = 126, .adv_w = 180, .box_w = 10, .box_h = 19, .ofs_x = 1, .ofs_y = -2},
    {.bitmap_index = 221, .adv_w = 234, .box_w = 13, .box_h = 15, .ofs_x = 1, .ofs_y = 0},
    {.bitmap_index = 319, .adv_w = 199, .box_w = 13, .box_h = 15, .ofs_x = 0, .ofs_y = 0},
    {.bitmap_index = 417, .adv_w = 56, .box_w = 2, .box_h = 5, .ofs_x = 1, .ofs_y = 10},
    {.bitmap_index = 422, .adv_w = 110, .box_w = 6, .box_h = 22, .ofs_x = 1, .ofs_y = -5},
    {.bitmap_index = 488, .adv_w = 111, .box_w = 6, .box_h = 22, .ofs_x = 0, .ofs_y = -5},
    {.bitmap_index = 554, .adv_w = 138, .box_w = 9, .box_h = 9, .ofs_x = 0, .ofs_y = 6},
    {.bitmap_index = 595, .adv_w = 182, .box_w = 11, .box_h = 11, .ofs_x = 0, .ofs_y = 1},
    {.bitmap_index = 656, .adv_w = 63, .box_w = 4, .box_h = 6, .ofs_x = 0, .ofs_y = -4},
    {.bitmap_index = 668, .adv_w = 88, .box_w = 6, .box_h = 2, .ofs_x = 0, .ofs_y = 5},
    {.bitmap_index = 674, .adv_w = 84, .box_w = 3, .box_h = 3, .ofs_x = 1, .ofs_y = 0},
    {.bitmap_index = 679, .adv_w = 132, .box_w = 8, .box_h = 16, .ofs_x = 0, .ofs_y = -1},
    {.bitmap_index = 743, .adv_w = 180, .box_w = 10, .box_h = 15, .ofs_x = 1, .ofs_y = 0},
    {.bitmap_index = 818, .adv_w = 180, .box_w = 7, .box_h = 15, .ofs_x = 1, .ofs_y = 0},
    {.bitmap_index = 871, .adv_w = 180, .box_w = 11, .box_h = 15, .ofs_x = 0, .ofs_y = 0},
    {.bitmap_index = 954, .adv_w = 180, .box_w = 10, .box_h = 15, .ofs_x = 0, .ofs_y = 0},
    {.bitmap_index = 1029, .adv_w = 180, .box_w = 11, .box_h = 15, .ofs_x = 0, .ofs_y = 0},
    {.bitmap_index = 1112, .adv_w = 180, .box_w = 10, .box_h = 15, .ofs_x = 1, .ofs_y = 0},
    {.bitmap_index = 1187, .adv_w = 180, .box_w = 10, .box_h = 15, .ofs_x = 1, .ofs_y = 0},
    {.bitmap_index = 1262, .adv_w = 180, .box_w = 11, .box_h = 15, .ofs_x = 0, .ofs_y = 0},
    {.bitmap_index = 1345, .adv_w = 180, .box_w = 10, .box_h = 15, .ofs_x = 1, .ofs_y = 0},
    {.bitmap_index = 1420, .adv_w = 180, .box_w = 10, .box_h = 15, .ofs_x = 0, .ofs_y = 0},
    {.bitmap_index = 1495, .adv_w = 78, .box_w = 3, .box_h = 11, .ofs_x = 1, .ofs_y = 0},
    {.bitmap_index = 1512, .adv_w = 68, .box_w = 4, .box_h = 14, .ofs_x = 0, .ofs_y = -3},
    {.bitmap_index = 1540, .adv_w = 163, .box_w = 9, .box_h = 10, .ofs_x = 0, .ofs_y = 1},
    {.bitmap_index = 1585, .adv_w = 176, .box_w = 9, .box_h = 6, .ofs_x = 1, .ofs_y = 4},
    {.bitmap_index = 1612, .adv_w = 167, .box_w = 9, .box_h = 10, .ofs_x = 1, .ofs_y = 1},
    {.bitmap_index = 1657, .adv_w = 151, .box_w = 9, .box_h = 15, .ofs_x = 0, .ofs_y = 0},
    {.bitmap_index = 1725, .adv_w = 287, .box_w = 18, .box_h = 19, .ofs_x = 0, .ofs_y = -4},
    {.bitmap_index = 1896, .adv_w = 209, .box_w = 13, .box_h = 15, .ofs_x = 0, .ofs_y = 0},
    {.bitmap_index = 1994, .adv_w = 199, .box_w = 11, .box_h = 15, .ofs_x = 1, .ofs_y = 0},
    {.bitmap_index = 2077, .adv_w = 208, .box_w = 12, .box_h = 15, .ofs_x = 1, .ofs_y = 0},
    {.bitmap_index = 2167, .adv_w = 210, .box_w = 11, .box_h = 15, .ofs_x = 1, .ofs_y = 0},
    {.bitmap_index = 2250, .adv_w = 182, .box_w = 10, .box_h = 15, .ofs_x = 1, .ofs_y = 0},
    {.bitmap_index = 2325, .adv_w = 177, .box_w = 10, .box_h = 15, .ofs_x = 1, .ofs_y = 0},
    {.bitmap_index = 2400, .adv_w = 218, .box_w = 12, .box_h = 15, .ofs_x = 1, .ofs_y = 0},
    {.bitmap_index = 2490, .adv_w = 228, .box_w = 12, .box_h = 15, .ofs_x = 1, .ofs_y = 0},
    {.bitmap_index = 2580, .adv_w = 87, .box_w = 3, .box_h = 15, .ofs_x = 1, .ofs_y = 0},
    {.bitmap_index = 2603, .adv_w = 177, .box_w = 10, .box_h = 15, .ofs_x = 0, .ofs_y = 0},
    {.bitmap_index = 2678, .adv_w = 201, .box_w = 12, .box_h = 15, .ofs_x = 1, .ofs_y = 0},
    {.bitmap_index = 2768, .adv_w = 172, .box_w = 10, .box_h = 15, .ofs_x = 1, .ofs_y = 0},
    {.bitmap_index = 2843, .adv_w = 279, .box_w = 15, .box_h = 15, .ofs_x = 1, .ofs_y = 0},
    {.bitmap_index = 2956, .adv_w = 228, .box_w = 12, .box_h = 15, .ofs_x = 1, .ofs_y = 0},
    {.bitmap_index = 3046, .adv_w = 220, .box_w = 12, .box_h = 15, .ofs_x = 1, .ofs_y = 0},
    {.bitmap_index = 3136, .adv_w = 202, .box_w = 11, .box_h = 15, .ofs_x = 1, .ofs_y = 0},
    {.bitmap_index = 3219, .adv_w = 220, .box_w = 12, .box_h = 18, .ofs_x = 1, .ofs_y = -3},
    {.bitmap_index = 3327, .adv_w = 197, .box_w = 11, .box_h = 15, .ofs_x = 1, .ofs_y = 0},
    {.bitmap_index = 3410, .adv_w = 190, .box_w = 12, .box_h = 15, .ofs_x = 0, .ofs_y = 0},
    {.bitmap_index = 3500, .adv_w = 191, .box_w = 12, .box_h = 15, .ofs_x = 0, .ofs_y = 0},
    {.bitmap_index = 3590, .adv_w = 208, .box_w = 11, .box_h = 15, .ofs_x = 1, .ofs_y = 0},
    {.bitmap_index = 3673, .adv_w = 204, .box_w = 13, .box_h = 15, .ofs_x = 0, .ofs_y = 0},
    {.bitmap_index = 3771, .adv_w = 284, .box_w = 18, .box_h = 15, .ofs_x = 0, .ofs_y = 0},
    {.bitmap_index = 3906, .adv_w = 201, .box_w = 13, .box_h = 15, .ofs_x = 0, .ofs_y = 0},
    {.bitmap_index = 4004, .adv_w = 192, .box_w = 12, .box_h = 15, .ofs_x = 0, .ofs_y = 0},
    {.bitmap_index = 4094, .adv_w = 192, .box_w = 12, .box_h = 15, .ofs_x = 0, .ofs_y = 0},
    {.bitmap_index = 4184, .adv_w = 85, .box_w = 5, .box_h = 20, .ofs_x = 1, .ofs_y = -3},
    {.bitmap_index = 4234, .adv_w = 131, .box_w = 9, .box_h = 16, .ofs_x = 0, .ofs_y = -1},
    {.bitmap_index = 4306, .adv_w = 85, .box_w = 4, .box_h = 20, .ofs_x = 0, .ofs_y = -3},
    {.bitmap_index = 4346, .adv_w = 134, .box_w = 8, .box_h = 8, .ofs_x = 0, .ofs_y = 7},
    {.bitmap_index = 4378, .adv_w = 144, .box_w = 9, .box_h = 2, .ofs_x = 0, .ofs_y = -2},
    {.bitmap_index = 4387, .adv_w = 99, .box_w = 5, .box_h = 3, .ofs_x = 0, .ofs_y = 12},
    {.bitmap_index = 4395, .adv_w = 174, .box_w = 9, .box_h = 11, .ofs_x = 1, .ofs_y = 0},
    {.bitmap_index = 4445, .adv_w = 180, .box_w = 10, .box_h = 15, .ofs_x = 1, .ofs_y = 0},
    {.bitmap_index = 4520, .adv_w = 168, .box_w = 10, .box_h = 11, .ofs_x = 0, .ofs_y = 0},
    {.bitmap_index = 4575, .adv_w = 180, .box_w = 10, .box_h = 15, .ofs_x = 0, .ofs_y = 0},
    {.bitmap_index = 4650, .adv_w = 170, .box_w = 10, .box_h = 11, .ofs_x = 0, .ofs_y = 0},
    {.bitmap_index = 4705, .adv_w = 111, .box_w = 7, .box_h = 16, .ofs_x = 0, .ofs_y = 0},
    {.bitmap_index = 4761, .adv_w = 180, .box_w = 10, .box_h = 15, .ofs_x = 0, .ofs_y = -4},
    {.bitmap_index = 4836, .adv_w = 176, .box_w = 9, .box_h = 15, .ofs_x = 1, .ofs_y = 0},
    {.bitmap_index = 4904, .adv_w = 78, .box_w = 3, .box_h = 15, .ofs_x = 1, .ofs_y = 0},
    {.bitmap_index = 4927, .adv_w = 77, .box_w = 5, .box_h = 19, .ofs_x = -1, .ofs_y = -4},
    {.bitmap_index = 4975, .adv_w = 162, .box_w = 10, .box_h = 15, .ofs_x = 1, .ofs_y = 0},
    {.bitmap_index = 5050, .adv_w = 78, .box_w = 3, .box_h = 15, .ofs_x = 1, .ofs_y = 0},
    {.bitmap_index = 5073, .adv_w = 281, .box_w = 16, .box_h = 11, .ofs_x = 1, .ofs_y = 0},
    {.bitmap_index = 5161, .adv_w = 177, .box_w = 9, .box_h = 11, .ofs_x = 1, .ofs_y = 0},
    {.bitmap_index = 5211, .adv_w = 183, .box_w = 11, .box_h = 11, .ofs_x = 0, .ofs_y = 0},
    {.bitmap_index = 5272, .adv_w = 180, .box_w = 10, .box_h = 15, .ofs_x = 1, .ofs_y = -4},
    {.bitmap_index = 5347, .adv_w = 182, .box_w = 10, .box_h = 15, .ofs_x = 0, .ofs_y = -4},
    {.bitmap_index = 5422, .adv_w = 108, .box_w = 6, .box_h = 12, .ofs_x = 1, .ofs_y = 0},
    {.bitmap_index = 5458, .adv_w = 165, .box_w = 10, .box_h = 11, .ofs_x = 0, .ofs_y = 0},
    {.bitmap_index = 5513, .adv_w = 105, .box_w = 6, .box_h = 14, .ofs_x = 0, .ofs_y = 0},
    {.bitmap_index = 5555, .adv_w = 176, .box_w = 9, .box_h = 11, .ofs_x = 1, .ofs_y = 0},
    {.bitmap_index = 5605, .adv_w = 155, .box_w = 10, .box_h = 11, .ofs_x = 0, .ofs_y = 0},
    {.bitmap_index = 5660, .adv_w = 240, .box_w = 15, .box_h = 11, .ofs_x = 0, .ofs_y = 0},
    {.bitmap_index = 5743, .adv_w = 159, .box_w = 10, .box_h = 11, .ofs_x = 0, .ofs_y = 0},
    {.bitmap_index = 5798, .adv_w = 151, .box_w = 10, .box_h = 15, .ofs_x = 0, .ofs_y = -4},
    {.bitmap_index = 5873, .adv_w = 159, .box_w = 10, .box_h = 11, .ofs_x = 0, .ofs_y = 0},
    {.bitmap_index = 5928, .adv_w = 108, .box_w = 7, .box_h = 21, .ofs_x = 0, .ofs_y = -4},
    {.bitmap_index = 6002, .adv_w = 78, .box_w = 3, .box_h = 17, .ofs_x = 1, .ofs_y = -2},
    {.bitmap_index = 6028, .adv_w = 108, .box_w = 7, .box_h = 21, .ofs_x = 0, .ofs_y = -4},
    {.bitmap_index = 6102, .adv_w = 218, .box_w = 12, .box_h = 4, .ofs_x = 1, .ofs_y = 4},
    {.bitmap_index = 6126, .adv_w = 104, .box_w = 8, .box_h = 17, .ofs_x = -1, .ofs_y = 0},
    {.bitmap_index = 6194, .adv_w = 209, .box_w = 13, .box_h = 15, .ofs_x = 0, .ofs_y = 0},
    {.bitmap_index = 6292, .adv_w = 199, .box_w = 11, .box_h = 15, .ofs_x = 1, .ofs_y = 0},
    {.bitmap_index = 6375, .adv_w = 178, .box_w = 10, .box_h = 15, .ofs_x = 1, .ofs_y = 0},
    {.bitmap_index = 6450, .adv_w = 226, .box_w = 14, .box_h = 15, .ofs_x = 0, .ofs_y = 0},
    {.bitmap_index = 6555, .adv_w = 182, .box_w = 10, .box_h = 15, .ofs_x = 1, .ofs_y = 0},
    {.bitmap_index = 6630, .adv_w = 192, .box_w = 12, .box_h = 15, .ofs_x = 0, .ofs_y = 0},
    {.bitmap_index = 6720, .adv_w = 228, .box_w = 12, .box_h = 15, .ofs_x = 1, .ofs_y = 0},
    {.bitmap_index = 6810, .adv_w = 218, .box_w = 12, .box_h = 15, .ofs_x = 1, .ofs_y = 0},
    {.bitmap_index = 6900, .adv_w = 87, .box_w = 3, .box_h = 15, .ofs_x = 1, .ofs_y = 0},
    {.bitmap_index = 6923, .adv_w = 201, .box_w = 12, .box_h = 15, .ofs_x = 1, .ofs_y = 0},
    {.bitmap_index = 7013, .adv_w = 210, .box_w = 13, .box_h = 15, .ofs_x = 0, .ofs_y = 0},
    {.bitmap_index = 7111, .adv_w = 279, .box_w = 15, .box_h = 15, .ofs_x = 1, .ofs_y = 0},
    {.bitmap_index = 7224, .adv_w = 228, .box_w = 12, .box_h = 15, .ofs_x = 1, .ofs_y = 0},
    {.bitmap_index = 7314, .adv_w = 183, .box_w = 10, .box_h = 15, .ofs_x = 1, .ofs_y = 0},
    {.bitmap_index = 7389, .adv_w = 220, .box_w = 12, .box_h = 15, .ofs_x = 1, .ofs_y = 0},
    {.bitmap_index = 7479, .adv_w = 228, .box_w = 12, .box_h = 15, .ofs_x = 1, .ofs_y = 0},
    {.bitmap_index = 7569, .adv_w = 202, .box_w = 11, .box_h = 15, .ofs_x = 1, .ofs_y = 0},
    {.bitmap_index = 7652, .adv_w = 183, .box_w = 11, .box_h = 15, .ofs_x = 0, .ofs_y = 0},
    {.bitmap_index = 7735, .adv_w = 191, .box_w = 12, .box_h = 15, .ofs_x = 0, .ofs_y = 0},
    {.bitmap_index = 7825, .adv_w = 192, .box_w = 12, .box_h = 15, .ofs_x = 0, .ofs_y = 0},
    {.bitmap_index = 7915, .adv_w = 229, .box_w = 14, .box_h = 15, .ofs_x = 0, .ofs_y = 0},
    {.bitmap_index = 8020, .adv_w = 201, .box_w = 13, .box_h = 15, .ofs_x = 0, .ofs_y = 0},
    {.bitmap_index = 8118, .adv_w = 221, .box_w = 13, .box_h = 15, .ofs_x = 0, .ofs_y = 0},
    {.bitmap_index = 8216, .adv_w = 213, .box_w = 11, .box_h = 15, .ofs_x = 1, .ofs_y = 0},
    {.bitmap_index = 8299, .adv_w = 87, .box_w = 7, .box_h = 18, .ofs_x = -1, .ofs_y = 0},
    {.bitmap_index = 8362, .adv_w = 192, .box_w = 12, .box_h = 18, .ofs_x = 0, .ofs_y = 0},
    {.bitmap_index = 8470, .adv_w = 181, .box_w = 12, .box_h = 16, .ofs_x = 0, .ofs_y = 0},
    {.bitmap_index = 8566, .adv_w = 173, .box_w = 10, .box_h = 16, .ofs_x = 0, .ofs_y = 0},
    {.bitmap_index = 8646, .adv_w = 181, .box_w = 9, .box_h = 20, .ofs_x = 1, .ofs_y = -4},
    {.bitmap_index = 8736, .adv_w = 104, .box_w = 5, .box_h = 16, .ofs_x = 1, .ofs_y = 0},
    {.bitmap_index = 8776, .adv_w = 175, .box_w = 9, .box_h = 17, .ofs_x = 1, .ofs_y = 0},
    {.bitmap_index = 8853, .adv_w = 181, .box_w = 12, .box_h = 11, .ofs_x = 0, .ofs_y = 0},
    {.bitmap_index = 8919, .adv_w = 190, .box_w = 10, .box_h = 19, .ofs_x = 1, .ofs_y = -4},
    {.bitmap_index = 9014, .adv_w = 160, .box_w = 10, .box_h = 15, .ofs_x = 0, .ofs_y = -4},
    {.bitmap_index = 9089, .adv_w = 181, .box_w = 11, .box_h = 16, .ofs_x = 0, .ofs_y = 0},
    {.bitmap_index = 9177, .adv_w = 173, .box_w = 10, .box_h = 11, .ofs_x = 0, .ofs_y = 0},
    {.bitmap_index = 9232, .adv_w = 166, .box_w = 9, .box_h = 19, .ofs_x = 1, .ofs_y = -4},
    {.bitmap_index = 9318, .adv_w = 181, .box_w = 9, .box_h = 15, .ofs_x = 1, .ofs_y = -4},
    {.bitmap_index = 9386, .adv_w = 182, .box_w = 10, .box_h = 15, .ofs_x = 1, .ofs_y = 0},
    {.bitmap_index = 9461, .adv_w = 104, .box_w = 5, .box_h = 11, .ofs_x = 1, .ofs_y = 0},
    {.bitmap_index = 9489, .adv_w = 178, .box_w = 10, .box_h = 11, .ofs_x = 1, .ofs_y = 0},
    {.bitmap_index = 9544, .adv_w = 177, .box_w = 11, .box_h = 15, .ofs_x = 0, .ofs_y = 0},
    {.bitmap_index = 9627, .adv_w = 181, .box_w = 9, .box_h = 15, .ofs_x = 1, .ofs_y = -4},
    {.bitmap_index = 9695, .adv_w = 155, .box_w = 10, .box_h = 11, .ofs_x = 0, .ofs_y = 0},
    {.bitmap_index = 9750, .adv_w = 157, .box_w = 9, .box_h = 19, .ofs_x = 1, .ofs_y = -4},
    {.bitmap_index = 9836, .adv_w = 183, .box_w = 11, .box_h = 11, .ofs_x = 0, .ofs_y = 0},
    {.bitmap_index = 9897, .adv_w = 191, .box_w = 12, .box_h = 11, .ofs_x = 0, .ofs_y = 0},
    {.bitmap_index = 9963, .adv_w = 181, .box_w = 10, .box_h = 15, .ofs_x = 1, .ofs_y = -4},
    {.bitmap_index = 10038, .adv_w = 172, .box_w = 10, .box_h = 15, .ofs_x = 0, .ofs_y = -4},
    {.bitmap_index = 10113, .adv_w = 181, .box_w = 12, .box_h = 11, .ofs_x = 0, .ofs_y = 0},
    {.bitmap_index = 10179, .adv_w = 167, .box_w = 10, .box_h = 11, .ofs_x = 0, .ofs_y = 0},
    {.bitmap_index = 10234, .adv_w = 175, .box_w = 9, .box_h = 11, .ofs_x = 1, .ofs_y = 0},
    {.bitmap_index = 10284, .adv_w = 225, .box_w = 14, .box_h = 16, .ofs_x = 0, .ofs_y = -5},
    {.bitmap_index = 10396, .adv_w = 178, .box_w = 12, .box_h = 15, .ofs_x = 0, .ofs_y = -4},
    {.bitmap_index = 10486, .adv_w = 224, .box_w = 14, .box_h = 16, .ofs_x = 0, .ofs_y = -5},
    {.bitmap_index = 10598, .adv_w = 264, .box_w = 15, .box_h = 11, .ofs_x = 1, .ofs_y = 0},
    {.bitmap_index = 10681, .adv_w = 182, .box_w = 10, .box_h = 18, .ofs_x = 1, .ofs_y = 0},
    {.bitmap_index = 10771, .adv_w = 209, .box_w = 13, .box_h = 15, .ofs_x = 0, .ofs_y = 0},
    {.bitmap_index = 10869, .adv_w = 202, .box_w = 11, .box_h = 15, .ofs_x = 1, .ofs_y = 0},
    {.bitmap_index = 10952, .adv_w = 199, .box_w = 11, .box_h = 15, .ofs_x = 1, .ofs_y = 0},
    {.bitmap_index = 11035, .adv_w = 178, .box_w = 10, .box_h = 15, .ofs_x = 1, .ofs_y = 0},
    {.bitmap_index = 11110, .adv_w = 241, .box_w = 15, .box_h = 19, .ofs_x = 0, .ofs_y = -4},
    {.bitmap_index = 11253, .adv_w = 182, .box_w = 10, .box_h = 15, .ofs_x = 1, .ofs_y = 0},
    {.bitmap_index = 11328, .adv_w = 290, .box_w = 19, .box_h = 15, .ofs_x = 0, .ofs_y = 0},
    {.bitmap_index = 11471, .adv_w = 190, .box_w = 12, .box_h = 15, .ofs_x = 0, .ofs_y = 0},
    {.bitmap_index = 11561, .adv_w = 228, .box_w = 12, .box_h = 15, .ofs_x = 1, .ofs_y = 0},
    {.bitmap_index = 11651, .adv_w = 228, .box_w = 12, .box_h = 18, .ofs_x = 1, .ofs_y = 0},
    {.bitmap_index = 11759, .adv_w = 206, .box_w = 12, .box_h = 15, .ofs_x = 1, .ofs_y = 0},
    {.bitmap_index = 11849, .adv_w = 227, .box_w = 13, .box_h = 15, .ofs_x = 0, .ofs_y = 0},
    {.bitmap_index = 11947, .adv_w = 279, .box_w = 15, .box_h = 15, .ofs_x = 1, .ofs_y = 0},
    {.bitmap_index = 12060, .adv_w = 228, .box_w = 12, .box_h = 15, .ofs_x = 1, .ofs_y = 0},
    {.bitmap_index = 12150, .adv_w = 220, .box_w = 12, .box_h = 15, .ofs_x = 1, .ofs_y = 0},
    {.bitmap_index = 12240, .adv_w = 228, .box_w = 12, .box_h = 15, .ofs_x = 1, .ofs_y = 0},
    {.bitmap_index = 12330, .adv_w = 202, .box_w = 11, .box_h = 15, .ofs_x = 1, .ofs_y = 0},
    {.bitmap_index = 12413, .adv_w = 208, .box_w = 12, .box_h = 15, .ofs_x = 1, .ofs_y = 0},
    {.bitmap_index = 12503, .adv_w = 191, .box_w = 12, .box_h = 15, .ofs_x = 0, .ofs_y = 0},
    {.bitmap_index = 12593, .adv_w = 201, .box_w = 12, .box_h = 15, .ofs_x = 0, .ofs_y = 0},
    {.bitmap_index = 12683, .adv_w = 247, .box_w = 15, .box_h = 16, .ofs_x = 0, .ofs_y = -1},
    {.bitmap_index = 12803, .adv_w = 201, .box_w = 13, .box_h = 15, .ofs_x = 0, .ofs_y = 0},
    {.bitmap_index = 12901, .adv_w = 234, .box_w = 13, .box_h = 19, .ofs_x = 1, .ofs_y = -4},
    {.bitmap_index = 13025, .adv_w = 219, .box_w = 11, .box_h = 15, .ofs_x = 1, .ofs_y = 0},
    {.bitmap_index = 13108, .adv_w = 301, .box_w = 17, .box_h = 15, .ofs_x = 1, .ofs_y = 0},
    {.bitmap_index = 13236, .adv_w = 310, .box_w = 18, .box_h = 19, .ofs_x = 1, .ofs_y = -4},
    {.bitmap_index = 13407, .adv_w = 243, .box_w = 15, .box_h = 15, .ofs_x = 0, .ofs_y = 0},
    {.bitmap_index = 13520, .adv_w = 277, .box_w = 15, .box_h = 15, .ofs_x = 1, .ofs_y = 0},
    {.bitmap_index = 13633, .adv_w = 201, .box_w = 11, .box_h = 15, .ofs_x = 1, .ofs_y = 0},
    {.bitmap_index = 13716, .adv_w = 216, .box_w = 12, .box_h = 15, .ofs_x = 1, .ofs_y = 0},
    {.bitmap_index = 13806, .adv_w = 286, .box_w = 17, .box_h = 15, .ofs_x = 1, .ofs_y = 0},
    {.bitmap_index = 13934, .adv_w = 204, .box_w = 11, .box_h = 15, .ofs_x = 0, .ofs_y = 0},
    {.bitmap_index = 14017, .adv_w = 174, .box_w = 9, .box_h = 11, .ofs_x = 1, .ofs_y = 0},
    {.bitmap_index = 14067, .adv_w = 177, .box_w = 11, .box_h = 16, .ofs_x = 0, .ofs_y = 0},
    {.bitmap_index = 14155, .adv_w = 183, .box_w = 10, .box_h = 11, .ofs_x = 1, .ofs_y = 0},
    {.bitmap_index = 14210, .adv_w = 134, .box_w = 8, .box_h = 11, .ofs_x = 1, .ofs_y = 0},
    {.bitmap_index = 14254, .adv_w = 193, .box_w = 12, .box_h = 15, .ofs_x = 0, .ofs_y = -4},
    {.bitmap_index = 14344, .adv_w = 170, .box_w = 10, .box_h = 11, .ofs_x = 0, .ofs_y = 0},
    {.bitmap_index = 14399, .adv_w = 245, .box_w = 16, .box_h = 11, .ofs_x = 0, .ofs_y = 0},
    {.bitmap_index = 14487, .adv_w = 163, .box_w = 10, .box_h = 11, .ofs_x = 0, .ofs_y = 0},
    {.bitmap_index = 14542, .adv_w = 185, .box_w = 10, .box_h = 11, .ofs_x = 1, .ofs_y = 0},
    {.bitmap_index = 14597, .adv_w = 185, .box_w = 10, .box_h = 15, .ofs_x = 1, .ofs_y = 0},
    {.bitmap_index = 14672, .adv_w = 173, .box_w = 10, .box_h = 11, .ofs_x = 1, .ofs_y = 0},
    {.bitmap_index = 14727, .adv_w = 185, .box_w = 11, .box_h = 11, .ofs_x = 0, .ofs_y = 0},
    {.bitmap_index = 14788, .adv_w = 237, .box_w = 13, .box_h = 11, .ofs_x = 1, .ofs_y = 0},
    {.bitmap_index = 14860, .adv_w = 185, .box_w = 10, .box_h = 11, .ofs_x = 1, .ofs_y = 0},
    {.bitmap_index = 14915, .adv_w = 183, .box_w = 11, .box_h = 11, .ofs_x = 0, .ofs_y = 0},
    {.bitmap_index = 14976, .adv_w = 185, .box_w = 10, .box_h = 11, .ofs_x = 1, .ofs_y = 0},
    {.bitmap_index = 15031, .adv_w = 180, .box_w = 10, .box_h = 15, .ofs_x = 1, .ofs_y = -4},
    {.bitmap_index = 15106, .adv_w = 168, .box_w = 10, .box_h = 11, .ofs_x = 0, .ofs_y = 0},
    {.bitmap_index = 15161, .adv_w = 154, .box_w = 10, .box_h = 11, .ofs_x = 0, .ofs_y = 0},
    {.bitmap_index = 15216, .adv_w = 151, .box_w = 10, .box_h = 15, .ofs_x = 0, .ofs_y = -4},
    {.bitmap_index = 15291, .adv_w = 232, .box_w = 14, .box_h = 20, .ofs_x = 0, .ofs_y = -4},
    {.bitmap_index = 15431, .adv_w = 159, .box_w = 10, .box_h = 11, .ofs_x = 0, .ofs_y = 0},
    {.bitmap_index = 15486, .adv_w = 190, .box_w = 11, .box_h = 15, .ofs_x = 1, .ofs_y = -4},
    {.bitmap_index = 15569, .adv_w = 174, .box_w = 9, .box_h = 11, .ofs_x = 1, .ofs_y = 0},
    {.bitmap_index = 15619, .adv_w = 259, .box_w = 14, .box_h = 11, .ofs_x = 1, .ofs_y = 0},
    {.bitmap_index = 15696, .adv_w = 265, .box_w = 16, .box_h = 15, .ofs_x = 1, .ofs_y = -4},
    {.bitmap_index = 15816, .adv_w = 199, .box_w = 12, .box_h = 11, .ofs_x = 0, .ofs_y = 0},
    {.bitmap_index = 15882, .adv_w = 248, .box_w = 13, .box_h = 11, .ofs_x = 1, .ofs_y = 0},
    {.bitmap_index = 15954, .adv_w = 174, .box_w = 9, .box_h = 11, .ofs_x = 1, .ofs_y = 0},
    {.bitmap_index = 16004, .adv_w = 172, .box_w = 10, .box_h = 11, .ofs_x = 0, .ofs_y = 0},
    {.bitmap_index = 16059, .adv_w = 261, .box_w = 15, .box_h = 11, .ofs_x = 1, .ofs_y = 0},
    {.bitmap_index = 16142, .adv_w = 176, .box_w = 10, .box_h = 11, .ofs_x = 0, .ofs_y = 0},
    {.bitmap_index = 16197, .adv_w = 170, .box_w = 10, .box_h = 15, .ofs_x = 0, .ofs_y = 0}
};

/*---------------------
 *  CHARACTER MAPPING
 *--------------------*/



/*Collect the unicode lists and glyph_id offsets*/
static const lv_font_fmt_txt_cmap_t cmaps[] =
{
    {
        .range_start = 32, .range_length = 95, .glyph_id_start = 1,
        .unicode_list = NULL, .glyph_id_ofs_list = NULL, .list_length = 0, .type = LV_FONT_FMT_TXT_CMAP_FORMAT0_TINY
    },
    {
        .range_start = 912, .range_length = 18, .glyph_id_start = 96,
        .unicode_list = NULL, .glyph_id_ofs_list = NULL, .list_length = 0, .type = LV_FONT_FMT_TXT_CMAP_FORMAT0_TINY
    },
    {
        .range_start = 931, .range_length = 39, .glyph_id_start = 114,
        .unicode_list = NULL, .glyph_id_ofs_list = NULL, .list_length = 0, .type = LV_FONT_FMT_TXT_CMAP_FORMAT0_TINY
    },
    {
        .range_start = 1025, .range_length = 1, .glyph_id_start = 153,
        .unicode_list = NULL, .glyph_id_ofs_list = NULL, .list_length = 0, .type = LV_FONT_FMT_TXT_CMAP_FORMAT0_TINY
    },
    {
        .range_start = 1040, .range_length = 64, .glyph_id_start = 154,
        .unicode_list = NULL, .glyph_id_ofs_list = NULL, .list_length = 0, .type = LV_FONT_FMT_TXT_CMAP_FORMAT0_TINY
    },
    {
        .range_start = 1105, .range_length = 1, .glyph_id_start = 218,
        .unicode_list = NULL, .glyph_id_ofs_list = NULL, .list_length = 0, .type = LV_FONT_FMT_TXT_CMAP_FORMAT0_TINY
    }
};

/*-----------------
 *    KERNING
 *----------------*/


/*Map glyph_ids to kern left classes*/
static const uint8_t kern_left_class_mapping[] =
{
    0, 1, 0, 2, 0, 0, 0, 0,
    2, 3, 0, 0, 0, 4, 0, 4,
    5, 0, 0, 0, 0, 0, 0, 0,
    0, 0, 0, 0, 0, 0, 0, 0,
    0, 0, 6, 7, 8, 9, 10, 11,
    0, 12, 12, 13, 14, 15, 12, 12,
    9, 16, 17, 18, 0, 19, 13, 20,
    21, 22, 23, 24, 25, 0, 0, 0,
    0, 0, 26, 27, 28, 0, 29, 30,
    0, 31, 0, 0, 32, 0, 31, 31,
    33, 27, 0, 34, 0, 35, 0, 36,
    37, 38, 36, 39, 40, 0, 0, 0,
    0, 6, 7, 41, 6, 10, 24, 12,
    9, 12, 14, 6, 12, 12, 42, 9,
    0, 16, 43, 19, 23, 44, 22, 45,
    0, 12, 23, 0, 0, 31, 0, 0,
    46, 0, 36, 47, 0, 48, 31, 0,
    49, 0, 50, 0, 36, 51, 33, 0,
    52, 53, 54, 55, 56, 57, 0, 58,
    59, 10, 6, 60, 7, 41, 61, 10,
    22, 62, 12, 0, 14, 12, 12, 12,
    9, 0, 16, 8, 19, 63, 0, 22,
    12, 12, 12, 64, 65, 12, 65, 66,
    67, 68, 26, 69, 70, 71, 72, 29,
    38, 28, 0, 0, 73, 0, 0, 0,
    33, 0, 27, 28, 74, 36, 27, 38,
    75, 0, 0, 76, 77, 0, 77, 27,
    78, 0, 29
};

/*Map glyph_ids to kern right classes*/
static const uint8_t kern_right_class_mapping[] =
{
    0, 1, 0, 2, 0, 0, 0, 3,
    2, 0, 4, 5, 0, 6, 7, 6,
    8, 0, 0, 0, 0, 0, 0, 0,
    9, 0, 0, 0, 0, 0, 0, 0,
    10, 0, 11, 0, 12, 0, 0, 0,
    12, 0, 0, 13, 0, 0, 0, 0,
    12, 0, 12, 0, 14, 15, 16, 17,
    18, 19, 20, 21, 0, 0, 22, 0,
    0, 0, 23, 0, 24, 24, 24, 25,
    24, 0, 0, 0, 0, 0, 26, 26,
    27, 26, 24, 28, 29, 30, 31, 32,
    33, 34, 32, 35, 0, 0, 36, 0,
    0, 11, 0, 0, 11, 0, 21, 0,
    12, 0, 0, 11, 0, 0, 37, 12,
    0, 0, 38, 0, 20, 39, 19, 40,
    0, 0, 20, 24, 0, 26, 0, 31,
    24, 41, 32, 42, 43, 44, 26, 45,
    46, 0, 47, 0, 32, 48, 27, 49,
    50, 51, 24, 52, 31, 53, 0, 54,
    55, 0, 11, 0, 0, 0, 56, 0,
    19, 0, 0, 0, 0, 57, 0, 0,
    12, 0, 0, 12, 15, 58, 0, 19,
    0, 59, 0, 0, 0, 0, 60, 61,
    0, 0, 23, 62, 63, 26, 64, 24,
    34, 65, 26, 26, 26, 66, 26, 26,
    27, 26, 26, 24, 67, 32, 24, 34,
    26, 68, 26, 26, 69, 70, 26, 71,
    26, 72, 24
};

/*Kern values between classes*/
static const int8_t kern_class_values[] =
{
    0, 0, 0, 0, 0, 0, 0, 0,
    0, 0, 0, 0, 0, 0, -6, 0,
    0, 0, 0, 0, 0, 0, 0, 0,
    0, 0, 0, 0, 0, 0, 0, 0,
    0, 0, 0, 0, 0, 0, 0, 0,
    0, 0, 0, 0, 0, 0, 0, 0,
    0, 0, 0, 0, 0, 0, 0, 0,
    0, 0, 0, 0, 0, 0, 0, 0,
    0, 0, 0, 0, 0, 0, 0, 0,
    0, -17, 0, 0, 0, 0, 0, 0,
    0, 0, -19, 0, 0, 0, 0, 0,
    0, 0, 0, 0, 0, 0, -8, -9,
    0, -3, -10, 0, -12, 0, 0, 0,
    2, 0, 0, 0, 0, 0, 0, 0,
    0, 0, 0, 0, 0, 0, 0, 0,
    0, 0, -9, 0, 0, 0, 0, 0,
    0, 0, 0, 0, 0, 0, 0, 0,
    0, 0, 0, 0, 0, 0, 0, 0,
    0, 0, 0, 0, 0, 0, 0, 0,
    0, 0, 0, 0, 0, 0, 0, 0,
    3, 3, 0, 3, 0, 0, 0, 0,
    0, 0, 0, 0, 0, 0, 0, 0,
    0, 0, 0, 0, 0, 0, 0, 0,
    0, 0, 0, 0, 0, 0, 0, 0,
    0, 0, 0, 0, 0, 0, 0, 0,
    0, 0, 0, 0, 0, 0, 0, 0,
    0, 0, 0, 0, 0, 0, 0, 0,
    0, -27, 0, 0, 0, 0, 0, 0,
    0, 0, 0, 0, 0, 0, 0, 0,
    0, 0, 0, 0, 0, 0, 0, 0,
    0, 0, 0, 0, 0, 0, 0, 0,
    0, 0, 0, 0, 0, 0, 0, 0,
    0, 0, 0, 0, 0, 0, 0, 0,
    0, 0, 0, 0, 0, 0, 0, 0,
    0, 0, 0, 0, 0, 0, 0, 0,
    0, 0, 0, 0, 0, 0, 0, 0,
    0, 0, 0, 0, 0, 0, 0, -35,
    0, 0, 0, 0, 0, 0, 0, 0,
    0, 0, 0, 0, 0, 0, 0, 0,
    0, 0, 0, 0, 0, 0, 0, 0,
    0, 0, 0, 0, 0, 0, 0, 0,
    0, 0, 0, 0, 0, 0, 0, 0,
    0, 0, 0, 0, 0, 0, 0, 0,
    0, 0, 0, 0, 0, 0, 0, 0,
    0, 0, 0, 0, 0, 0, 0, 0,
    0, -19, 0, 0, 0, 0, 0, 0,
    0, -10, 0, -2, 0, 0, -20, -3,
    -14, -11, 0, -15, 0, 0, 0, 0,
    0, 0, -2, 0, 0, -3, -2, -8,
    -5, 0, 2, 0, 0, 0, -4, -7,
    0, 0, 0, 0, 0, 0, 3, 0,
    0, 0, 0, -9, 0, 0, 0, 3,
    3, 0, -9, -9, 0, 0, 0, 0,
    0, 3, -8, -18, 0, 0, 0, 0,
    0, 0, 0, 0, 0, 0, 0, 0,
    0, 0, 0, 0, 0, 0, -4, 0,
    -4, 0, 0, -9, 0, 0, 0, 0,
    0, 0, 0, 0, 0, 0, 0, 0,
    0, 0, 0, 0, 0, 0, 0, 0,
    0, 0, 0, 0, 0, 0, 0, 0,
    0, 0, 0, 0, 0, 0, 0, 0,
    0, -2, 0, 0, 0, 0, 0, 0,
    0, 0, 0, 0, 0, 0, 0, 0,
    0, 0, 0, -4, 0, 0, 0, 0,
    0, 0, 0, 0, 0, 0, -5, 0,
    0, 0, 0, 0, 0, -2, 0, 0,
    0, 0, 0, 0, 0, 0, 0, 0,
    0, 0, 0, -3, 0, 0, 0, 0,
    0, 0, 0, 0, 0, 0, 0, 0,
    0, 0, 0, 0, 0, 0, 0, 0,
    0, 0, 0, 0, 0, 0, 0, 0,
    0, 0, 0, 0, 0, 0, 0, 0,
    0, 0, 0, 0, 0, -16, 0, 0,
    0, 0, -3, 0, 0, 0, -4, 0,
    -3, 0, -3, -7, -4, 0, 0, 0,
    0, 0, 0, 0, 0, 0, 0, 0,
    0, 0, 0, 0, -2, -2, 0, 0,
    0, 0, 0, 0, 0, 0, -3, 0,
    0, 0, 0, 0, 0, 0, 0, -5,
    -5, 0, 0, -5, 0, 0, 0, 0,
    0, 0, 0, 0, 0, 0, 0, 0,
    0, 0, 0, 0, 0, 0, 0, 0,
    0, 0, 0, 0, 0, 0, 3, 0,
    0, 0, 0, 0, 0, 0, 0, -3,
    -3, 0, -3, 0, 0, 0, -3, -4,
    -3, 0, 0, 0, 0, 0, 0, 0,
    0, 0, 0, 0, 0, 0, 0, 0,
    0, 0, -3, 0, 0, 0, 0, 0,
    0, 0, 0, 0, 0, 0, 0, 0,
    0, 0, 0, 0, 0, 0, 0, 0,
    0, 0, 0, 0, 0, -37, 0, 0,
    0, 0, -27, 0, -41, 0, 3, 0,
    0, 0, 0, 0, 0, 0, -5, -3,
    0, 0, -3, -4, 0, 0, -3, -4,
    0, 0, 0, 0, 0, 0, 0, 0,
    0, 0, 0, 0, 0, 0, 0, 0,
    0, 0, -3, 0, 0, 0, 0, 0,
    0, 0, 0, 0, 0, 0, 0, 0,
    0, 0, 0, 0, 0, 0, 0, 0,
    0, 0, 0, 0, 0, 0, 0, 0,
    0, 0, 3, 0, 0, 0, -5, 0,
    0, 0, 3, -4, 0, 0, 0, 0,
    0, 0, 0, 0, 0, 0, 0, 0,
    0, 0, 0, 0, 0, 0, 0, 0,
    0, 0, 0, 0, 0, 0, 0, 0,
    0, 0, 0, 0, 0, 0, 0, 3,
    3, 0, -4, 0, 0, 0, 0, 3,
    0, 3, 0, -4, 0, 0, 0, 0,
    0, 0, 0, 0, 0, 0, 0, 0,
    0, 0, -3, 0, 0, 0, 0, 0,
    0, 0, 0, 0, 0, 0, 0, 0,
    0, 0, 0, 0, 0, 0, 0, 0,
    0, 0, 0, 0, 0, 0, 0, 0,
    0, 0, 0, 0, 0, 0, 0, 0,
    0, 0, 0, 0, 0, 0, 0, 0,
    0, 0, 0, 0, 0, 0, 0, 0,
    0, 0, 0, 0, 0, 0, 0, 0,
    0, 0, 0, 0, 0, 0, -10, 0,
    0, 0, 0, -5, 0, 0, 0, 0,
    0, 0, 0, 0, 0, 0, 0, -4,
    0, -4, -4, 0, 0, 0, -4, -6,
    -10, 0, 0, 0, 0, 0, -9, 0,
    0, 0, 0, 0, 0, 0, 0, 0,
    0, 0, -4, -12, 0, 0, 0, 0,
    0, 0, 0, 0, 0, -6, 0, 0,
    0, 0, -11, -15, 0, 0, 0, 0,
    0, -52, 0, 0, 0, 0, 0, 0,
    0, 0, 3, -10, 0, 0, -43, -8,
    -27, -22, 0, -37, 0, 0, 0, 0,
    0, 0, 0, 0, 0, 0, -7, -21,
    -14, 0, 0, 0, 0, 0, 0, 0,
    0, 0, 0, 0, 0, 0, 0, 0,
    0, 0, 0, 0, 0, 0, 0, 0,
    0, 0, 0, 0, 0, 0, 0, 0,
    0, 0, 0, 0, 0, 0, 0, 0,
    0, 0, 0, 0, 0, -51, 0, 0,
    0, 0, -22, 0, -31, 0, 0, 0,
    0, 0, -5, 0, -4, 0, -2, -2,
    0, 0, -2, 0, 0, 2, 0, 2,
    0, 0, 0, 0, 0, 0, 0, 0,
    0, -2, 0, 0, 0, 0, -5, 0,
    0, -4, -2, 0, 0, 0, 0, -14,
    -9, 0, 0, 0, 0, 0, 0, -8,
    0, -6, 0, 0, 0, 0, 0, 0,
    0, 0, 0, 0, 0, 0, 0, 0,
    0, 0, 0, 0, 0, 0, -7, 0,
    -4, -3, 0, -5, 0, 0, 0, 0,
    0, 0, 0, 0, 0, 0, 0, 0,
    0, 0, 0, 0, 0, 0, 0, 0,
    0, 0, 0, 0, 0, 0, 0, 0,
    0, 0, 0, 0, 0, 0, 0, 0,
    0, 0, 0, 0, 0, 0, 0, 0,
    0, 0, 0, 0, 0, 0, 0, 0,
    0, 0, 0, 0, 0, 0, 0, 0,
    0, 0, 0, 0, 0, 0, -12, 0,
    -3, 0, 0, -7, 0, 0, 0, 0,
    0, 0, 0, 0, 0, 0, 0, 0,
    0, 0, 0, 0, 0, 0, 0, 0,
    0, 0, 0, 0, 0, 0, 0, 0,
    0, 0, 0, 0, 0, 0, 0, 0,
    0, 0, 0, 0, 0, 0, 0, 0,
    0, 0, 0, 0, 0, 0, 0, 0,
    -6, 0, 0, 0, 0, -34, -36, 0,
    0, 0, -12, -4, -37, -2, 3, 0,
    3, 2, 0, 3, 0, 0, -18, -15,
    0, -17, -15, -12, -18, 0, -15, -11,
    -9, -12, -9, 0, 0, 0, -13, 0,
    0, -9, -20, 0, 0, -24, 0, 0,
    -19, -24, -15, -15, -23, -22, -25, -14,
    -8, 0, 0, 2, 0, -4, -15, -22,
    -20, -20, -12, -21, 0, -20, -20, -21,
    0, 0, 0, 3, 0, -35, -6, 0,
    0, 0, -12, -2, 0, 0, 0, 0,
    0, 0, 0, 0, 0, 3, -7, -7,
    0, 0, -7, -5, 0, 0, -4, -2,
    0, 0, 0, 3, 0, 0, 0, 0,
    0, 0, 0, 0, 0, 0, 0, 0,
    0, 0, -7, 0, 0, 0, 0, 0,
    0, 0, 0, 0, 0, 0, 0, 0,
    0, 0, 0, 0, 0, 0, 0, 0,
    0, 0, 0, 2, 0, -19, -9, 0,
    0, 0, -7, 0, 0, 0, 2, 0,
    0, 0, 0, 0, 0, 2, -5, -5,
    0, 0, -5, -3, 0, 0, -3, 0,
    0, 0, 0, 2, 0, 0, 0, 0,
    0, 0, 0, 0, 0, 0, 0, 0,
    0, 0, -5, 0, 0, 0, 0, 0,
    0, 0, 0, 0, 0, 0, 0, 0,
    0, 0, 0, 0, 0, 0, 0, 0,
    0, 0, 0, 0, 0, 0, -7, 0,
    0, 0, 0, -4, 0, 0, 0, 0,
    2, 0, 0, 0, 0, 0, 0, -4,
    0, 0, -3, 0, 0, 0, -3, -5,
    0, 0, 0, 0, 0, 0, -7, 0,
    0, -2, 0, 0, -3, 0, 3, 0,
    0, 0, -4, -5, -4, -4, -3, 3,
    3, 0, 0, 0, 0, -4, 0, 0,
    0, 3, -6, -7, 0, 0, 0, 0,
    0, 0, -5, 3, -8, -33, -8, 0,
    0, 0, -15, -5, -15, -2, 3, -15,
    3, 3, 2, 3, 0, 3, -11, -10,
    -3, -6, -10, -6, -9, -3, -6, -3,
    0, -4, -5, 3, 0, 0, -7, 0,
    -3, -3, -9, 2, -4, -7, 0, 0,
    -4, -11, -10, -4, -8, -6, -9, 0,
    0, 0, 0, 0, 0, 0, 0, 0,
    0, 0, 0, 0, 0, 0, 0, 0,
    0, 0, 0, 0, 0, 0, 0, 0,
    0, 0, 2, -4, 0, 0, 0, 0,
    0, 0, 0, 0, 0, 0, 0, -3,
    0, 0, -3, 0, 0, 0, -3, -4,
    -4, 0, 0, 0, 0, 0, -8, 0,
    0, 0, 0, 0, 0, 0, 0, 0,
    0, 0, -3, 0, 0, -4, 0, 0,
    0, 0, 0, 0, 0, 0, 0, 0,
    0, 0, 0, 0, 0, 0, 0, 0,
    0, 0, 0, 0, 0, 0, 0, 0,
    0, 0, 0, 0, -3, 0, 0, -3,
    0, 0, 0, 0, 0, 0, 0, 0,
    0, 0, 0, 0, 0, 0, 0, 0,
    0, 0, 0, 0, 0, 0, 0, 0,
    0, 0, 0, 0, 0, 0, 0, 0,
    0, 0, 0, 0, 0, 0, 0, 0,
    0, 0, 0, 0, 0, 0, 0, 0,
    0, 0, 0, 0, 0, 0, 0, 0,
    0, -10, 0, 0, 0, 0, 0, 0,
    0, 0, 0, 0, 0, 0, 0, 0,
    0, 0, 0, 0, 0, 0, 0, 0,
    0, 0, 0, 0, 0, 0, 0, -2,
    0, 0, 0, 0, 0, 0, 0, 0,
    0, 0, 0, 0, 0, 0, 0, 0,
    0, 0, 0, 0, 0, 0, 0, 0,
    0, 0, 0, 0, 0, 0, 0, 0,
    0, 0, -2, 0, 0, 0, 0, 0,
    0, -5, 0, 0, 0, 0, 0, 0,
    0, 0, 0, 0, 0, 0, 0, 0,
    0, 0, 0, 0, 0, 0, 0, 0,
    0, 0, 0, 0, 0, 0, 0, -2,
    0, -2, -2, 0, 0, 0, 0, 0,
    0, 0, 0, 0, 0, 0, 0, 0,
    0, 0, 0, -3, 0, 0, 0, 0,
    0, 0, 0, 0, 0, 0, 0, -3,
    0, -2, -12, 0, 0, 0, 0, 0,
    0, -2, 0, 0, 0, 0, 0, 0,
    0, 0, 0, 0, 0, 0, 0, 0,
    0, 0, 0, 0, 0, 0, 0, 0,
    0, 0, 0, 0, 0, 0, 0, 0,
    0, 0, 0, 0, 0, 0, 0, 0,
    0, 0, 0, 0, 0, 0, 0, 0,
    0, 0, 0, 0, 0, 0, 0, 0,
    0, 0, 0, 0, 0, 0, 0, 0,
    0, 0, 0, 0, 0, 0, 0, 0,
    0, -2, 0, 0, 0, 0, 0, 0,
    0, 0, 0, 0, 0, 0, 0, 0,
    0, 0, 0, 0, 0, 0, 0, 0,
    0, 0, 0, 0, 0, 0, 0, -2,
    0, 0, 0, 0, 0, 0, 0, 0,
    0, 0, 0, 0, 0, 0, 0, 0,
    0, 0, 0, 0, 0, 0, 0, 0,
    0, 0, 0, 0, 0, 0, 0, 0,
    0, 0, -2, 0, 0, 0, 0, 0,
    0, 3, 0, 3, 0, 0, 0, 0,
    0, 0, 0, 0, 0, 0, 0, 0,
    0, 0, 0, 0, 0, 3, 0, -4,
    0, 0, 0, 0, 0, 0, 0, 0,
    0, 0, 0, 3, 0, 0, 0, 0,
    0, 0, 0, 0, 0, 0, 0, 0,
    0, 0, -4, 0, 0, 0, 0, 0,
    0, 0, 0, 0, 0, 0, 0, 0,
    0, 0, 0, 0, 0, 0, 0, 0,
    0, -16, 0, 0, 0, 0, 0, 0,
    0, 0, 0, 0, 0, 0, 0, 0,
    0, 0, 0, 0, 0, 0, 0, 0,
    0, 0, 0, 0, 0, 0, 0, 0,
    0, 0, 0, 0, 0, 0, 0, 0,
    0, 0, 0, 0, 0, 0, 0, 0,
    0, 0, 0, 0, 0, 0, 0, 0,
    0, 0, 0, 0, 0, 0, 0, 0,
    0, 0, -10, 0, 0, 0, 0, 0,
    0, 0, 0, 0, 0, 0, 0, 0,
    0, 0, 0, 0, 0, 0, 0, 0,
    0, 0, 0, 0, 0, 0, 0, -3,
    0, 0, 0, 0, 0, 0, 0, 0,
    0, 0, 0, 0, 0, 0, 0, 0,
    0, 0, 0, 0, 0, 0, 0, 0,
    0, 0, -3, 0, 0, 0, 0, 0,
    0, 0, 0, 0, 0, 0, 0, 0,
    0, 0, 0, 0, 0, 0, 0, 0,
    0, -21, 0, 0, 0, 0, 0, 0,
    0, 0, 0, 0, 0, 0, 0, 0,
    0, 0, 0, 0, 0, 0, 0, 0,
    0, 0, 0, 0, 0, 0, 0, -2,
    0, -3, -2, 0, 0, 0, 0, 0,
    0, 0, 0, 0, 0, 0, 0, 0,
    0, 0, 0, -3, 0, 0, 0, 0,
    0, 0, 0, 0, 0, 0, 0, -11,
    0, -2, -3, 0, 0, 0, 0, 0,
    0, 3, 0, 0, 0, -19, 0, 0,
    0, 0, 0, 0, 0, 0, 0, 0,
    0, 0, 0, 0, 0, 0, -6, -3,
    2, 0, -3, 0, 0, 8, 0, 3,
    3, 0, 0, 0, 0, 0, 0, 0,
    0, 0, 0, 0, 0, 0, 0, 0,
    0, 0, -3, 0, 0, 0, 0, 0,
    0, 0, 0, 0, 0, 0, 0, 0,
    0, 0, 0, 0, 0, 0, 0, 0,
    0, 0, 0, 0, 0, 0, 0, 0,
    0, 0, 0, 0, 0, 0, 0, 0,
    0, 0, 0, 0, 0, 0, 0, 0,
    0, 0, -3, 0, 0, 0, 0, 0,
    0, 0, 0, 0, 0, 0, 0, 0,
    0, 0, 0, 0, 0, 0, 0, 0,
    0, 0, 0, 0, 0, 0, 0, 0,
    0, 0, 0, 0, 0, 0, 0, 0,
    0, 0, 0, 0, 0, 0, 0, 0,
    0, 2, 0, 0, 0, -17, 0, 0,
    0, 0, 0, 0, 0, 0, 0, 0,
    0, 0, 0, 0, 0, 0, -2, -2,
    2, 0, -2, 0, 0, 0, 0, 0,
    0, 0, 0, 0, 0, 0, 0, 0,
    0, -2, 0, 0, 0, 0, 0, 0,
    2, -3, -2, 2, 0, 0, 0, 0,
    0, 0, 0, 0, 0, 0, 0, -9,
    0, -6, 0, 0, 0, 0, 0, 0,
    0, 0, 0, 0, 0, -19, 0, 0,
    0, 0, 0, 0, 0, 0, 0, 0,
    0, 0, 0, 0, 0, 0, 0, 0,
    0, 0, 0, 0, 0, 0, 0, 0,
    0, 0, 0, 0, 0, 0, 0, 0,
    0, 0, 0, 0, 0, 0, 0, 0,
    0, 0, 0, 0, 0, 0, 0, 0,
    0, 0, 0, 0, 0, 0, 0, 0,
    0, 0, 0, 0, 0, 0, 0, 0,
    0, 0, 0, 0, 0, 0, 0, 0,
    0, 0, 0, 0, 0, 0, 0, 0,
    0, 0, 0, 0, 0, 0, 0, -3,
    0, 0, -3, 0, 0, 0, 0, 0,
    0, 0, 0, 0, 0, 0, 0, 0,
    0, 0, 0, 0, 0, 0, 0, 0,
    0, 0, -3, 0, 0, 0, 0, 0,
    0, 0, 0, 0, 0, 0, 0, 0,
    0, 0, 0, 0, 0, 0, 0, 0,
    0, 0, 0, 0, 0, 0, 0, 0,
    0, 0, 0, 0, 0, 0, 0, 0,
    0, 0, 0, 0, 0, 0, 0, -2,
    0, 0, -2, 0, 0, 0, 0, 0,
    0, 0, 0, 0, 0, 0, 0, 0,
    0, 0, 0, 0, 0, 0, 0, 0,
    0, 0, -2, 0, 0, 0, 0, 0,
    0, 0, 0, 0, 0, 0, 0, 0,
    0, 0, 0, 0, 0, 0, 0, 0,
    0, 0, 0, 0, 0, 0, 0, 0,
    0, 0, 0, 0, -3, 0, 0, -3,
    0, 0, 0, 0, 0, 0, 0, 0,
    0, 0, 0, 0, 0, 0, 0, 0,
    0, 0, 0, 0, 0, 0, 0, 0,
    0, 0, 0, 0, 0, 0, 0, 0,
    0, 0, 0, 0, 0, 0, 0, 0,
    0, 0, 0, 0, 0, 0, 0, 0,
    0, 0, 0, 0, 0, 0, 0, 0,
    0, 0, 0, 0, 0, -61, -65, 0,
    0, 0, -30, -10, 0, -7, 1, 0,
    1, 1, 0, 1, 0, 0, -33, -29,
    0, -32, -29, -23, -34, 0, -28, -22,
    -18, -23, -19, 0, 0, 0, -25, 0,
    0, -18, -38, 0, 0, -44, 0, 0,
    -35, -44, -29, -29, -43, -40, -46, -27,
    -17, 0, 0, 1, 0, -10, -29, -40,
    -37, -38, -24, -38, 0, -38, -37, -39,
    0, 0, 0, 0, 0, 0, 0, 0,
    0, 0, 0, -2, 0, 0, 0, 0,
    0, 0, 0, 0, 0, 0, 0, 0,
    0, 0, 0, 0, 0, 0, 0, 0,
    0, 0, 0, 0, 0, 0, 0, 0,
    0, 0, 0, 0, 0, 0, 2, 0,
    0, 0, 0, 0, 0, 0, 0, 0,
    0, 0, 0, 0, 0, 0, 0, 0,
    0, 0, 0, 0, 0, 0, 0, 0,
    0, 0, 0, 0, 0, 0, 0, 0,
    0, 0, 0, -4, 0, 0, 0, 0,
    0, 0, 0, 0, 0, 0, 0, 0,
    0, 0, 0, 0, 0, 0, 0, 0,
    0, 0, 0, 0, 0, 0, -10, 0,
    0, 0, 0, 0, 0, 0, 3, 0,
    0, 0, 0, 0, 0, 0, 0, 0,
    0, 0, 0, 0, 0, 0, 0, 0,
    0, 0, 0, 0, 0, 0, 0, 0,
    0, 0, 0, 0, 0, 0, 0, 0,
    0, 0, -4, 0, 0, 0, 0, 0,
    0, 0, -7, -7, 0, 0, 0, 0,
    0, 0, 0, 0, 0, 0, 0, 0,
    0, 0, 0, 0, 0, 0, 0, 0,
    0, 0, 0, 0, 0, 0, -5, 0,
    0, 0, 0, 0, 0, 0, 0, 0,
    0, 0, 0, 0, 0, 0, 0, 0,
    0, 0, 0, 0, 0, 0, 0, 0,
    0, 0, 0, 0, 0, -35, 0, 0,
    0, 0, -8, 0, 0, 0, 0, 0,
    0, 0, 0, 0, 0, 0, 0, 0,
    0, 0, 0, 0, 0, 0, 0, 0,
    0, 0, 0, 0, 0, 0, 0, 0,
    0, 0, 0, 0, 0, 0, 0, 0,
    0, -2, 0, 0, 0, 0, 0, 0,
    0, 0, 0, 0, 0, 0, 0, 0,
    0, 0, 0, 0, 0, 0, 0, 0,
    0, 0, 0, 0, 0, 0, 0, 0,
    0, 0, 0, 0, 0, 0, 0, 0,
    0, 0, 0, 0, 0, 0, 0, 0,
    0, 0, 0, 0, 0, 0, 0, 0,
    0, 0, 0, 0, 0, 0, 0, 0,
    0, 0, 0, 0, 0, 0, 2, 0,
    0, 0, 0, 0, 0, 0, 0, 0,
    0, 0, 0, 0, 0, 0, 0, 0,
    0, 0, 0, 0, 0, 0, 0, 0,
    0, 0, 0, 0, 0, 0, 0, 0,
    0, 0, 0, 0, 0, 0, 0, 0,
    0, 0, 0, 0, 0, 0, 0, 0,
    0, 0, 0, 0, 0, 0, 0, 0,
    0, 0, 0, 0, 0, 0, 0, 0,
    0, 0, 0, 0, 0, 0, 0, 0,
    0, 0, 0, -3, 0, 0, 0, 0,
    0, 0, 0, 0, 0, 0, 0, 0,
    0, 0, -10, 0, 0, 0, 0, 0,
    0, 0, 0, 0, 0, 0, 0, 0,
    0, 0, 0, 0, 0, 0, 0, 0,
    0, 0, 0, 0, 0, 0, 0, -6,
    0, -2, -7, 0, 0, 0, -5, -5,
    0, 0, 0, 0, 0, 0, 0, 0,
    0, -3, -4, 0, -3, -4, 0, -2,
    -4, 0, -6, -5, -8, -7, -6, 0,
    0, 0, 0, 0, 0, 0, 0, 0,
    0, 0, 0, 0, 0, 0, 0, 0,
    0, -6, 0, 0, 0, 0, 0, 0,
    0, 0, 0, 0, 0, 0, 0, 0,
    0, 0, 0, 0, 0, 0, 0, -2,
    0, 0, 0, 0, 0, 0, -3, -6,
    0, 0, 0, 0, 0, 0, 0, 0,
    0, 0, 0, 0, -3, 0, 2, 0,
    -3, 0, -2, -9, -4, 0, 0, 0,
    0, 0, 0, 0, 0, 0, 0, 0,
    0, 0, 0, 0, 0, 0, 0, 0,
    0, -15, 0, 0, 0, 0, 0, 0,
    0, 0, 0, 0, 0, 0, 0, 0,
    0, 0, 0, 0, 0, 0, 0, 0,
    -4, 0, 0, 0, 0, 0, -2, -9,
    0, 0, 0, 0, 0, 0, 0, 0,
    0, 0, 0, 0, -3, 0, 3, 0,
    -3, 0, 0, -35, 0, 0, 0, 0,
    0, 0, 0, 0, 0, 0, 0, 0,
    0, 0, 0, 0, 0, 0, 0, 0,
    0, 0, 0, 0, 0, 0, 0, 0,
    0, 0, 0, 0, 0, 0, 0, 0,
    0, 0, 0, 0, 0, 0, 0, -4,
    0, 0, 0, 0, 0, 0, 0, 0,
    0, 0, 0, 0, 0, 0, 0, 0,
    0, 0, 0, 0, 0, 0, 2, 0,
    0, 0, -4, 0, 0, 0, 0, 0,
    0, 0, 0, 0, 0, 0, 0, 0,
    0, 0, 0, 0, 0, 0, 0, 0,
    0, -5, 0, 0, 0, 0, 0, 0,
    0, 0, 0, 0, 0, 0, 0, 0,
    0, 0, 0, 0, 0, 0, 0, 0,
    0, 0, 0, 0, 0, 0, 0, -2,
    0, -2, -2, 0, 0, 0, 0, 0,
    0, 0, 0, 0, 0, 0, 0, 0,
    0, 0, 0, -3, 0, 0, 0, 0,
    0, 0, 0, 0, 0, 0, 0, -3,
    0, -2, -13, 0, 0, 0, 0, 0,
    0, 0, 0, 0, 0, 0, 0, 0,
    0, 0, 0, 0, 0, 0, 0, 0,
    0, 0, 0, 0, 0, 0, 0, 0,
    0, 0, 0, 0, 0, 0, 0, 0,
    0, 0, 0, 0, 0, 0, 0, 0,
    0, 0, 0, 0, 0, 0, 0, 0,
    0, 0, 0, 0, 0, 0, 0, 0,
    0, 0, 0, 0, 0, 0, 0, 0,
    0, 0, -7, 0, 0, 0, 0, 0,
    0, 0, 0, 0, 0, 0, 0, 0,
    0, 0, 0, 0, 0, 0, 0, 0,
    0, 0, 0, 0, 0, 0, 0, 0,
    0, 0, 0, 0, 0, 0, 0, 0,
    0, 0, 0, 0, 0, 0, 0, 0,
    0, 0, 0, 0, 0, 0, 0, 0,
    0, 0, 0, 2, 0, 0, 0, 0,
    0, 0, 0, 0, 0, 0, 0, 0,
    0, 0, 0, 0, 0, 0, 0, 0,
    0, 2, 0, 0, 0, 0, 0, 0,
    0, 0, 0, 0, 0, 0, 0, 0,
    0, 0, 0, 0, 0, 0, 0, -4,
    2, 0, -3, 0, 0, 0, 0, 2,
    0, 0, 0, 0, 0, 0, 0, 0,
    0, -3, 0, 0, 0, 0, 0, 0,
    2, 0, -4, 2, 0, 0, 0, 0,
    0, 0, 0, 0, 0, 0, 0, 0,
    0, 0, 0, 0, 0, 0, 0, 0,
    0, 0, 0, 0, 0, 0, 0, 0,
    0, 0, 0, 0, 0, 0, 0, 0,
    0, 0, 0, 0, 0, 0, 0, 0,
    0, 0, 0, 0, 0, 0, 0, 0,
    0, 0, 0, 0, 0, 0, 0, 0,
    0, 0, 0, 0, 0, 0, 0, 0,
    0, 0, 0, 0, 0, 0, 0, 0,
    0, 0, 0, 0, 0, 0, 0, 0,
    0, 0, -6, 0, 0, 0, 0, 0,
    0, 0, 0, 0, 0, 0, 0, 0,
    0, 0, 0, 0, 0, 0, 0, 0,
    0, 0, 0, 0, 0, 0, 0, 0,
    0, 0, 0, 0, 0, 0, 0, 0,
    0, -3, -3, 0, 0, 0, 0, 0,
    0, 0, 0, 0, 0, 0, 0, 0,
    0, 0, 0, 0, 0, 0, 0, 0,
    0, 0, 0, 0, 0, 0, 0, 0,
    0, 0, -13, 0, 0, 0, 0, 0,
    0, 0, 0, 0, 0, 0, 0, 0,
    0, 0, 0, 0, 0, 0, 0, 0,
    0, 0, 0, 0, 0, 0, 0, 0,
    0, 0, 0, 0, 0, 0, 0, 0,
    0, -2, -2, 0, 0, 0, 0, 0,
    0, 0, 0, 0, 0, 0, 0, 0,
    0, 0, 0, 0, 0, 0, 0, 0,
    0, 0, 0, 0, 0, 0, 0, 0,
    0, 0, 0, 0, 0, 0, 0, 0,
    0, 0, 0, 0, 0, 0, 0, 0,
    0, 0, 0, 0, 0, 0, 0, 0,
    0, 0, 0, 0, 0, 0, 0, 0,
    0, 0, 0, 0, 0, 0, 0, -2,
    0, -2, -2, 0, 0, 0, 0, 0,
    0, 0, 0, 0, 0, 0, 0, 0,
    0, 0, 0, 0, 0, 0, 0, 0,
    0, 0, 0, 0, 0, 0, 0, 0,
    0, 0, 0, 0, 0, 0, 0, 0,
    0, 0, 0, 0, 0, 0, 0, 0,
    0, 0, 0, 0, 0, 0, -4, 0,
    -4, 0, -2, -4, 0, 0, 0, 0,
    0, 0, 0, 0, 0, 0, 0, 0,
    0, -2, 0, 0, 0, 0, 0, 0,
    0, 0, 0, 0, 0, 0, 0, 0,
    0, 0, 0, 0, 0, 0, 0, 0,
    0, -3, -4, -4, 0, 0, 0, 0,
    0, 0, -7, 0, 0, 0, 0, 0,
    0, 0, 0, 0, 0, 0, 0, 0,
    0, 0, 3, -4, 0, 0, -5, 0,
    -5, 0, 0, -5, 0, 0, 0, 0,
    0, 0, 0, 0, 0, 0, 0, 0,
    0, 0, 0, 0, 0, 0, 0, 0,
    0, 0, 0, 0, 0, 0, 0, 0,
    0, 0, 0, 0, 0, 0, 0, 3,
    3, 0, -5, -5, 0, 0, 0, 3,
    0, 3, 0, -5, 0, 0, 0, 0,
    0, 0, 0, 0, 0, 0, 0, 0,
    -2, 0, 0, 0, 0, 0, -2, 0,
    -2, 0, -2, -2, 0, 0, 0, 0,
    0, 0, 0, 0, 0, 0, 0, 0,
    0, 0, 0, 0, 0, 0, 0, 0,
    0, 0, 0, 0, 0, 0, 0, 0,
    0, 0, 0, 0, 0, 0, 0, 0,
    -2, -2, 0, -2, 0, 0, 0, 0,
    0, 0, 0, 0, 0, 0, 0, 0,
    0, 0, 0, 0, 0, -63, -19, 0,
    0, 0, -14, -4, 0, 0, 3, 0,
    0, 0, 0, 3, 0, 0, -17, -10,
    0, -16, -10, 0, -7, 0, 0, 0,
    0, 0, 0, 0, 0, 0, 0, 0,
    0, 0, 0, 0, 0, 0, 0, 0,
    0, 0, -10, 0, 0, 0, 0, -13,
    -8, 0, 0, 3, 0, 0, -5, -13,
    -7, -11, 0, -4, 0, -5, 0, -7,
    0, 0, 0, 0, 0, 0, 0, 0,
    0, 0, 2, 0, 0, 0, -4, 0,
    -4, 0, 2, -4, 0, 0, 0, 0,
    0, 0, 0, 0, 0, 0, 0, 0,
    0, 0, 0, 0, 0, 0, 0, 0,
    0, 0, 0, 0, 0, 0, 0, 0,
    0, 0, 0, 0, 0, 0, 0, 3,
    2, 2, -4, -4, -2, 0, 0, 3,
    0, 2, -4, -4, 0, 0, 0, 0,
    0, -10, 0, 0, 0, 0, 0, 0,
    0, 0, 0, 0, 0, 0, -42, 0,
    -9, 0, -2, -13, 0, 0, 0, 0,
    0, 0, 0, 0, 0, 0, 0, 0,
    0, -9, 0, 0, 0, 0, 0, 0,
    0, 0, 0, 0, 0, 0, 0, 0,
    0, 0, 0, 0, 0, 0, 0, 0,
    -2, -3, -4, -10, 0, 0, 0, 0,
    0, 0, -8, 0, 0, 0, 0, 0,
    0, 0, 0, 0, 0, 0, 0, 0,
    0, 0, 0, 0, 0, 0, -5, 0,
    0, 0, -4, -4, 0, 0, 0, 0,
    0, 0, 0, 0, 0, 0, 0, 0,
    0, 0, 0, 0, 0, 0, 0, 0,
    0, 0, 0, 0, 0, 0, 0, 0,
    0, 0, 0, 0, 0, 0, 0, -5,
    -4, -4, 0, 0, 0, 0, 0, 0,
    0, -3, 0, 0, 0, 0, 0, 0,
    0, 0, 0, 0, 0, 0, 0, 0,
    0, 0, 0, 0, 0, 0, -5, 0,
    0, 0, -4, 0, 0, 0, 0, 0,
    0, 0, 0, 0, 0, 0, 0, 0,
    0, 0, 0, 0, 0, 0, 0, 0,
    0, 0, 0, 0, 0, 0, 0, 0,
    0, 0, 0, 0, 0, 0, 0, -5,
    -4, -4, 0, 0, 0, 0, 0, -4,
    0, -3, 0, 0, 0, 0, 0, 0,
    0, 0, 0, 0, 0, 0, 0, 0,
    0, 0, 0, 0, 0, 0, -3, 0,
    0, 0, 0, -2, 0, 0, 0, 0,
    0, 0, 0, 0, 0, 0, 0, 0,
    0, 0, 0, 0, 0, 0, 0, 0,
    0, 0, 0, 0, 0, 0, 0, 0,
    0, 0, 0, 0, 0, 0, 0, 0,
    0, 0, 0, 0, 0, 0, 0, 0,
    0, 0, 0, 0, 0, 0, 0, 0,
    0, 0, 0, 0, 0, 0, 0, 0,
    0, 0, 0, 0, 0, 0, 0, 0,
    0, 0, 0, 0, 0, 0, 0, 0,
    0, -3, 0, 0, 0, 0, 0, 0,
    0, -2, 0, 0, 0, 0, 0, 0,
    0, 0, 0, 0, 0, 0, 0, 0,
    0, 0, 0, 0, 0, 0, 0, 0,
    0, 0, 0, 0, 0, 0, 0, -3,
    0, 0, -3, 0, 0, 0, 0, 0,
    0, -2, 0, 0, 0, 0, 0, 0,
    0, 0, 0, 0, 0, 0, 0, 0,
    0, 0, 0, 0, 0, 0, 0, 0,
    0, 0, 0, 0, 0, 0, 0, -2,
    0, 0, 0, 0, 0, 0, 0, 0,
    0, 0, 0, 0, 0, 0, 0, 0,
    0, 0, 0, 0, 0, 0, 0, 0,
    0, 0, 0, 0, 0, 0, 0, 0,
    0, 0, -2, 0, 0, 0, 0, 0,
    0, 0, 0, 0, 0, 0, 0, 0,
    0, 0, 0, 0, 0, 0, 0, 0,
    0, 0, 0, 0, 0, 0, 0, -3,
    0, 0, -3, 0, 0, 0, 0, 0,
    0, 0, 0, 0, 0, 0, 0, 0,
    0, 0, 0, 0, 0, 0, 0, 0,
    0, 0, -3, 0, 0, 0, 0, 0,
    0, 0, 0, 0, 0, 0, 0, -9,
    0, -6, 0, 0, 0, 0, 0, 0,
    0, 0, 0, 0, 0, 0, 0, 0,
    0, 0, 0, 0, 0, 0, 0, 0,
    0, 0, 0, 0, 0, 0, 0, 0,
    0, 0, 0, 0, 0, 0, 0, 0,
    0, 0, 0, 0, 0, 0, 0, 0,
    0, 0, 0, 0, 0, 0, 0, 0,
    0, 0, 0, 0, 0, 0, 0, 0,
    0, 0, 0, 0, 0, 0, 0, 3,
    0, 0, -3, -3, -5, 0, 0, 0,
    0, 0, 0, 0, 0, 0, 0, 0,
    0, 0, 0, 0, 0, 0, 0, 0,
    0, 0, 0, 0, 0, 0, 0, -2,
    0, 0, -3, 0, 0, 0, 0, 0,
    0, 0, 0, 0, 0, 0, 0, 0,
    0, 0, 0, 0, 0, 0, 0, 0,
    0, 0, -2, 0, 0, 0, 0, 0,
    0, 0, 0, 0, 0, 0, 0, 0,
    0, 0, 0, 0, 0, 0, 0, 0,
    0, 2, 0, 0, 0, 0, 0, 0,
    0, 0, 0, 0, 0, 0, 0, 0,
    0, 0, 0, 0, 0, 0, -2, -12,
    2, 0, -7, 0, 0, 0, 0, 2,
    0, 0, 0, 0, 0, 0, 0, 0,
    0, -12, 0, 0, 0, 0, 0, 0,
    0, -13, -10, 0, -7, 0, 0, 0,
    0, 0, 0, 0, 0, 0, 0, -13,
    0, -13, 0, 0, 0, 0, 0, 0,
    0, 0, 0, 0, 0, 0, 0, 0,
    0, 0, 0, 0, 0, 0, 0, 0,
    0, 0, 0, 0, 0, 0, 0, 0,
    0, 0, 0, 0, 0, 0, 0, 0,
    0, 0, 0, 0, 0, 0, 0, 0,
    0, 0, 0, 0, 0, 0, 0, 0,
    0, 0, 0, 0, 0, 0, 0, 0,
    0, 0, 0, 0, 0, 0, 0, 3,
    0, 3, -2, -2, 0, 0, 0, 2,
    0, 0, 0, 0, 0, 0, 0, 0,
    0, 0, 0, 0, 0, 0, 0, 0,
    0, 0, 0, 0, 0, 0, 0, 2,
    0, 0, 0, 0, 0, 0, 0, 0,
    0, 0, 0, 0, 0, 0, 0, 0,
    0, 0, 0, 0, 0, 0, 0, 0,
    0, 0, 2, 0, 0, 0, 0, 0,
    0, 0, 0, 0, 0, 0, 0, 9,
    0, 4, -5, -1, 0, 0, 0, 0,
    0, -21, 0, 0, 0, 0, 0, 0,
    0, 0, 0, 0, 0, 0, 0, 0,
    0, 0, 0, 0, 0, 0, 0, 0,
    0, 0, 0, 0, 0, 0, 0, -5,
    0, -2, 0, 0, 0, 0, 0, 0,
    0, 0, 0, 0, 0, 0, 0, 0,
    0, 0, 0, 0, 0, 0, 0, 0,
    0, 0, 0, 0, 0, 0, 0, 0,
    0, 0, -11, -6, 0, 0, 0, 0,
    0, 0, 0, 0, 0, 0, 0, 0,
    0, 0, 0, 0, 0, 0, 0, 0,
    0, 0, 0, 0, 0, 0, 0, 0,
    0, 0, 0, 0, 0, 0, 0, -2,
    0, -2, 0, 0, 0, 0, 0, 0,
    0, 0, 0, 0, 0, 0, 0, 0,
    0, 0, 0, 0, 0, 0, 0, 0,
    0, 0, 0, 0, 0, 0, 0, -3,
    0, -2, 0, 0, 0, 0, 0, 0
};


/*Collect the kern class' data in one place*/
static const lv_font_fmt_txt_kern_classes_t kern_classes =
{
    .class_pair_values   = kern_class_values,
    .left_class_mapping  = kern_left_class_mapping,
    .right_class_mapping = kern_right_class_mapping,
    .left_class_cnt      = 78,
    .right_class_cnt     = 72,
};

/*--------------------
 *  ALL CUSTOM DATA
 *--------------------*/

#if LVGL_VERSION_MAJOR == 8
/*Store all the custom data of the font*/
static  lv_font_fmt_txt_glyph_cache_t cache;
#endif

#if LVGL_VERSION_MAJOR >= 8
static const lv_font_fmt_txt_dsc_t font_dsc = {
#else
static lv_font_fmt_txt_dsc_t font_dsc = {
#endif
    .glyph_bitmap = glyph_bitmap,
    .glyph_dsc = glyph_dsc,
    .cmaps = cmaps,
    .kern_dsc = &kern_classes,
    .kern_scale = 16,
    .cmap_num = 6,
    .bpp = 4,
    .kern_classes = 1,
    .bitmap_format = 0,
#if LVGL_VERSION_MAJOR == 8
    .cache = &cache
#endif
};



/*-----------------
 *  PUBLIC FONT
 *----------------*/

/*Initialize a public general font descriptor*/
#if LVGL_VERSION_MAJOR >= 8
const lv_font_t ui_font_roboto_20 = {
#else
lv_font_t ui_font_roboto_20 = {
#endif
    .get_glyph_dsc = lv_font_get_glyph_dsc_fmt_txt,    /*Function pointer to get glyph's data*/
    .get_glyph_bitmap = lv_font_get_bitmap_fmt_txt,    /*Function pointer to get glyph's bitmap*/
    .line_height = 23,          /*The maximum line height required by the font*/
    .base_line = 5,             /*Baseline measured from the bottom of the line*/
#if !(LVGL_VERSION_MAJOR == 6 && LVGL_VERSION_MINOR == 0)
    .subpx = LV_FONT_SUBPX_NONE,
#endif
#if LV_VERSION_CHECK(7, 4, 0) || LVGL_VERSION_MAJOR >= 8
    .underline_position = -1,
    .underline_thickness = 1,
#endif
    .dsc = &font_dsc,          /*The custom font data. Will be accessed by `get_glyph_bitmap/dsc` */
#if LV_VERSION_CHECK(8, 2, 0) || LVGL_VERSION_MAJOR >= 9
    .fallback = NULL,
#endif
    .user_data = NULL,
};



#endif /*#if UI_FONT_ROBOTO_20*/

