/*******************************************************************************
 * Size: 36 px
 * Bpp: 4
 * Opts: --font Roboto-Bold.ttf --bpp 4 --size 36 --no-compress --range 0x20-0x7F --range 0x390-0x3C9 --range 0x410-0x44F --range 0x401,0x451 --format lvgl --output ui_font_roboto_bold_36.c --lv-font-name ui_font_roboto_bold_36
 ******************************************************************************/

#ifdef LV_LVGL_H_INCLUDE_SIMPLE
#include "lvgl.h"
#else
#include "lvgl.h"
#endif

#ifndef UI_FONT_ROBOTO_BOLD_36
#define UI_FONT_ROBOTO_BOLD_36 1
#endif

#if UI_FONT_ROBOTO_BOLD_36

/*-----------------
 *    BITMAPS
 *----------------*/

/*Store the image of the glyphs*/
static LV_ATTRIBUTE_LARGE_CONST const uint8_t glyph_bitmap[] = {
    /* U+0020 " " */

    /* U+0021 "!" */
    0xaf, 0xff, 0xfb, 0xaf, 0xff, 0xfa, 0x9f, 0xff,
    0xfa, 0x9f, 0xff, 0xf9, 0x8f, 0xff, 0xf9, 0x8f,
    0xff, 0xf8, 0x7f, 0xff, 0xf8, 0x7f, 0xff, 0xf7,
    0x6f, 0xff, 0xf7, 0x6f, 0xff, 0xf6, 0x5f, 0xff,
    0xf6, 0x4f, 0xff, 0xf5, 0x4f, 0xff, 0xf5, 0x3f,
    0xff, 0xf4, 0x3f, 0xff, 0xf4, 0x2f, 0xff, 0xf3,
    0x2f, 0xff, 0xf3, 0x1f, 0xff, 0xf2, 0x4, 0x44,
    0x40, 0x0, 0x0, 0x0, 0x2, 0x77, 0x20, 0x3f,
    0xff, 0xf4, 0xaf, 0xff, 0xfb, 0xcf, 0xff, 0xfd,
    0x7f, 0xff, 0xf8, 0x8, 0xee, 0x90,

    /* U+0022 "\"" */
    0xef, 0xfa, 0x2, 0xff, 0xf6, 0xef, 0xfa, 0x2,
    0xff, 0xf6, 0xef, 0xfa, 0x2, 0xff, 0xf6, 0xef,
    0xf9, 0x2, 0xff, 0xf4, 0xef, 0xf7, 0x2, 0xff,
    0xf3, 0xef, 0xf6, 0x2, 0xff, 0xf1, 0xef, 0xf4,
    0x2, 0xff, 0xf0, 0xef, 0xf3, 0x2, 0xff, 0xe0,
    0xef, 0xf1, 0x2, 0xff, 0xd0, 0xdf, 0xf0, 0x2,
    0xff, 0xb0,

    /* U+0023 "#" */
    0x0, 0x0, 0x0, 0xc, 0xff, 0x70, 0x2, 0xff,
    0xf1, 0x0, 0x0, 0x0, 0x0, 0xe, 0xff, 0x40,
    0x5, 0xff, 0xe0, 0x0, 0x0, 0x0, 0x0, 0x1f,
    0xff, 0x10, 0x8, 0xff, 0xb0, 0x0, 0x0, 0x0,
    0x0, 0x4f, 0xfe, 0x0, 0xb, 0xff, 0x80, 0x0,
    0x0, 0x0, 0x0, 0x7f, 0xfb, 0x0, 0xd, 0xff,
    0x50, 0x0, 0x0, 0x0, 0x0, 0xaf, 0xf8, 0x0,
    0xf, 0xff, 0x20, 0x0, 0x0, 0x0, 0x0, 0xdf,
    0xf5, 0x0, 0x3f, 0xff, 0x0, 0x0, 0x9, 0xff,
    0xff, 0xff, 0xff, 0xff, 0xff, 0xff, 0xff, 0xfc,
    0x9, 0xff, 0xff, 0xff, 0xff, 0xff, 0xff, 0xff,
    0xff, 0xfc, 0x9, 0xff, 0xff, 0xff, 0xff, 0xff,
    0xff, 0xff, 0xff, 0xfc, 0x1, 0x22, 0x29, 0xff,
    0xb2, 0x22, 0xff, 0xf5, 0x22, 0x21, 0x0, 0x0,
    0xb, 0xff, 0x70, 0x1, 0xff, 0xf1, 0x0, 0x0,
    0x0, 0x0, 0xe, 0xff, 0x40, 0x4, 0xff, 0xe0,
    0x0, 0x0, 0x0, 0x0, 0x1f, 0xff, 0x20, 0x7,
    0xff, 0xb0, 0x0, 0x0, 0x0, 0x0, 0x4f, 0xff,
    0x0, 0xa, 0xff, 0x90, 0x0, 0x0, 0xef, 0xff,
    0xff, 0xff, 0xff, 0xff, 0xff, 0xff, 0xff, 0x60,
    0xef, 0xff, 0xff, 0xff, 0xff, 0xff, 0xff, 0xff,
    0xff, 0x60, 0xef, 0xff, 0xff, 0xff, 0xff, 0xff,
    0xff, 0xff, 0xff, 0x60, 0x12, 0x22, 0xff, 0xf5,
    0x22, 0x7f, 0xfe, 0x22, 0x22, 0x0, 0x0, 0x1,
    0xff, 0xf1, 0x0, 0x8f, 0xfb, 0x0, 0x0, 0x0,
    0x0, 0x4, 0xff, 0xf0, 0x0, 0xaf, 0xf8, 0x0,
    0x0, 0x0, 0x0, 0x6, 0xff, 0xc0, 0x0, 0xdf,
    0xf6, 0x0, 0x0, 0x0, 0x0, 0x9, 0xff, 0x90,
    0x0, 0xff, 0xf3, 0x0, 0x0, 0x0, 0x0, 0xc,
    0xff, 0x70, 0x2, 0xff, 0xf1, 0x0, 0x0, 0x0,
    0x0, 0xe, 0xff, 0x40, 0x4, 0xff, 0xe0, 0x0,
    0x0, 0x0, 0x0, 0x1f, 0xff, 0x20, 0x7, 0xff,
    0xc0, 0x0, 0x0, 0x0,

    /* U+0024 "$" */
    0x0, 0x0, 0x0, 0x0, 0x7f, 0xf5, 0x0, 0x0,
    0x0, 0x0, 0x0, 0x0, 0x0, 0x7f, 0xf5, 0x0,
    0x0, 0x0, 0x0, 0x0, 0x0, 0x0, 0x7f, 0xf5,
    0x0, 0x0, 0x0, 0x0, 0x0, 0x0, 0x0, 0x7f,
    0xf5, 0x0, 0x0, 0x0, 0x0, 0x0, 0x3, 0xae,
    0xff, 0xff, 0xc6, 0x0, 0x0, 0x0, 0x0, 0xaf,
    0xff, 0xff, 0xff, 0xff, 0xd2, 0x0, 0x0, 0xb,
    0xff, 0xff, 0xff, 0xff, 0xff, 0xfe, 0x20, 0x0,
    0x7f, 0xff, 0xff, 0xff, 0xff, 0xff, 0xff, 0xc0,
    0x0, 0xef, 0xff, 0xfd, 0x41, 0x2a, 0xff, 0xff,
    0xf3, 0x3, 0xff, 0xff, 0xf2, 0x0, 0x0, 0xcf,
    0xff, 0xf9, 0x5, 0xff, 0xff, 0xc0, 0x0, 0x0,
    0x5f, 0xff, 0xfc, 0x6, 0xff, 0xff, 0xb0, 0x0,
    0x0, 0x2f, 0xff, 0xfe, 0x5, 0xff, 0xff, 0xe0,
    0x0, 0x0, 0x7, 0x77, 0x77, 0x2, 0xff, 0xff,
    0xf7, 0x0, 0x0, 0x0, 0x0, 0x0, 0x0, 0xdf,
    0xff, 0xff, 0xa1, 0x0, 0x0, 0x0, 0x0, 0x0,
    0x5f, 0xff, 0xff, 0xff, 0xa3, 0x0, 0x0, 0x0,
    0x0, 0x8, 0xff, 0xff, 0xff, 0xff, 0xb2, 0x0,
    0x0, 0x0, 0x0, 0x6f, 0xff, 0xff, 0xff, 0xff,
    0x70, 0x0, 0x0, 0x0, 0x1, 0xaf, 0xff, 0xff,
    0xff, 0xfb, 0x0, 0x0, 0x0, 0x0, 0x2, 0xaf,
    0xff, 0xff, 0xff, 0xb0, 0x0, 0x0, 0x0, 0x0,
    0x1, 0x8f, 0xff, 0xff, 0xf4, 0x0, 0x0, 0x0,
    0x0, 0x0, 0x3, 0xff, 0xff, 0xfa, 0x15, 0x55,
    0x53, 0x0, 0x0, 0x0, 0x7f, 0xff, 0xfd, 0x5f,
    0xff, 0xfc, 0x0, 0x0, 0x0, 0x2f, 0xff, 0xff,
    0x3f, 0xff, 0xfe, 0x0, 0x0, 0x0, 0x2f, 0xff,
    0xff, 0xf, 0xff, 0xff, 0x40, 0x0, 0x0, 0x6f,
    0xff, 0xfd, 0xc, 0xff, 0xff, 0xe5, 0x0, 0x4,
    0xef, 0xff, 0xf9, 0x4, 0xff, 0xff, 0xff, 0xec,
    0xef, 0xff, 0xff, 0xf3, 0x0, 0x9f, 0xff, 0xff,
    0xff, 0xff, 0xff, 0xff, 0x90, 0x0, 0x8, 0xff,
    0xff, 0xff, 0xff, 0xff, 0xf9, 0x0, 0x0, 0x0,
    0x2a, 0xff, 0xff, 0xff, 0xfc, 0x40, 0x0, 0x0,
    0x0, 0x0, 0x14, 0xef, 0xf5, 0x10, 0x0, 0x0,
    0x0, 0x0, 0x0, 0x0, 0xdf, 0xf0, 0x0, 0x0,
    0x0, 0x0, 0x0, 0x0, 0x0, 0xdf, 0xf0, 0x0,
    0x0, 0x0, 0x0, 0x0, 0x0, 0x0, 0xdf, 0xf0,
    0x0, 0x0, 0x0,

    /* U+0025 "%" */
    0x0, 0x7, 0xcf, 0xfe, 0xa3, 0x0, 0x0, 0x0,
    0x0, 0x0, 0x0, 0x0, 0x0, 0x1d, 0xff, 0xff,
    0xff, 0xf6, 0x0, 0x0, 0x0, 0x0, 0x0, 0x0,
    0x0, 0xb, 0xff, 0xff, 0xff, 0xff, 0xf2, 0x0,
    0x0, 0x0, 0x0, 0x0, 0x0, 0x1, 0xff, 0xfb,
    0x21, 0x6f, 0xff, 0x90, 0x0, 0x2, 0xf9, 0x10,
    0x0, 0x0, 0x4f, 0xff, 0x20, 0x0, 0xbf, 0xfb,
    0x0, 0x0, 0xcf, 0xf7, 0x0, 0x0, 0x5, 0xff,
    0xf1, 0x0, 0x9, 0xff, 0xc0, 0x0, 0x7f, 0xfd,
    0x0, 0x0, 0x0, 0x4f, 0xff, 0x20, 0x0, 0xaf,
    0xfb, 0x0, 0x2f, 0xff, 0x30, 0x0, 0x0, 0x2,
    0xff, 0xfb, 0x20, 0x5f, 0xff, 0x90, 0xb, 0xff,
    0x90, 0x0, 0x0, 0x0, 0xb, 0xff, 0xff, 0xff,
    0xff, 0xf2, 0x6, 0xff, 0xe0, 0x0, 0x0, 0x0,
    0x0, 0x1d, 0xff, 0xff, 0xff, 0xf6, 0x1, 0xef,
    0xf4, 0x0, 0x0, 0x0, 0x0, 0x0, 0x8, 0xdf,
    0xfe, 0xb3, 0x0, 0xaf, 0xfa, 0x0, 0x0, 0x0,
    0x0, 0x0, 0x0, 0x0, 0x0, 0x0, 0x0, 0x4f,
    0xfe, 0x10, 0x0, 0x0, 0x0, 0x0, 0x0, 0x0,
    0x0, 0x0, 0x0, 0xe, 0xff, 0x60, 0x0, 0x0,
    0x0, 0x0, 0x0, 0x0, 0x0, 0x0, 0x0, 0x9,
    0xff, 0xb0, 0x0, 0x0, 0x0, 0x0, 0x0, 0x0,
    0x0, 0x0, 0x0, 0x3, 0xff, 0xf2, 0x5, 0xbf,
    0xff, 0xb4, 0x0, 0x0, 0x0, 0x0, 0x0, 0x0,
    0xdf, 0xf7, 0x9, 0xff, 0xff, 0xff, 0xf8, 0x0,
    0x0, 0x0, 0x0, 0x0, 0x7f, 0xfd, 0x5, 0xff,
    0xff, 0xff, 0xff, 0xf4, 0x0, 0x0, 0x0, 0x0,
    0x2f, 0xff, 0x30, 0xcf, 0xfe, 0x40, 0x4f, 0xff,
    0xb0, 0x0, 0x0, 0x0, 0xc, 0xff, 0x80, 0xf,
    0xff, 0x70, 0x0, 0x8f, 0xff, 0x0, 0x0, 0x0,
    0x6, 0xff, 0xe0, 0x1, 0xff, 0xf4, 0x0, 0x5,
    0xff, 0xf0, 0x0, 0x0, 0x1, 0xff, 0xf4, 0x0,
    0x1f, 0xff, 0x40, 0x0, 0x5f, 0xff, 0x0, 0x0,
    0x0, 0xbf, 0xfa, 0x0, 0x0, 0xff, 0xf7, 0x0,
    0x7, 0xff, 0xf0, 0x0, 0x0, 0xb, 0xfe, 0x10,
    0x0, 0xc, 0xff, 0xf5, 0x14, 0xef, 0xfb, 0x0,
    0x0, 0x0, 0x3, 0x40, 0x0, 0x0, 0x5f, 0xff,
    0xff, 0xff, 0xff, 0x40, 0x0, 0x0, 0x0, 0x0,
    0x0, 0x0, 0x0, 0x8f, 0xff, 0xff, 0xff, 0x80,
    0x0, 0x0, 0x0, 0x0, 0x0, 0x0, 0x0, 0x0,
    0x4b, 0xef, 0xeb, 0x40, 0x0,

    /* U+0026 "&" */
    0x0, 0x0, 0x1, 0x7c, 0xef, 0xeb, 0x50, 0x0,
    0x0, 0x0, 0x0, 0x0, 0x0, 0x5, 0xff, 0xff,
    0xff, 0xff, 0xc1, 0x0, 0x0, 0x0, 0x0, 0x0,
    0x4, 0xff, 0xff, 0xff, 0xff, 0xff, 0xc0, 0x0,
    0x0, 0x0, 0x0, 0x0, 0xdf, 0xff, 0xff, 0xff,
    0xff, 0xff, 0x60, 0x0, 0x0, 0x0, 0x0, 0x4f,
    0xff, 0xfe, 0x64, 0x7f, 0xff, 0xfc, 0x0, 0x0,
    0x0, 0x0, 0x7, 0xff, 0xff, 0x40, 0x0, 0x8f,
    0xff, 0xe0, 0x0, 0x0, 0x0, 0x0, 0x8f, 0xff,
    0xf0, 0x0, 0x4, 0xff, 0xfd, 0x0, 0x0, 0x0,
    0x0, 0x7, 0xff, 0xff, 0x20, 0x0, 0x9f, 0xff,
    0xa0, 0x0, 0x0, 0x0, 0x0, 0x3f, 0xff, 0xfa,
    0x0, 0x7f, 0xff, 0xf3, 0x0, 0x0, 0x0, 0x0,
    0x0, 0xcf, 0xff, 0xf7, 0xcf, 0xff, 0xf7, 0x0,
    0x0, 0x0, 0x0, 0x0, 0x3, 0xff, 0xff, 0xff,
    0xff, 0xf7, 0x0, 0x0, 0x0, 0x0, 0x0, 0x0,
    0x8, 0xff, 0xff, 0xff, 0xe4, 0x0, 0x0, 0x0,
    0x0, 0x0, 0x0, 0x0, 0x9f, 0xff, 0xff, 0xf2,
    0x0, 0x0, 0x0, 0x0, 0x0, 0x0, 0x1, 0xcf,
    0xff, 0xff, 0xff, 0xc0, 0x0, 0xa, 0xff, 0xf9,
    0x0, 0x1, 0xdf, 0xff, 0xff, 0xff, 0xff, 0xa0,
    0x0, 0xcf, 0xff, 0x90, 0x0, 0xcf, 0xff, 0xfa,
    0x5f, 0xff, 0xff, 0x80, 0xf, 0xff, 0xf7, 0x0,
    0x5f, 0xff, 0xfd, 0x0, 0x6f, 0xff, 0xff, 0x64,
    0xff, 0xff, 0x40, 0x9, 0xff, 0xff, 0x70, 0x0,
    0x8f, 0xff, 0xff, 0xdf, 0xff, 0xf1, 0x0, 0xbf,
    0xff, 0xf5, 0x0, 0x0, 0xaf, 0xff, 0xff, 0xff,
    0xfb, 0x0, 0xa, 0xff, 0xff, 0x80, 0x0, 0x0,
    0xcf, 0xff, 0xff, 0xff, 0x40, 0x0, 0x8f, 0xff,
    0xff, 0x20, 0x0, 0x1, 0xef, 0xff, 0xff, 0xb0,
    0x0, 0x3, 0xff, 0xff, 0xff, 0x74, 0x47, 0xcf,
    0xff, 0xff, 0xfb, 0x0, 0x0, 0xb, 0xff, 0xff,
    0xff, 0xff, 0xff, 0xff, 0xff, 0xff, 0xf7, 0x0,
    0x0, 0x1d, 0xff, 0xff, 0xff, 0xff, 0xff, 0xff,
    0xff, 0xff, 0xf4, 0x0, 0x0, 0x1b, 0xff, 0xff,
    0xff, 0xff, 0xff, 0x9b, 0xff, 0xff, 0xe1, 0x0,
    0x0, 0x3, 0x9c, 0xef, 0xfd, 0xa6, 0x10, 0x1e,
    0xff, 0xff, 0xc0,

    /* U+0027 "'" */
    0xef, 0xfd, 0xef, 0xfd, 0xef, 0xfd, 0xef, 0xfc,
    0xef, 0xfb, 0xef, 0xfa, 0xef, 0xf9, 0xef, 0xf7,
    0xef, 0xf6, 0xdf, 0xf5,

    /* U+0028 "(" */
    0x0, 0x0, 0x0, 0x0, 0x10, 0x0, 0x0, 0x0,
    0x7, 0xf3, 0x0, 0x0, 0x0, 0x9f, 0xf9, 0x0,
    0x0, 0x9, 0xff, 0xfc, 0x0, 0x0, 0x6f, 0xff,
    0xd1, 0x0, 0x2, 0xff, 0xff, 0x20, 0x0, 0xb,
    0xff, 0xf7, 0x0, 0x0, 0x3f, 0xff, 0xd0, 0x0,
    0x0, 0xbf, 0xff, 0x50, 0x0, 0x2, 0xff, 0xfe,
    0x0, 0x0, 0x7, 0xff, 0xf9, 0x0, 0x0, 0xc,
    0xff, 0xf5, 0x0, 0x0, 0x1f, 0xff, 0xf1, 0x0,
    0x0, 0x4f, 0xff, 0xe0, 0x0, 0x0, 0x7f, 0xff,
    0xc0, 0x0, 0x0, 0x9f, 0xff, 0xa0, 0x0, 0x0,
    0xaf, 0xff, 0x90, 0x0, 0x0, 0xbf, 0xff, 0x80,
    0x0, 0x0, 0xcf, 0xff, 0x80, 0x0, 0x0, 0xcf,
    0xff, 0x70, 0x0, 0x0, 0xcf, 0xff, 0x80, 0x0,
    0x0, 0xbf, 0xff, 0x80, 0x0, 0x0, 0xaf, 0xff,
    0x90, 0x0, 0x0, 0x9f, 0xff, 0xa0, 0x0, 0x0,
    0x7f, 0xff, 0xc0, 0x0, 0x0, 0x4f, 0xff, 0xe0,
    0x0, 0x0, 0x1f, 0xff, 0xf1, 0x0, 0x0, 0xc,
    0xff, 0xf5, 0x0, 0x0, 0x7, 0xff, 0xf9, 0x0,
    0x0, 0x1, 0xff, 0xff, 0x0, 0x0, 0x0, 0xbf,
    0xff, 0x60, 0x0, 0x0, 0x3f, 0xff, 0xe0, 0x0,
    0x0, 0xa, 0xff, 0xf7, 0x0, 0x0, 0x2, 0xff,
    0xff, 0x20, 0x0, 0x0, 0x5f, 0xff, 0xd1, 0x0,
    0x0, 0x8, 0xff, 0xfc, 0x0, 0x0, 0x0, 0x8f,
    0xf9, 0x0, 0x0, 0x0, 0x5, 0xe3, 0x0, 0x0,
    0x0, 0x0, 0x10,

    /* U+0029 ")" */
    0x1, 0x0, 0x0, 0x0, 0x0, 0x0, 0x9d, 0x30,
    0x0, 0x0, 0x0, 0xe, 0xff, 0x50, 0x0, 0x0,
    0x2, 0xff, 0xff, 0x40, 0x0, 0x0, 0x4, 0xff,
    0xff, 0x20, 0x0, 0x0, 0x7, 0xff, 0xfd, 0x0,
    0x0, 0x0, 0xc, 0xff, 0xf7, 0x0, 0x0, 0x0,
    0x4f, 0xff, 0xf1, 0x0, 0x0, 0x0, 0xbf, 0xff,
    0x70, 0x0, 0x0, 0x5, 0xff, 0xfe, 0x0, 0x0,
    0x0, 0xf, 0xff, 0xf4, 0x0, 0x0, 0x0, 0xbf,
    0xff, 0xa0, 0x0, 0x0, 0x7, 0xff, 0xfe, 0x0,
    0x0, 0x0, 0x4f, 0xff, 0xf2, 0x0, 0x0, 0x2,
    0xff, 0xff, 0x50, 0x0, 0x0, 0xf, 0xff, 0xf7,
    0x0, 0x0, 0x0, 0xff, 0xff, 0x90, 0x0, 0x0,
    0xe, 0xff, 0xfa, 0x0, 0x0, 0x0, 0xdf, 0xff,
    0xb0, 0x0, 0x0, 0xd, 0xff, 0xfb, 0x0, 0x0,
    0x0, 0xdf, 0xff, 0xa0, 0x0, 0x0, 0xe, 0xff,
    0xfa, 0x0, 0x0, 0x0, 0xff, 0xff, 0x90, 0x0,
    0x0, 0xf, 0xff, 0xf7, 0x0, 0x0, 0x2, 0xff,
    0xff, 0x50, 0x0, 0x0, 0x4f, 0xff, 0xf2, 0x0,
    0x0, 0x7, 0xff, 0xfe, 0x0, 0x0, 0x0, 0xbf,
    0xff, 0x90, 0x0, 0x0, 0xf, 0xff, 0xf4, 0x0,
    0x0, 0x5, 0xff, 0xfe, 0x0, 0x0, 0x0, 0xcf,
    0xff, 0x70, 0x0, 0x0, 0x4f, 0xff, 0xe0, 0x0,
    0x0, 0xd, 0xff, 0xf6, 0x0, 0x0, 0x7, 0xff,
    0xfc, 0x0, 0x0, 0x4, 0xff, 0xfe, 0x20, 0x0,
    0x2, 0xff, 0xff, 0x30, 0x0, 0x0, 0xe, 0xff,
    0x40, 0x0, 0x0, 0x0, 0x9c, 0x20, 0x0, 0x0,
    0x0, 0x1, 0x0, 0x0, 0x0, 0x0, 0x0,

    /* U+002A "*" */
    0x0, 0x0, 0x0, 0x5f, 0xff, 0x0, 0x0, 0x0,
    0x0, 0x0, 0x0, 0x4, 0xff, 0xf0, 0x0, 0x0,
    0x0, 0x0, 0x0, 0x0, 0x3f, 0xff, 0x0, 0x0,
    0x0, 0x0, 0x0, 0x0, 0x2, 0xff, 0xe0, 0x0,
    0x0, 0x0, 0x8, 0x82, 0x0, 0x1f, 0xfd, 0x0,
    0x2, 0x82, 0x0, 0xef, 0xfb, 0x41, 0xff, 0xc0,
    0x4b, 0xff, 0x70, 0x4f, 0xff, 0xff, 0xef, 0xfe,
    0xdf, 0xff, 0xfc, 0x3, 0xae, 0xff, 0xff, 0xff,
    0xff, 0xff, 0xff, 0xb0, 0x0, 0x3, 0x8c, 0xff,
    0xff, 0xfe, 0x94, 0x0, 0x0, 0x0, 0x0, 0x6f,
    0xff, 0xfc, 0x0, 0x0, 0x0, 0x0, 0x0, 0x3f,
    0xff, 0xff, 0xf8, 0x0, 0x0, 0x0, 0x0, 0x1e,
    0xff, 0xb6, 0xff, 0xf4, 0x0, 0x0, 0x0, 0xb,
    0xff, 0xf2, 0xc, 0xff, 0xe1, 0x0, 0x0, 0x7,
    0xff, 0xf7, 0x0, 0x2f, 0xff, 0xc0, 0x0, 0x0,
    0x2c, 0xfd, 0x0, 0x0, 0x8f, 0xf7, 0x0, 0x0,
    0x0, 0x8, 0x30, 0x0, 0x0, 0xc3, 0x0, 0x0,
    0x0, 0x0, 0x0, 0x0, 0x0, 0x0, 0x0, 0x0,
    0x0,

    /* U+002B "+" */
    0x0, 0x0, 0x0, 0x23, 0x33, 0x30, 0x0, 0x0,
    0x0, 0x0, 0x0, 0x0, 0x9f, 0xff, 0xf3, 0x0,
    0x0, 0x0, 0x0, 0x0, 0x0, 0x9f, 0xff, 0xf3,
    0x0, 0x0, 0x0, 0x0, 0x0, 0x0, 0x9f, 0xff,
    0xf3, 0x0, 0x0, 0x0, 0x0, 0x0, 0x0, 0x9f,
    0xff, 0xf3, 0x0, 0x0, 0x0, 0x0, 0x0, 0x0,
    0x9f, 0xff, 0xf3, 0x0, 0x0, 0x0, 0x0, 0x0,
    0x0, 0x9f, 0xff, 0xf3, 0x0, 0x0, 0x0, 0x0,
    0x0, 0x0, 0x9f, 0xff, 0xf3, 0x0, 0x0, 0x0,
    0xff, 0xff, 0xff, 0xff, 0xff, 0xff, 0xff, 0xff,
    0xf8, 0xff, 0xff, 0xff, 0xff, 0xff, 0xff, 0xff,
    0xff, 0xf8, 0xff, 0xff, 0xff, 0xff, 0xff, 0xff,
    0xff, 0xff, 0xf8, 0xff, 0xff, 0xff, 0xff, 0xff,
    0xff, 0xff, 0xff, 0xf8, 0xbb, 0xbb, 0xbb, 0xef,
    0xff, 0xfc, 0xbb, 0xbb, 0xb6, 0x0, 0x0, 0x0,
    0x9f, 0xff, 0xf3, 0x0, 0x0, 0x0, 0x0, 0x0,
    0x0, 0x9f, 0xff, 0xf3, 0x0, 0x0, 0x0, 0x0,
    0x0, 0x0, 0x9f, 0xff, 0xf3, 0x0, 0x0, 0x0,
    0x0, 0x0, 0x0, 0x9f, 0xff, 0xf3, 0x0, 0x0,
    0x0, 0x0, 0x0, 0x0, 0x9f, 0xff, 0xf3, 0x0,
    0x0, 0x0, 0x0, 0x0, 0x0, 0x9f, 0xff, 0xf3,
    0x0, 0x0, 0x0, 0x0, 0x0, 0x0, 0x9f, 0xff,
    0xf3, 0x0, 0x0, 0x0,

    /* U+002C "," */
    0x0, 0x8f, 0xff, 0xb0, 0x8, 0xff, 0xfb, 0x0,
    0x8f, 0xff, 0xb0, 0x8, 0xff, 0xfb, 0x0, 0x9f,
    0xff, 0xa0, 0xb, 0xff, 0xf7, 0x0, 0xef, 0xff,
    0x30, 0x5f, 0xff, 0xd0, 0xc, 0xff, 0xf4, 0x2,
    0xff, 0xfa, 0x0, 0x2, 0xbc, 0x0, 0x0, 0x0,
    0x0, 0x0,

    /* U+002D "-" */
    0x4, 0x44, 0x44, 0x44, 0x44, 0x30, 0xff, 0xff,
    0xff, 0xff, 0xfd, 0xf, 0xff, 0xff, 0xff, 0xff,
    0xd0, 0xff, 0xff, 0xff, 0xff, 0xfd, 0xf, 0xff,
    0xff, 0xff, 0xff, 0xd0,

    /* U+002E "." */
    0x2, 0x88, 0x30, 0x3f, 0xff, 0xf5, 0xaf, 0xff,
    0xfd, 0xbf, 0xff, 0xfe, 0x6f, 0xff, 0xf9, 0x8,
    0xee, 0xa0,

    /* U+002F "/" */
    0x0, 0x0, 0x0, 0x0, 0x0, 0xff, 0xfc, 0x0,
    0x0, 0x0, 0x0, 0x4, 0xff, 0xf7, 0x0, 0x0,
    0x0, 0x0, 0xa, 0xff, 0xf2, 0x0, 0x0, 0x0,
    0x0, 0xf, 0xff, 0xc0, 0x0, 0x0, 0x0, 0x0,
    0x4f, 0xff, 0x70, 0x0, 0x0, 0x0, 0x0, 0xaf,
    0xff, 0x20, 0x0, 0x0, 0x0, 0x0, 0xef, 0xfd,
    0x0, 0x0, 0x0, 0x0, 0x4, 0xff, 0xf7, 0x0,
    0x0, 0x0, 0x0, 0xa, 0xff, 0xf2, 0x0, 0x0,
    0x0, 0x0, 0xe, 0xff, 0xd0, 0x0, 0x0, 0x0,
    0x0, 0x4f, 0xff, 0x70, 0x0, 0x0, 0x0, 0x0,
    0x9f, 0xff, 0x20, 0x0, 0x0, 0x0, 0x0, 0xef,
    0xfd, 0x0, 0x0, 0x0, 0x0, 0x4, 0xff, 0xf8,
    0x0, 0x0, 0x0, 0x0, 0x9, 0xff, 0xf2, 0x0,
    0x0, 0x0, 0x0, 0xe, 0xff, 0xd0, 0x0, 0x0,
    0x0, 0x0, 0x4f, 0xff, 0x80, 0x0, 0x0, 0x0,
    0x0, 0x9f, 0xff, 0x20, 0x0, 0x0, 0x0, 0x0,
    0xef, 0xfd, 0x0, 0x0, 0x0, 0x0, 0x4, 0xff,
    0xf8, 0x0, 0x0, 0x0, 0x0, 0x9, 0xff, 0xf3,
    0x0, 0x0, 0x0, 0x0, 0xe, 0xff, 0xd0, 0x0,
    0x0, 0x0, 0x0, 0x4f, 0xff, 0x80, 0x0, 0x0,
    0x0, 0x0, 0x9f, 0xff, 0x30, 0x0, 0x0, 0x0,
    0x0, 0xef, 0xfd, 0x0, 0x0, 0x0, 0x0, 0x3,
    0xff, 0xf8, 0x0, 0x0, 0x0, 0x0, 0x9, 0xff,
    0xf3, 0x0, 0x0, 0x0, 0x0, 0xe, 0xff, 0xd0,
    0x0, 0x0, 0x0, 0x0, 0x18, 0x88, 0x50, 0x0,
    0x0, 0x0, 0x0,

    /* U+0030 "0" */
    0x0, 0x0, 0x3, 0x8d, 0xef, 0xeb, 0x71, 0x0,
    0x0, 0x0, 0x0, 0xaf, 0xff, 0xff, 0xff, 0xfe,
    0x50, 0x0, 0x0, 0xc, 0xff, 0xff, 0xff, 0xff,
    0xff, 0xf7, 0x0, 0x0, 0x9f, 0xff, 0xff, 0xff,
    0xff, 0xff, 0xff, 0x40, 0x2, 0xff, 0xff, 0xfc,
    0x54, 0x7e, 0xff, 0xff, 0xd0, 0x9, 0xff, 0xff,
    0xc0, 0x0, 0x2, 0xff, 0xff, 0xf3, 0xd, 0xff,
    0xff, 0x30, 0x0, 0x0, 0x9f, 0xff, 0xf7, 0xf,
    0xff, 0xff, 0x0, 0x0, 0x0, 0x5f, 0xff, 0xfb,
    0x2f, 0xff, 0xfd, 0x0, 0x0, 0x0, 0x3f, 0xff,
    0xfd, 0x3f, 0xff, 0xfc, 0x0, 0x0, 0x0, 0x2f,
    0xff, 0xfe, 0x4f, 0xff, 0xfc, 0x0, 0x0, 0x0,
    0x1f, 0xff, 0xff, 0x5f, 0xff, 0xfc, 0x0, 0x0,
    0x0, 0x1f, 0xff, 0xff, 0x5f, 0xff, 0xfc, 0x0,
    0x0, 0x0, 0x1f, 0xff, 0xff, 0x5f, 0xff, 0xfc,
    0x0, 0x0, 0x0, 0x1f, 0xff, 0xff, 0x5f, 0xff,
    0xfc, 0x0, 0x0, 0x0, 0x1f, 0xff, 0xff, 0x4f,
    0xff, 0xfc, 0x0, 0x0, 0x0, 0x1f, 0xff, 0xff,
    0x3f, 0xff, 0xfc, 0x0, 0x0, 0x0, 0x2f, 0xff,
    0xfe, 0x2f, 0xff, 0xfd, 0x0, 0x0, 0x0, 0x3f,
    0xff, 0xfd, 0xf, 0xff, 0xff, 0x0, 0x0, 0x0,
    0x5f, 0xff, 0xfb, 0xd, 0xff, 0xff, 0x40, 0x0,
    0x0, 0x9f, 0xff, 0xf7, 0x8, 0xff, 0xff, 0xc0,
    0x0, 0x2, 0xff, 0xff, 0xf3, 0x2, 0xff, 0xff,
    0xfc, 0x53, 0x6e, 0xff, 0xff, 0xd0, 0x0, 0x9f,
    0xff, 0xff, 0xff, 0xff, 0xff, 0xff, 0x40, 0x0,
    0xc, 0xff, 0xff, 0xff, 0xff, 0xff, 0xf7, 0x0,
    0x0, 0x0, 0x9f, 0xff, 0xff, 0xff, 0xff, 0x60,
    0x0, 0x0, 0x0, 0x2, 0x8d, 0xef, 0xec, 0x71,
    0x0, 0x0,

    /* U+0031 "1" */
    0x0, 0x0, 0x0, 0x0, 0x4, 0x9f, 0x10, 0x0,
    0x0, 0x2, 0x8e, 0xff, 0xf1, 0x0, 0x1, 0x6c,
    0xff, 0xff, 0xff, 0x10, 0x5b, 0xff, 0xff, 0xff,
    0xff, 0xf1, 0xf, 0xff, 0xff, 0xff, 0xff, 0xff,
    0x10, 0xff, 0xff, 0xff, 0xff, 0xff, 0xf1, 0xf,
    0xff, 0xe9, 0x4f, 0xff, 0xff, 0x10, 0xd8, 0x30,
    0x0, 0xff, 0xff, 0xf1, 0x0, 0x0, 0x0, 0xf,
    0xff, 0xff, 0x10, 0x0, 0x0, 0x0, 0xff, 0xff,
    0xf1, 0x0, 0x0, 0x0, 0xf, 0xff, 0xff, 0x10,
    0x0, 0x0, 0x0, 0xff, 0xff, 0xf1, 0x0, 0x0,
    0x0, 0xf, 0xff, 0xff, 0x10, 0x0, 0x0, 0x0,
    0xff, 0xff, 0xf1, 0x0, 0x0, 0x0, 0xf, 0xff,
    0xff, 0x10, 0x0, 0x0, 0x0, 0xff, 0xff, 0xf1,
    0x0, 0x0, 0x0, 0xf, 0xff, 0xff, 0x10, 0x0,
    0x0, 0x0, 0xff, 0xff, 0xf1, 0x0, 0x0, 0x0,
    0xf, 0xff, 0xff, 0x10, 0x0, 0x0, 0x0, 0xff,
    0xff, 0xf1, 0x0, 0x0, 0x0, 0xf, 0xff, 0xff,
    0x10, 0x0, 0x0, 0x0, 0xff, 0xff, 0xf1, 0x0,
    0x0, 0x0, 0xf, 0xff, 0xff, 0x10, 0x0, 0x0,
    0x0, 0xff, 0xff, 0xf1, 0x0, 0x0, 0x0, 0xf,
    0xff, 0xff, 0x10, 0x0, 0x0, 0x0, 0xff, 0xff,
    0xf1,

    /* U+0032 "2" */
    0x0, 0x0, 0x5, 0xad, 0xff, 0xec, 0x82, 0x0,
    0x0, 0x0, 0x0, 0x4d, 0xff, 0xff, 0xff, 0xff,
    0xfa, 0x0, 0x0, 0x0, 0x5f, 0xff, 0xff, 0xff,
    0xff, 0xff, 0xfc, 0x0, 0x0, 0x3f, 0xff, 0xff,
    0xff, 0xff, 0xff, 0xff, 0xf8, 0x0, 0xc, 0xff,
    0xff, 0xf8, 0x44, 0x8f, 0xff, 0xff, 0xf0, 0x3,
    0xff, 0xff, 0xf4, 0x0, 0x0, 0x5f, 0xff, 0xff,
    0x40, 0x8f, 0xff, 0xfb, 0x0, 0x0, 0x0, 0xdf,
    0xff, 0xf6, 0xa, 0xff, 0xff, 0x70, 0x0, 0x0,
    0xb, 0xff, 0xff, 0x60, 0x58, 0x88, 0x82, 0x0,
    0x0, 0x0, 0xbf, 0xff, 0xf5, 0x0, 0x0, 0x0,
    0x0, 0x0, 0x0, 0x1f, 0xff, 0xff, 0x10, 0x0,
    0x0, 0x0, 0x0, 0x0, 0x7, 0xff, 0xff, 0xc0,
    0x0, 0x0, 0x0, 0x0, 0x0, 0x2, 0xff, 0xff,
    0xf3, 0x0, 0x0, 0x0, 0x0, 0x0, 0x1, 0xdf,
    0xff, 0xf9, 0x0, 0x0, 0x0, 0x0, 0x0, 0x0,
    0xcf, 0xff, 0xfd, 0x0, 0x0, 0x0, 0x0, 0x0,
    0x0, 0xbf, 0xff, 0xfe, 0x20, 0x0, 0x0, 0x0,
    0x0, 0x0, 0xaf, 0xff, 0xff, 0x30, 0x0, 0x0,
    0x0, 0x0, 0x0, 0xaf, 0xff, 0xff, 0x40, 0x0,
    0x0, 0x0, 0x0, 0x0, 0x9f, 0xff, 0xff, 0x50,
    0x0, 0x0, 0x0, 0x0, 0x0, 0x8f, 0xff, 0xff,
    0x60, 0x0, 0x0, 0x0, 0x0, 0x0, 0x7f, 0xff,
    0xff, 0x70, 0x0, 0x0, 0x0, 0x0, 0x0, 0x6f,
    0xff, 0xff, 0x70, 0x0, 0x0, 0x0, 0x0, 0x0,
    0x6f, 0xff, 0xff, 0xb3, 0x33, 0x33, 0x33, 0x33,
    0x31, 0x2f, 0xff, 0xff, 0xff, 0xff, 0xff, 0xff,
    0xff, 0xff, 0x43, 0xff, 0xff, 0xff, 0xff, 0xff,
    0xff, 0xff, 0xff, 0xf4, 0x3f, 0xff, 0xff, 0xff,
    0xff, 0xff, 0xff, 0xff, 0xff, 0x43, 0xff, 0xff,
    0xff, 0xff, 0xff, 0xff, 0xff, 0xff, 0xf4,

    /* U+0033 "3" */
    0x0, 0x0, 0x17, 0xbe, 0xff, 0xeb, 0x72, 0x0,
    0x0, 0x0, 0x8, 0xff, 0xff, 0xff, 0xff, 0xff,
    0x91, 0x0, 0x0, 0xcf, 0xff, 0xff, 0xff, 0xff,
    0xff, 0xfd, 0x10, 0xa, 0xff, 0xff, 0xff, 0xff,
    0xff, 0xff, 0xff, 0xa0, 0x2f, 0xff, 0xff, 0xe7,
    0x44, 0x7e, 0xff, 0xff, 0xf1, 0x6f, 0xff, 0xfd,
    0x10, 0x0, 0x1, 0xff, 0xff, 0xf6, 0x5b, 0xbb,
    0xb6, 0x0, 0x0, 0x0, 0xaf, 0xff, 0xf7, 0x0,
    0x0, 0x0, 0x0, 0x0, 0x0, 0xaf, 0xff, 0xf7,
    0x0, 0x0, 0x0, 0x0, 0x0, 0x1, 0xef, 0xff,
    0xf2, 0x0, 0x0, 0x0, 0x0, 0x1, 0x5d, 0xff,
    0xff, 0xa0, 0x0, 0x0, 0x1, 0xff, 0xff, 0xff,
    0xff, 0xfb, 0x0, 0x0, 0x0, 0x1, 0xff, 0xff,
    0xff, 0xff, 0x70, 0x0, 0x0, 0x0, 0x1, 0xff,
    0xff, 0xff, 0xff, 0x91, 0x0, 0x0, 0x0, 0x1,
    0xff, 0xff, 0xff, 0xff, 0xfe, 0x20, 0x0, 0x0,
    0x0, 0x11, 0x12, 0x6d, 0xff, 0xff, 0xd0, 0x0,
    0x0, 0x0, 0x0, 0x0, 0x1, 0xdf, 0xff, 0xf6,
    0x0, 0x0, 0x0, 0x0, 0x0, 0x0, 0x6f, 0xff,
    0xfb, 0x0, 0x0, 0x0, 0x0, 0x0, 0x0, 0x3f,
    0xff, 0xfd, 0x8a, 0xaa, 0xa2, 0x0, 0x0, 0x0,
    0x3f, 0xff, 0xfd, 0xcf, 0xff, 0xf6, 0x0, 0x0,
    0x0, 0x7f, 0xff, 0xfc, 0x9f, 0xff, 0xfe, 0x20,
    0x0, 0x1, 0xef, 0xff, 0xf8, 0x4f, 0xff, 0xff,
    0xf8, 0x44, 0x7e, 0xff, 0xff, 0xf3, 0xb, 0xff,
    0xff, 0xff, 0xff, 0xff, 0xff, 0xff, 0x90, 0x0,
    0xbf, 0xff, 0xff, 0xff, 0xff, 0xff, 0xfb, 0x0,
    0x0, 0x8, 0xff, 0xff, 0xff, 0xff, 0xff, 0x70,
    0x0, 0x0, 0x0, 0x17, 0xbe, 0xff, 0xeb, 0x61,
    0x0, 0x0,

    /* U+0034 "4" */
    0x0, 0x0, 0x0, 0x0, 0x0, 0xa, 0xff, 0xff,
    0xc0, 0x0, 0x0, 0x0, 0x0, 0x0, 0x0, 0x4f,
    0xff, 0xff, 0xc0, 0x0, 0x0, 0x0, 0x0, 0x0,
    0x0, 0xdf, 0xff, 0xff, 0xc0, 0x0, 0x0, 0x0,
    0x0, 0x0, 0x8, 0xff, 0xff, 0xff, 0xc0, 0x0,
    0x0, 0x0, 0x0, 0x0, 0x2f, 0xff, 0xff, 0xff,
    0xc0, 0x0, 0x0, 0x0, 0x0, 0x0, 0xcf, 0xff,
    0xff, 0xff, 0xc0, 0x0, 0x0, 0x0, 0x0, 0x6,
    0xff, 0xff, 0xff, 0xff, 0xc0, 0x0, 0x0, 0x0,
    0x0, 0x1f, 0xff, 0xfa, 0xff, 0xff, 0xc0, 0x0,
    0x0, 0x0, 0x0, 0xaf, 0xff, 0xb4, 0xff, 0xff,
    0xc0, 0x0, 0x0, 0x0, 0x4, 0xff, 0xff, 0x24,
    0xff, 0xff, 0xc0, 0x0, 0x0, 0x0, 0xe, 0xff,
    0xf7, 0x4, 0xff, 0xff, 0xc0, 0x0, 0x0, 0x0,
    0x9f, 0xff, 0xd0, 0x4, 0xff, 0xff, 0xc0, 0x0,
    0x0, 0x3, 0xff, 0xff, 0x30, 0x4, 0xff, 0xff,
    0xc0, 0x0, 0x0, 0xc, 0xff, 0xf9, 0x0, 0x4,
    0xff, 0xff, 0xc0, 0x0, 0x0, 0x7f, 0xff, 0xe1,
    0x0, 0x4, 0xff, 0xff, 0xc0, 0x0, 0x1, 0xff,
    0xff, 0x50, 0x0, 0x4, 0xff, 0xff, 0xc0, 0x0,
    0xb, 0xff, 0xff, 0xff, 0xff, 0xff, 0xff, 0xff,
    0xff, 0xfb, 0xf, 0xff, 0xff, 0xff, 0xff, 0xff,
    0xff, 0xff, 0xff, 0xfb, 0xe, 0xff, 0xff, 0xff,
    0xff, 0xff, 0xff, 0xff, 0xff, 0xfb, 0xd, 0xff,
    0xff, 0xff, 0xff, 0xff, 0xff, 0xff, 0xff, 0xfb,
    0x2, 0x33, 0x33, 0x33, 0x33, 0x37, 0xff, 0xff,
    0xd3, 0x32, 0x0, 0x0, 0x0, 0x0, 0x0, 0x4,
    0xff, 0xff, 0xc0, 0x0, 0x0, 0x0, 0x0, 0x0,
    0x0, 0x4, 0xff, 0xff, 0xc0, 0x0, 0x0, 0x0,
    0x0, 0x0, 0x0, 0x4, 0xff, 0xff, 0xc0, 0x0,
    0x0, 0x0, 0x0, 0x0, 0x0, 0x4, 0xff, 0xff,
    0xc0, 0x0, 0x0, 0x0, 0x0, 0x0, 0x0, 0x4,
    0xff, 0xff, 0xc0, 0x0,

    /* U+0035 "5" */
    0x0, 0x1f, 0xff, 0xff, 0xff, 0xff, 0xff, 0xff,
    0xf5, 0x0, 0x3, 0xff, 0xff, 0xff, 0xff, 0xff,
    0xff, 0xff, 0x50, 0x0, 0x5f, 0xff, 0xff, 0xff,
    0xff, 0xff, 0xff, 0xf5, 0x0, 0x7, 0xff, 0xff,
    0xff, 0xff, 0xff, 0xff, 0xff, 0x50, 0x0, 0x8f,
    0xff, 0xf6, 0x55, 0x55, 0x55, 0x55, 0x51, 0x0,
    0xa, 0xff, 0xff, 0x0, 0x0, 0x0, 0x0, 0x0,
    0x0, 0x0, 0xcf, 0xff, 0xd0, 0x0, 0x0, 0x0,
    0x0, 0x0, 0x0, 0xe, 0xff, 0xfb, 0x0, 0x0,
    0x0, 0x0, 0x0, 0x0, 0x0, 0xff, 0xff, 0xa5,
    0xad, 0xed, 0xa5, 0x0, 0x0, 0x0, 0x2f, 0xff,
    0xff, 0xff, 0xff, 0xff, 0xfd, 0x30, 0x0, 0x4,
    0xff, 0xff, 0xff, 0xff, 0xff, 0xff, 0xff, 0x20,
    0x0, 0x6f, 0xff, 0xff, 0xff, 0xff, 0xff, 0xff,
    0xfd, 0x0, 0x3, 0xbf, 0xff, 0xb3, 0x0, 0x3c,
    0xff, 0xff, 0xf5, 0x0, 0x0, 0x3, 0x50, 0x0,
    0x0, 0xd, 0xff, 0xff, 0xa0, 0x0, 0x0, 0x0,
    0x0, 0x0, 0x0, 0x5f, 0xff, 0xfe, 0x0, 0x0,
    0x0, 0x0, 0x0, 0x0, 0x1, 0xff, 0xff, 0xf0,
    0x0, 0x0, 0x0, 0x0, 0x0, 0x0, 0xf, 0xff,
    0xff, 0x10, 0x0, 0x0, 0x0, 0x0, 0x0, 0x0,
    0xff, 0xff, 0xf1, 0x1c, 0xcc, 0xcc, 0x0, 0x0,
    0x0, 0x1f, 0xff, 0xff, 0x0, 0xff, 0xff, 0xf3,
    0x0, 0x0, 0x7, 0xff, 0xff, 0xd0, 0xc, 0xff,
    0xff, 0xb0, 0x0, 0x0, 0xdf, 0xff, 0xf9, 0x0,
    0x5f, 0xff, 0xff, 0xc5, 0x45, 0xdf, 0xff, 0xff,
    0x20, 0x0, 0xcf, 0xff, 0xff, 0xff, 0xff, 0xff,
    0xff, 0x90, 0x0, 0x1, 0xcf, 0xff, 0xff, 0xff,
    0xff, 0xff, 0xc0, 0x0, 0x0, 0x0, 0x9f, 0xff,
    0xff, 0xff, 0xff, 0xa0, 0x0, 0x0, 0x0, 0x0,
    0x18, 0xce, 0xfe, 0xd9, 0x30, 0x0, 0x0,

    /* U+0036 "6" */
    0x0, 0x0, 0x0, 0x0, 0x15, 0xac, 0xef, 0x80,
    0x0, 0x0, 0x0, 0x0, 0x1, 0x9f, 0xff, 0xff,
    0xf8, 0x0, 0x0, 0x0, 0x0, 0x4, 0xff, 0xff,
    0xff, 0xff, 0x80, 0x0, 0x0, 0x0, 0x5, 0xff,
    0xff, 0xff, 0xff, 0xf8, 0x0, 0x0, 0x0, 0x3,
    0xff, 0xff, 0xff, 0xd9, 0x76, 0x30, 0x0, 0x0,
    0x0, 0xef, 0xff, 0xfd, 0x40, 0x0, 0x0, 0x0,
    0x0, 0x0, 0x8f, 0xff, 0xfc, 0x0, 0x0, 0x0,
    0x0, 0x0, 0x0, 0xe, 0xff, 0xfe, 0x10, 0x0,
    0x0, 0x0, 0x0, 0x0, 0x6, 0xff, 0xff, 0x71,
    0x8c, 0xff, 0xd9, 0x30, 0x0, 0x0, 0xaf, 0xff,
    0xf7, 0xff, 0xff, 0xff, 0xff, 0x70, 0x0, 0xe,
    0xff, 0xff, 0xff, 0xff, 0xff, 0xff, 0xff, 0x60,
    0x0, 0xff, 0xff, 0xff, 0xff, 0xff, 0xff, 0xff,
    0xff, 0x10, 0x1f, 0xff, 0xff, 0xfc, 0x63, 0x5c,
    0xff, 0xff, 0xf8, 0x2, 0xff, 0xff, 0xfa, 0x0,
    0x0, 0xc, 0xff, 0xff, 0xe0, 0x3f, 0xff, 0xfe,
    0x0, 0x0, 0x0, 0x3f, 0xff, 0xff, 0x23, 0xff,
    0xff, 0xd0, 0x0, 0x0, 0x0, 0xdf, 0xff, 0xf4,
    0x2f, 0xff, 0xfd, 0x0, 0x0, 0x0, 0xb, 0xff,
    0xff, 0x51, 0xff, 0xff, 0xf0, 0x0, 0x0, 0x0,
    0xbf, 0xff, 0xf5, 0xf, 0xff, 0xff, 0x10, 0x0,
    0x0, 0xd, 0xff, 0xff, 0x40, 0xbf, 0xff, 0xf7,
    0x0, 0x0, 0x3, 0xff, 0xff, 0xf1, 0x5, 0xff,
    0xff, 0xe2, 0x0, 0x0, 0xcf, 0xff, 0xfc, 0x0,
    0xe, 0xff, 0xff, 0xe7, 0x45, 0xcf, 0xff, 0xff,
    0x50, 0x0, 0x4f, 0xff, 0xff, 0xff, 0xff, 0xff,
    0xff, 0xb0, 0x0, 0x0, 0x6f, 0xff, 0xff, 0xff,
    0xff, 0xff, 0xd1, 0x0, 0x0, 0x0, 0x5e, 0xff,
    0xff, 0xff, 0xff, 0xb1, 0x0, 0x0, 0x0, 0x0,
    0x6, 0xbe, 0xff, 0xd9, 0x30, 0x0, 0x0,

    /* U+0037 "7" */
    0xef, 0xff, 0xff, 0xff, 0xff, 0xff, 0xff, 0xff,
    0xff, 0x2e, 0xff, 0xff, 0xff, 0xff, 0xff, 0xff,
    0xff, 0xff, 0xf2, 0xef, 0xff, 0xff, 0xff, 0xff,
    0xff, 0xff, 0xff, 0xff, 0x2e, 0xff, 0xff, 0xff,
    0xff, 0xff, 0xff, 0xff, 0xff, 0xe0, 0x33, 0x33,
    0x33, 0x33, 0x33, 0x33, 0x8f, 0xff, 0xf7, 0x0,
    0x0, 0x0, 0x0, 0x0, 0x0, 0xc, 0xff, 0xff,
    0x10, 0x0, 0x0, 0x0, 0x0, 0x0, 0x3, 0xff,
    0xff, 0x90, 0x0, 0x0, 0x0, 0x0, 0x0, 0x0,
    0xbf, 0xff, 0xf3, 0x0, 0x0, 0x0, 0x0, 0x0,
    0x0, 0x2f, 0xff, 0xfc, 0x0, 0x0, 0x0, 0x0,
    0x0, 0x0, 0x9, 0xff, 0xff, 0x50, 0x0, 0x0,
    0x0, 0x0, 0x0, 0x1, 0xff, 0xff, 0xe0, 0x0,
    0x0, 0x0, 0x0, 0x0, 0x0, 0x8f, 0xff, 0xf7,
    0x0, 0x0, 0x0, 0x0, 0x0, 0x0, 0xe, 0xff,
    0xff, 0x10, 0x0, 0x0, 0x0, 0x0, 0x0, 0x6,
    0xff, 0xff, 0x90, 0x0, 0x0, 0x0, 0x0, 0x0,
    0x0, 0xdf, 0xff, 0xf3, 0x0, 0x0, 0x0, 0x0,
    0x0, 0x0, 0x5f, 0xff, 0xfc, 0x0, 0x0, 0x0,
    0x0, 0x0, 0x0, 0xc, 0xff, 0xff, 0x50, 0x0,
    0x0, 0x0, 0x0, 0x0, 0x3, 0xff, 0xff, 0xe0,
    0x0, 0x0, 0x0, 0x0, 0x0, 0x0, 0xbf, 0xff,
    0xf7, 0x0, 0x0, 0x0, 0x0, 0x0, 0x0, 0x2f,
    0xff, 0xff, 0x10, 0x0, 0x0, 0x0, 0x0, 0x0,
    0x9, 0xff, 0xff, 0x90, 0x0, 0x0, 0x0, 0x0,
    0x0, 0x1, 0xff, 0xff, 0xf3, 0x0, 0x0, 0x0,
    0x0, 0x0, 0x0, 0x8f, 0xff, 0xfc, 0x0, 0x0,
    0x0, 0x0, 0x0, 0x0, 0xe, 0xff, 0xff, 0x50,
    0x0, 0x0, 0x0, 0x0, 0x0, 0x6, 0xff, 0xff,
    0xe0, 0x0, 0x0, 0x0, 0x0, 0x0, 0x0, 0xdf,
    0xff, 0xf7, 0x0, 0x0, 0x0, 0x0, 0x0,

    /* U+0038 "8" */
    0x0, 0x0, 0x5, 0xad, 0xff, 0xec, 0x82, 0x0,
    0x0, 0x0, 0x3, 0xdf, 0xff, 0xff, 0xff, 0xff,
    0xa1, 0x0, 0x0, 0x4f, 0xff, 0xff, 0xff, 0xff,
    0xff, 0xfd, 0x10, 0x1, 0xef, 0xff, 0xff, 0xff,
    0xff, 0xff, 0xff, 0x90, 0x6, 0xff, 0xff, 0xfb,
    0x54, 0x7e, 0xff, 0xff, 0xf1, 0xa, 0xff, 0xff,
    0xc0, 0x0, 0x2, 0xff, 0xff, 0xf4, 0xc, 0xff,
    0xff, 0x60, 0x0, 0x0, 0xcf, 0xff, 0xf6, 0xa,
    0xff, 0xff, 0x50, 0x0, 0x0, 0xbf, 0xff, 0xf5,
    0x7, 0xff, 0xff, 0xa0, 0x0, 0x1, 0xef, 0xff,
    0xf2, 0x1, 0xff, 0xff, 0xf8, 0x20, 0x3c, 0xff,
    0xff, 0xa0, 0x0, 0x4f, 0xff, 0xff, 0xff, 0xff,
    0xff, 0xfd, 0x10, 0x0, 0x4, 0xdf, 0xff, 0xff,
    0xff, 0xff, 0xa1, 0x0, 0x0, 0x3, 0xdf, 0xff,
    0xff, 0xff, 0xff, 0x90, 0x0, 0x0, 0x4f, 0xff,
    0xff, 0xff, 0xff, 0xff, 0xfd, 0x10, 0x3, 0xff,
    0xff, 0xfa, 0x53, 0x6d, 0xff, 0xff, 0xb0, 0xb,
    0xff, 0xff, 0x90, 0x0, 0x1, 0xef, 0xff, 0xf5,
    0x1f, 0xff, 0xff, 0x0, 0x0, 0x0, 0x6f, 0xff,
    0xfb, 0x4f, 0xff, 0xfd, 0x0, 0x0, 0x0, 0x3f,
    0xff, 0xfe, 0x5f, 0xff, 0xfd, 0x0, 0x0, 0x0,
    0x3f, 0xff, 0xfe, 0x4f, 0xff, 0xff, 0x0, 0x0,
    0x0, 0x6f, 0xff, 0xfd, 0x1f, 0xff, 0xff, 0x90,
    0x0, 0x1, 0xef, 0xff, 0xfb, 0xc, 0xff, 0xff,
    0xfb, 0x54, 0x6e, 0xff, 0xff, 0xf6, 0x3, 0xff,
    0xff, 0xff, 0xff, 0xff, 0xff, 0xff, 0xd0, 0x0,
    0x7f, 0xff, 0xff, 0xff, 0xff, 0xff, 0xfe, 0x20,
    0x0, 0x4, 0xef, 0xff, 0xff, 0xff, 0xff, 0xb1,
    0x0, 0x0, 0x0, 0x5, 0xad, 0xff, 0xec, 0x93,
    0x0, 0x0,

    /* U+0039 "9" */
    0x0, 0x0, 0x4, 0x9d, 0xff, 0xda, 0x50, 0x0,
    0x0, 0x0, 0x1, 0xcf, 0xff, 0xff, 0xff, 0xfc,
    0x20, 0x0, 0x0, 0x2e, 0xff, 0xff, 0xff, 0xff,
    0xff, 0xe2, 0x0, 0x0, 0xdf, 0xff, 0xff, 0xff,
    0xff, 0xff, 0xfd, 0x0, 0x7, 0xff, 0xff, 0xfb,
    0x54, 0x9f, 0xff, 0xff, 0x70, 0xe, 0xff, 0xff,
    0x90, 0x0, 0x5, 0xff, 0xff, 0xe0, 0x3f, 0xff,
    0xff, 0x10, 0x0, 0x0, 0xbf, 0xff, 0xf4, 0x5f,
    0xff, 0xfc, 0x0, 0x0, 0x0, 0x7f, 0xff, 0xf7,
    0x7f, 0xff, 0xfa, 0x0, 0x0, 0x0, 0x5f, 0xff,
    0xfa, 0x6f, 0xff, 0xfb, 0x0, 0x0, 0x0, 0x4f,
    0xff, 0xfb, 0x5f, 0xff, 0xfe, 0x0, 0x0, 0x0,
    0x4f, 0xff, 0xfc, 0x1f, 0xff, 0xff, 0x60, 0x0,
    0x0, 0xaf, 0xff, 0xfc, 0xc, 0xff, 0xff, 0xf6,
    0x10, 0x3b, 0xff, 0xff, 0xfc, 0x4, 0xff, 0xff,
    0xff, 0xff, 0xff, 0xff, 0xff, 0xfb, 0x0, 0xaf,
    0xff, 0xff, 0xff, 0xff, 0xff, 0xff, 0xfa, 0x0,
    0xa, 0xff, 0xff, 0xff, 0xfe, 0x9f, 0xff, 0xf8,
    0x0, 0x0, 0x4a, 0xef, 0xfd, 0x70, 0x9f, 0xff,
    0xf4, 0x0, 0x0, 0x0, 0x0, 0x0, 0x0, 0xef,
    0xff, 0xf0, 0x0, 0x0, 0x0, 0x0, 0x0, 0x6,
    0xff, 0xff, 0xa0, 0x0, 0x0, 0x0, 0x0, 0x0,
    0x3f, 0xff, 0xff, 0x30, 0x0, 0x0, 0x0, 0x0,
    0x6, 0xff, 0xff, 0xfb, 0x0, 0x0, 0x0, 0x36,
    0x7a, 0xef, 0xff, 0xff, 0xf1, 0x0, 0x0, 0x0,
    0xaf, 0xff, 0xff, 0xff, 0xff, 0x40, 0x0, 0x0,
    0x0, 0xaf, 0xff, 0xff, 0xff, 0xe3, 0x0, 0x0,
    0x0, 0x0, 0xaf, 0xff, 0xff, 0xf8, 0x10, 0x0,
    0x0, 0x0, 0x0, 0xaf, 0xec, 0x95, 0x10, 0x0,
    0x0, 0x0,

    /* U+003A ":" */
    0x8, 0xee, 0x90, 0x7f, 0xff, 0xf9, 0xcf, 0xff,
    0xfd, 0xaf, 0xff, 0xfc, 0x3f, 0xff, 0xf5, 0x2,
    0x88, 0x30, 0x0, 0x0, 0x0, 0x0, 0x0, 0x0,
    0x0, 0x0, 0x0, 0x0, 0x0, 0x0, 0x0, 0x0,
    0x0, 0x0, 0x0, 0x0, 0x0, 0x0, 0x0, 0x0,
    0x0, 0x0, 0x2, 0x88, 0x30, 0x3f, 0xff, 0xf5,
    0xaf, 0xff, 0xfc, 0xcf, 0xff, 0xfd, 0x7f, 0xff,
    0xf9, 0x8, 0xee, 0x90,

    /* U+003B ";" */
    0x1, 0xbf, 0xd6, 0x0, 0xcf, 0xff, 0xf4, 0x1f,
    0xff, 0xff, 0x90, 0xff, 0xff, 0xf7, 0x8, 0xff,
    0xfe, 0x10, 0x4, 0x87, 0x10, 0x0, 0x0, 0x0,
    0x0, 0x0, 0x0, 0x0, 0x0, 0x0, 0x0, 0x0,
    0x0, 0x0, 0x0, 0x0, 0x0, 0x0, 0x0, 0x0,
    0x0, 0x0, 0x0, 0x0, 0x0, 0x0, 0x0, 0x0,
    0x0, 0x0, 0x0, 0x0, 0x0, 0x6, 0x66, 0x60,
    0x2, 0xff, 0xff, 0x20, 0x2f, 0xff, 0xf2, 0x2,
    0xff, 0xff, 0x20, 0x2f, 0xff, 0xf1, 0x3, 0xff,
    0xff, 0x0, 0x6f, 0xff, 0xc0, 0xa, 0xff, 0xf7,
    0x2, 0xff, 0xff, 0x10, 0x9f, 0xff, 0x70, 0x8,
    0xff, 0xb0, 0x0, 0x1, 0x80, 0x0, 0x0,

    /* U+003C "<" */
    0x0, 0x0, 0x0, 0x0, 0x0, 0x0, 0x0, 0x0,
    0x0, 0x0, 0x0, 0x0, 0x0, 0x0, 0x0, 0x5,
    0xc1, 0x0, 0x0, 0x0, 0x0, 0x0, 0x0, 0x7d,
    0xff, 0x10, 0x0, 0x0, 0x0, 0x0, 0x29, 0xff,
    0xff, 0xf1, 0x0, 0x0, 0x0, 0x4, 0xbf, 0xff,
    0xff, 0xff, 0x10, 0x0, 0x0, 0x6d, 0xff, 0xff,
    0xff, 0xff, 0xf1, 0x0, 0x18, 0xef, 0xff, 0xff,
    0xff, 0xff, 0xa4, 0x0, 0x9f, 0xff, 0xff, 0xff,
    0xff, 0xc6, 0x0, 0x0, 0xf, 0xff, 0xff, 0xff,
    0xd7, 0x20, 0x0, 0x0, 0x0, 0xff, 0xff, 0xfb,
    0x30, 0x0, 0x0, 0x0, 0x0, 0xf, 0xff, 0xff,
    0xfb, 0x50, 0x0, 0x0, 0x0, 0x0, 0xff, 0xff,
    0xff, 0xff, 0xf9, 0x40, 0x0, 0x0, 0x1, 0x8f,
    0xff, 0xff, 0xff, 0xff, 0xe8, 0x20, 0x0, 0x0,
    0x6, 0xdf, 0xff, 0xff, 0xff, 0xff, 0xc0, 0x0,
    0x0, 0x0, 0x4b, 0xff, 0xff, 0xff, 0xff, 0x10,
    0x0, 0x0, 0x0, 0x2, 0xaf, 0xff, 0xff, 0xf1,
    0x0, 0x0, 0x0, 0x0, 0x0, 0x18, 0xef, 0xff,
    0x10, 0x0, 0x0, 0x0, 0x0, 0x0, 0x0, 0x6d,
    0xf1, 0x0, 0x0, 0x0, 0x0, 0x0, 0x0, 0x0,
    0x4, 0x0,

    /* U+003D "=" */
    0x9f, 0xff, 0xff, 0xff, 0xff, 0xff, 0xff, 0xff,
    0x29, 0xff, 0xff, 0xff, 0xff, 0xff, 0xff, 0xff,
    0xf2, 0x9f, 0xff, 0xff, 0xff, 0xff, 0xff, 0xff,
    0xff, 0x29, 0xff, 0xff, 0xff, 0xff, 0xff, 0xff,
    0xff, 0xf2, 0x24, 0x44, 0x44, 0x44, 0x44, 0x44,
    0x44, 0x44, 0x0, 0x0, 0x0, 0x0, 0x0, 0x0,
    0x0, 0x0, 0x0, 0x0, 0x0, 0x0, 0x0, 0x0,
    0x0, 0x0, 0x0, 0x2, 0x44, 0x44, 0x44, 0x44,
    0x44, 0x44, 0x44, 0x40, 0x9f, 0xff, 0xff, 0xff,
    0xff, 0xff, 0xff, 0xff, 0x29, 0xff, 0xff, 0xff,
    0xff, 0xff, 0xff, 0xff, 0xf2, 0x9f, 0xff, 0xff,
    0xff, 0xff, 0xff, 0xff, 0xff, 0x29, 0xff, 0xff,
    0xff, 0xff, 0xff, 0xff, 0xff, 0xf2,

    /* U+003E ">" */
    0x0, 0x0, 0x0, 0x0, 0x0, 0x0, 0x0, 0x0,
    0xb6, 0x0, 0x0, 0x0, 0x0, 0x0, 0x0, 0x0,
    0xef, 0xe8, 0x20, 0x0, 0x0, 0x0, 0x0, 0x0,
    0xef, 0xff, 0xfa, 0x40, 0x0, 0x0, 0x0, 0x0,
    0xef, 0xff, 0xff, 0xfd, 0x60, 0x0, 0x0, 0x0,
    0xef, 0xff, 0xff, 0xff, 0xfe, 0x81, 0x0, 0x0,
    0x28, 0xef, 0xff, 0xff, 0xff, 0xff, 0xa3, 0x0,
    0x0, 0x4, 0x9f, 0xff, 0xff, 0xff, 0xff, 0xc3,
    0x0, 0x0, 0x0, 0x5b, 0xff, 0xff, 0xff, 0xf7,
    0x0, 0x0, 0x0, 0x0, 0x17, 0xff, 0xff, 0xf7,
    0x0, 0x0, 0x0, 0x4, 0x9f, 0xff, 0xff, 0xf7,
    0x0, 0x0, 0x28, 0xef, 0xff, 0xff, 0xff, 0xf6,
    0x1, 0x6c, 0xff, 0xff, 0xff, 0xff, 0xfb, 0x40,
    0x9f, 0xff, 0xff, 0xff, 0xff, 0xf9, 0x20, 0x0,
    0xef, 0xff, 0xff, 0xff, 0xe7, 0x10, 0x0, 0x0,
    0xef, 0xff, 0xff, 0xc5, 0x0, 0x0, 0x0, 0x0,
    0xef, 0xff, 0x92, 0x0, 0x0, 0x0, 0x0, 0x0,
    0xee, 0x71, 0x0, 0x0, 0x0, 0x0, 0x0, 0x0,
    0x40, 0x0, 0x0, 0x0, 0x0, 0x0, 0x0, 0x0,

    /* U+003F "?" */
    0x0, 0x0, 0x17, 0xbe, 0xff, 0xda, 0x60, 0x0,
    0x0, 0x0, 0x7f, 0xff, 0xff, 0xff, 0xff, 0xe4,
    0x0, 0x0, 0x9f, 0xff, 0xff, 0xff, 0xff, 0xff,
    0xf3, 0x0, 0x4f, 0xff, 0xff, 0xff, 0xff, 0xff,
    0xff, 0xd0, 0xb, 0xff, 0xff, 0xf9, 0x56, 0xcf,
    0xff, 0xff, 0x40, 0xff, 0xff, 0xf6, 0x0, 0x0,
    0xdf, 0xff, 0xf8, 0x2f, 0xff, 0xff, 0x0, 0x0,
    0x8, 0xff, 0xff, 0x90, 0x22, 0x22, 0x20, 0x0,
    0x0, 0x8f, 0xff, 0xf9, 0x0, 0x0, 0x0, 0x0,
    0x0, 0xc, 0xff, 0xff, 0x60, 0x0, 0x0, 0x0,
    0x0, 0x6, 0xff, 0xff, 0xf1, 0x0, 0x0, 0x0,
    0x0, 0x5, 0xff, 0xff, 0xf5, 0x0, 0x0, 0x0,
    0x0, 0x6, 0xff, 0xff, 0xf7, 0x0, 0x0, 0x0,
    0x0, 0x5, 0xff, 0xff, 0xf8, 0x0, 0x0, 0x0,
    0x0, 0x1, 0xef, 0xff, 0xf8, 0x0, 0x0, 0x0,
    0x0, 0x0, 0x6f, 0xff, 0xf9, 0x0, 0x0, 0x0,
    0x0, 0x0, 0xa, 0xff, 0xff, 0x10, 0x0, 0x0,
    0x0, 0x0, 0x0, 0xcf, 0xff, 0xb0, 0x0, 0x0,
    0x0, 0x0, 0x0, 0xb, 0xdd, 0xd8, 0x0, 0x0,
    0x0, 0x0, 0x0, 0x0, 0x0, 0x0, 0x0, 0x0,
    0x0, 0x0, 0x0, 0x0, 0x0, 0x0, 0x0, 0x0,
    0x0, 0x0, 0x0, 0x0, 0x0, 0x5, 0x85, 0x0,
    0x0, 0x0, 0x0, 0x0, 0x0, 0xb, 0xff, 0xfa,
    0x0, 0x0, 0x0, 0x0, 0x0, 0x4, 0xff, 0xff,
    0xf2, 0x0, 0x0, 0x0, 0x0, 0x0, 0x5f, 0xff,
    0xff, 0x30, 0x0, 0x0, 0x0, 0x0, 0x1, 0xff,
    0xff, 0xe0, 0x0, 0x0, 0x0, 0x0, 0x0, 0x4,
    0xdf, 0xc3, 0x0, 0x0, 0x0,

    /* U+0040 "@" */
    0x0, 0x0, 0x0, 0x0, 0x0, 0x5, 0x8c, 0xde,
    0xee, 0xc9, 0x50, 0x0, 0x0, 0x0, 0x0, 0x0,
    0x0, 0x0, 0x0, 0x18, 0xef, 0xff, 0xff, 0xff,
    0xff, 0xff, 0x91, 0x0, 0x0, 0x0, 0x0, 0x0,
    0x0, 0x5, 0xef, 0xff, 0xff, 0xff, 0xff, 0xff,
    0xff, 0xff, 0x60, 0x0, 0x0, 0x0, 0x0, 0x0,
    0x8f, 0xff, 0xfd, 0x74, 0x10, 0x2, 0x38, 0xcf,
    0xff, 0xf8, 0x0, 0x0, 0x0, 0x0, 0x9, 0xff,
    0xfe, 0x50, 0x0, 0x0, 0x0, 0x0, 0x4, 0xdf,
    0xff, 0x60, 0x0, 0x0, 0x0, 0x7f, 0xff, 0xc1,
    0x0, 0x0, 0x0, 0x0, 0x0, 0x0, 0xc, 0xff,
    0xf2, 0x0, 0x0, 0x3, 0xff, 0xfc, 0x0, 0x0,
    0x0, 0x0, 0x0, 0x0, 0x0, 0x0, 0xdf, 0xfb,
    0x0, 0x0, 0xd, 0xff, 0xe1, 0x0, 0x0, 0x0,
    0x1, 0x21, 0x0, 0x0, 0x0, 0x3f, 0xff, 0x30,
    0x0, 0x6f, 0xff, 0x50, 0x0, 0x0, 0x8, 0xef,
    0xff, 0xe8, 0x0, 0x0, 0xb, 0xff, 0x90, 0x0,
    0xdf, 0xfc, 0x0, 0x0, 0x2, 0xef, 0xff, 0xff,
    0xff, 0xe4, 0x0, 0x5, 0xff, 0xf0, 0x3, 0xff,
    0xf5, 0x0, 0x0, 0x2e, 0xff, 0xff, 0xff, 0xff,
    0xf9, 0x0, 0x0, 0xff, 0xf3, 0x8, 0xff, 0xf0,
    0x0, 0x0, 0xcf, 0xff, 0xa3, 0x2, 0xff, 0xf8,
    0x0, 0x0, 0xcf, 0xf6, 0xd, 0xff, 0xa0, 0x0,
    0x5, 0xff, 0xfa, 0x0, 0x1, 0xff, 0xf7, 0x0,
    0x0, 0x9f, 0xf9, 0x1f, 0xff, 0x60, 0x0, 0xd,
    0xff, 0xf1, 0x0, 0x2, 0xff, 0xf5, 0x0, 0x0,
    0x7f, 0xf9, 0x3f, 0xff, 0x30, 0x0, 0x2f, 0xff,
    0xa0, 0x0, 0x4, 0xff, 0xf4, 0x0, 0x0, 0x7f,
    0xfa, 0x6f, 0xff, 0x10, 0x0, 0x7f, 0xff, 0x60,
    0x0, 0x5, 0xff, 0xf2, 0x0, 0x0, 0x7f, 0xfa,
    0x7f, 0xff, 0x0, 0x0, 0xaf, 0xff, 0x30, 0x0,
    0x7, 0xff, 0xf1, 0x0, 0x0, 0x8f, 0xf9, 0x8f,
    0xfe, 0x0, 0x0, 0xdf, 0xff, 0x10, 0x0, 0x8,
    0xff, 0xf0, 0x0, 0x0, 0xaf, 0xf8, 0x8f, 0xff,
    0x0, 0x0, 0xef, 0xff, 0x0, 0x0, 0x9, 0xff,
    0xe0, 0x0, 0x0, 0xcf, 0xf6, 0x7f, 0xff, 0x0,
    0x0, 0xff, 0xff, 0x0, 0x0, 0xb, 0xff, 0xd0,
    0x0, 0x1, 0xff, 0xf1, 0x7f, 0xff, 0x0, 0x0,
    0xdf, 0xff, 0x10, 0x0, 0x1f, 0xff, 0xc0, 0x0,
    0x6, 0xff, 0xd0, 0x5f, 0xff, 0x20, 0x0, 0xbf,
    0xff, 0x70, 0x0, 0xaf, 0xff, 0xc0, 0x0, 0xd,
    0xff, 0x60, 0x3f, 0xff, 0x40, 0x0, 0x6f, 0xff,
    0xf7, 0x5b, 0xff, 0xff, 0xf5, 0x1, 0xbf, 0xfe,
    0x0, 0xf, 0xff, 0x80, 0x0, 0xe, 0xff, 0xff,
    0xff, 0xfb, 0xff, 0xff, 0xff, 0xff, 0xf3, 0x0,
    0xc, 0xff, 0xe0, 0x0, 0x4, 0xff, 0xff, 0xff,
    0xb0, 0x8f, 0xff, 0xff, 0xff, 0x50, 0x0, 0x6,
    0xff, 0xf4, 0x0, 0x0, 0x3b, 0xef, 0xc6, 0x0,
    0x5, 0xcf, 0xfd, 0x92, 0x0, 0x0, 0x1, 0xff,
    0xfd, 0x0, 0x0, 0x0, 0x0, 0x0, 0x0, 0x0,
    0x0, 0x0, 0x0, 0x0, 0x0, 0x0, 0x9f, 0xff,
    0x90, 0x0, 0x0, 0x0, 0x0, 0x0, 0x0, 0x0,
    0x0, 0x0, 0x0, 0x0, 0x0, 0xd, 0xff, 0xf9,
    0x0, 0x0, 0x0, 0x0, 0x0, 0x0, 0x0, 0x0,
    0x0, 0x0, 0x0, 0x0, 0x3, 0xff, 0xff, 0xd4,
    0x0, 0x0, 0x0, 0x0, 0x0, 0x30, 0x0, 0x0,
    0x0, 0x0, 0x0, 0x0, 0x5f, 0xff, 0xff, 0xd9,
    0x54, 0x23, 0x47, 0xbf, 0xc0, 0x0, 0x0, 0x0,
    0x0, 0x0, 0x0, 0x3, 0xdf, 0xff, 0xff, 0xff,
    0xff, 0xff, 0xff, 0xf0, 0x0, 0x0, 0x0, 0x0,
    0x0, 0x0, 0x0, 0x7, 0xef, 0xff, 0xff, 0xff,
    0xff, 0xff, 0xb1, 0x0, 0x0, 0x0, 0x0, 0x0,
    0x0, 0x0, 0x0, 0x4, 0x8b, 0xef, 0xff, 0xdb,
    0x72, 0x0, 0x0, 0x0, 0x0, 0x0,

    /* U+0041 "A" */
    0x0, 0x0, 0x0, 0x0, 0x8, 0xff, 0xff, 0xb0,
    0x0, 0x0, 0x0, 0x0, 0x0, 0x0, 0x0, 0x0,
    0x0, 0xdf, 0xff, 0xff, 0x10, 0x0, 0x0, 0x0,
    0x0, 0x0, 0x0, 0x0, 0x0, 0x3f, 0xff, 0xff,
    0xf7, 0x0, 0x0, 0x0, 0x0, 0x0, 0x0, 0x0,
    0x0, 0x9, 0xff, 0xff, 0xff, 0xd0, 0x0, 0x0,
    0x0, 0x0, 0x0, 0x0, 0x0, 0x0, 0xff, 0xff,
    0xff, 0xff, 0x30, 0x0, 0x0, 0x0, 0x0, 0x0,
    0x0, 0x0, 0x5f, 0xff, 0xff, 0xff, 0xf9, 0x0,
    0x0, 0x0, 0x0, 0x0, 0x0, 0x0, 0xb, 0xff,
    0xff, 0xef, 0xff, 0xe0, 0x0, 0x0, 0x0, 0x0,
    0x0, 0x0, 0x1, 0xff, 0xff, 0xc8, 0xff, 0xff,
    0x50, 0x0, 0x0, 0x0, 0x0, 0x0, 0x0, 0x7f,
    0xff, 0xf6, 0x2f, 0xff, 0xfb, 0x0, 0x0, 0x0,
    0x0, 0x0, 0x0, 0xd, 0xff, 0xff, 0x10, 0xdf,
    0xff, 0xf1, 0x0, 0x0, 0x0, 0x0, 0x0, 0x2,
    0xff, 0xff, 0xc0, 0x8, 0xff, 0xff, 0x60, 0x0,
    0x0, 0x0, 0x0, 0x0, 0x8f, 0xff, 0xf6, 0x0,
    0x2f, 0xff, 0xfc, 0x0, 0x0, 0x0, 0x0, 0x0,
    0xe, 0xff, 0xff, 0x10, 0x0, 0xdf, 0xff, 0xf2,
    0x0, 0x0, 0x0, 0x0, 0x4, 0xff, 0xff, 0xb0,
    0x0, 0x8, 0xff, 0xff, 0x80, 0x0, 0x0, 0x0,
    0x0, 0xaf, 0xff, 0xf6, 0x0, 0x0, 0x2f, 0xff,
    0xfe, 0x0, 0x0, 0x0, 0x0, 0xf, 0xff, 0xff,
    0x10, 0x0, 0x0, 0xdf, 0xff, 0xf4, 0x0, 0x0,
    0x0, 0x6, 0xff, 0xff, 0xff, 0xff, 0xff, 0xff,
    0xff, 0xff, 0xa0, 0x0, 0x0, 0x0, 0xbf, 0xff,
    0xff, 0xff, 0xff, 0xff, 0xff, 0xff, 0xff, 0x0,
    0x0, 0x0, 0x1f, 0xff, 0xff, 0xff, 0xff, 0xff,
    0xff, 0xff, 0xff, 0xf6, 0x0, 0x0, 0x7, 0xff,
    0xff, 0xff, 0xff, 0xff, 0xff, 0xff, 0xff, 0xff,
    0xb0, 0x0, 0x0, 0xdf, 0xff, 0xfa, 0x66, 0x66,
    0x66, 0x66, 0x8f, 0xff, 0xff, 0x10, 0x0, 0x3f,
    0xff, 0xff, 0x20, 0x0, 0x0, 0x0, 0x0, 0xef,
    0xff, 0xf7, 0x0, 0x9, 0xff, 0xff, 0xd0, 0x0,
    0x0, 0x0, 0x0, 0x9, 0xff, 0xff, 0xd0, 0x0,
    0xef, 0xff, 0xf8, 0x0, 0x0, 0x0, 0x0, 0x0,
    0x4f, 0xff, 0xff, 0x30, 0x5f, 0xff, 0xff, 0x30,
    0x0, 0x0, 0x0, 0x0, 0x0, 0xff, 0xff, 0xf9,
    0xa, 0xff, 0xff, 0xe0, 0x0, 0x0, 0x0, 0x0,
    0x0, 0xa, 0xff, 0xff, 0xe0,

    /* U+0042 "B" */
    0xbf, 0xff, 0xff, 0xff, 0xff, 0xed, 0xb7, 0x20,
    0x0, 0x0, 0xbf, 0xff, 0xff, 0xff, 0xff, 0xff,
    0xff, 0xfa, 0x10, 0x0, 0xbf, 0xff, 0xff, 0xff,
    0xff, 0xff, 0xff, 0xff, 0xe2, 0x0, 0xbf, 0xff,
    0xff, 0xff, 0xff, 0xff, 0xff, 0xff, 0xfc, 0x0,
    0xbf, 0xff, 0xfc, 0x77, 0x77, 0x9d, 0xff, 0xff,
    0xff, 0x40, 0xbf, 0xff, 0xf9, 0x0, 0x0, 0x0,
    0x6f, 0xff, 0xff, 0x90, 0xbf, 0xff, 0xf9, 0x0,
    0x0, 0x0, 0xc, 0xff, 0xff, 0xa0, 0xbf, 0xff,
    0xf9, 0x0, 0x0, 0x0, 0x9, 0xff, 0xff, 0xb0,
    0xbf, 0xff, 0xf9, 0x0, 0x0, 0x0, 0xa, 0xff,
    0xff, 0x90, 0xbf, 0xff, 0xf9, 0x0, 0x0, 0x0,
    0x1e, 0xff, 0xff, 0x40, 0xbf, 0xff, 0xf9, 0x0,
    0x0, 0x15, 0xdf, 0xff, 0xfc, 0x0, 0xbf, 0xff,
    0xff, 0xff, 0xff, 0xff, 0xff, 0xff, 0xe2, 0x0,
    0xbf, 0xff, 0xff, 0xff, 0xff, 0xff, 0xff, 0xfa,
    0x10, 0x0, 0xbf, 0xff, 0xff, 0xff, 0xff, 0xff,
    0xff, 0xff, 0xa1, 0x0, 0xbf, 0xff, 0xff, 0xee,
    0xee, 0xef, 0xff, 0xff, 0xfe, 0x10, 0xbf, 0xff,
    0xf9, 0x0, 0x0, 0x0, 0x6f, 0xff, 0xff, 0x80,
    0xbf, 0xff, 0xf9, 0x0, 0x0, 0x0, 0x6, 0xff,
    0xff, 0xf0, 0xbf, 0xff, 0xf9, 0x0, 0x0, 0x0,
    0x1, 0xff, 0xff, 0xf2, 0xbf, 0xff, 0xf9, 0x0,
    0x0, 0x0, 0x0, 0xff, 0xff, 0xf4, 0xbf, 0xff,
    0xf9, 0x0, 0x0, 0x0, 0x3, 0xff, 0xff, 0xf3,
    0xbf, 0xff, 0xf9, 0x0, 0x0, 0x0, 0xc, 0xff,
    0xff, 0xf1, 0xbf, 0xff, 0xfb, 0x66, 0x66, 0x68,
    0xef, 0xff, 0xff, 0xc0, 0xbf, 0xff, 0xff, 0xff,
    0xff, 0xff, 0xff, 0xff, 0xff, 0x40, 0xbf, 0xff,
    0xff, 0xff, 0xff, 0xff, 0xff, 0xff, 0xf8, 0x0,
    0xbf, 0xff, 0xff, 0xff, 0xff, 0xff, 0xff, 0xfe,
    0x50, 0x0, 0xbf, 0xff, 0xff, 0xff, 0xff, 0xfe,
    0xda, 0x50, 0x0, 0x0,

    /* U+0043 "C" */
    0x0, 0x0, 0x0, 0x16, 0xad, 0xff, 0xec, 0x94,
    0x0, 0x0, 0x0, 0x0, 0x0, 0x7, 0xef, 0xff,
    0xff, 0xff, 0xff, 0xd3, 0x0, 0x0, 0x0, 0x0,
    0xbf, 0xff, 0xff, 0xff, 0xff, 0xff, 0xff, 0x60,
    0x0, 0x0, 0xb, 0xff, 0xff, 0xff, 0xff, 0xff,
    0xff, 0xff, 0xf4, 0x0, 0x0, 0x7f, 0xff, 0xff,
    0xfb, 0x87, 0x9d, 0xff, 0xff, 0xfe, 0x0, 0x1,
    0xff, 0xff, 0xfe, 0x20, 0x0, 0x0, 0x5f, 0xff,
    0xff, 0x70, 0x7, 0xff, 0xff, 0xf2, 0x0, 0x0,
    0x0, 0x8, 0xff, 0xff, 0xd0, 0xd, 0xff, 0xff,
    0xa0, 0x0, 0x0, 0x0, 0x2, 0xff, 0xff, 0xf2,
    0x1f, 0xff, 0xff, 0x40, 0x0, 0x0, 0x0, 0x0,
    0xef, 0xff, 0xf5, 0x4f, 0xff, 0xff, 0x10, 0x0,
    0x0, 0x0, 0x0, 0x0, 0x0, 0x0, 0x5f, 0xff,
    0xff, 0x0, 0x0, 0x0, 0x0, 0x0, 0x0, 0x0,
    0x0, 0x7f, 0xff, 0xfe, 0x0, 0x0, 0x0, 0x0,
    0x0, 0x0, 0x0, 0x0, 0x7f, 0xff, 0xfe, 0x0,
    0x0, 0x0, 0x0, 0x0, 0x0, 0x0, 0x0, 0x7f,
    0xff, 0xfe, 0x0, 0x0, 0x0, 0x0, 0x0, 0x0,
    0x0, 0x0, 0x7f, 0xff, 0xfe, 0x0, 0x0, 0x0,
    0x0, 0x0, 0x0, 0x0, 0x0, 0x6f, 0xff, 0xff,
    0x0, 0x0, 0x0, 0x0, 0x0, 0x0, 0x0, 0x0,
    0x4f, 0xff, 0xff, 0x10, 0x0, 0x0, 0x0, 0x0,
    0x0, 0x0, 0x0, 0x1f, 0xff, 0xff, 0x40, 0x0,
    0x0, 0x0, 0x0, 0xcd, 0xdd, 0xd4, 0xd, 0xff,
    0xff, 0x90, 0x0, 0x0, 0x0, 0x2, 0xff, 0xff,
    0xf2, 0x8, 0xff, 0xff, 0xf1, 0x0, 0x0, 0x0,
    0x8, 0xff, 0xff, 0xe0, 0x1, 0xff, 0xff, 0xfc,
    0x10, 0x0, 0x0, 0x6f, 0xff, 0xff, 0x90, 0x0,
    0x8f, 0xff, 0xff, 0xfa, 0x87, 0x9d, 0xff, 0xff,
    0xff, 0x10, 0x0, 0xc, 0xff, 0xff, 0xff, 0xff,
    0xff, 0xff, 0xff, 0xf6, 0x0, 0x0, 0x1, 0xcf,
    0xff, 0xff, 0xff, 0xff, 0xff, 0xff, 0x70, 0x0,
    0x0, 0x0, 0x8, 0xff, 0xff, 0xff, 0xff, 0xff,
    0xd4, 0x0, 0x0, 0x0, 0x0, 0x0, 0x16, 0xbd,
    0xff, 0xec, 0x94, 0x0, 0x0, 0x0,

    /* U+0044 "D" */
    0xbf, 0xff, 0xff, 0xff, 0xfe, 0xc8, 0x30, 0x0,
    0x0, 0x0, 0xbf, 0xff, 0xff, 0xff, 0xff, 0xff,
    0xfc, 0x40, 0x0, 0x0, 0xbf, 0xff, 0xff, 0xff,
    0xff, 0xff, 0xff, 0xf8, 0x0, 0x0, 0xbf, 0xff,
    0xff, 0xff, 0xff, 0xff, 0xff, 0xff, 0x90, 0x0,
    0xbf, 0xff, 0xfc, 0x77, 0x78, 0xcf, 0xff, 0xff,
    0xf6, 0x0, 0xbf, 0xff, 0xf9, 0x0, 0x0, 0x3,
    0xdf, 0xff, 0xff, 0x20, 0xbf, 0xff, 0xf9, 0x0,
    0x0, 0x0, 0x1e, 0xff, 0xff, 0x90, 0xbf, 0xff,
    0xf9, 0x0, 0x0, 0x0, 0x6, 0xff, 0xff, 0xf1,
    0xbf, 0xff, 0xf9, 0x0, 0x0, 0x0, 0x1, 0xff,
    0xff, 0xf5, 0xbf, 0xff, 0xf9, 0x0, 0x0, 0x0,
    0x0, 0xcf, 0xff, 0xf9, 0xbf, 0xff, 0xf9, 0x0,
    0x0, 0x0, 0x0, 0x9f, 0xff, 0xfb, 0xbf, 0xff,
    0xf9, 0x0, 0x0, 0x0, 0x0, 0x8f, 0xff, 0xfc,
    0xbf, 0xff, 0xf9, 0x0, 0x0, 0x0, 0x0, 0x8f,
    0xff, 0xfd, 0xbf, 0xff, 0xf9, 0x0, 0x0, 0x0,
    0x0, 0x8f, 0xff, 0xfd, 0xbf, 0xff, 0xf9, 0x0,
    0x0, 0x0, 0x0, 0x8f, 0xff, 0xfc, 0xbf, 0xff,
    0xf9, 0x0, 0x0, 0x0, 0x0, 0xaf, 0xff, 0xfb,
    0xbf, 0xff, 0xf9, 0x0, 0x0, 0x0, 0x0, 0xdf,
    0xff, 0xf9, 0xbf, 0xff, 0xf9, 0x0, 0x0, 0x0,
    0x1, 0xff, 0xff, 0xf5, 0xbf, 0xff, 0xf9, 0x0,
    0x0, 0x0, 0x8, 0xff, 0xff, 0xf1, 0xbf, 0xff,
    0xf9, 0x0, 0x0, 0x0, 0x2f, 0xff, 0xff, 0xa0,
    0xbf, 0xff, 0xf9, 0x0, 0x0, 0x4, 0xef, 0xff,
    0xff, 0x20, 0xbf, 0xff, 0xfb, 0x66, 0x68, 0xcf,
    0xff, 0xff, 0xf7, 0x0, 0xbf, 0xff, 0xff, 0xff,
    0xff, 0xff, 0xff, 0xff, 0xa0, 0x0, 0xbf, 0xff,
    0xff, 0xff, 0xff, 0xff, 0xff, 0xf8, 0x0, 0x0,
    0xbf, 0xff, 0xff, 0xff, 0xff, 0xff, 0xfc, 0x40,
    0x0, 0x0, 0xbf, 0xff, 0xff, 0xff, 0xfe, 0xc8,
    0x30, 0x0, 0x0, 0x0,

    /* U+0045 "E" */
    0xbf, 0xff, 0xff, 0xff, 0xff, 0xff, 0xff, 0xff,
    0xf6, 0xbf, 0xff, 0xff, 0xff, 0xff, 0xff, 0xff,
    0xff, 0xf6, 0xbf, 0xff, 0xff, 0xff, 0xff, 0xff,
    0xff, 0xff, 0xf6, 0xbf, 0xff, 0xff, 0xff, 0xff,
    0xff, 0xff, 0xff, 0xf6, 0xbf, 0xff, 0xfb, 0x66,
    0x66, 0x66, 0x66, 0x66, 0x62, 0xbf, 0xff, 0xf9,
    0x0, 0x0, 0x0, 0x0, 0x0, 0x0, 0xbf, 0xff,
    0xf9, 0x0, 0x0, 0x0, 0x0, 0x0, 0x0, 0xbf,
    0xff, 0xf9, 0x0, 0x0, 0x0, 0x0, 0x0, 0x0,
    0xbf, 0xff, 0xf9, 0x0, 0x0, 0x0, 0x0, 0x0,
    0x0, 0xbf, 0xff, 0xf9, 0x0, 0x0, 0x0, 0x0,
    0x0, 0x0, 0xbf, 0xff, 0xff, 0xff, 0xff, 0xff,
    0xff, 0xfb, 0x0, 0xbf, 0xff, 0xff, 0xff, 0xff,
    0xff, 0xff, 0xfb, 0x0, 0xbf, 0xff, 0xff, 0xff,
    0xff, 0xff, 0xff, 0xfb, 0x0, 0xbf, 0xff, 0xff,
    0xff, 0xff, 0xff, 0xff, 0xfb, 0x0, 0xbf, 0xff,
    0xfb, 0x44, 0x44, 0x44, 0x44, 0x42, 0x0, 0xbf,
    0xff, 0xf9, 0x0, 0x0, 0x0, 0x0, 0x0, 0x0,
    0xbf, 0xff, 0xf9, 0x0, 0x0, 0x0, 0x0, 0x0,
    0x0, 0xbf, 0xff, 0xf9, 0x0, 0x0, 0x0, 0x0,
    0x0, 0x0, 0xbf, 0xff, 0xf9, 0x0, 0x0, 0x0,
    0x0, 0x0, 0x0, 0xbf, 0xff, 0xf9, 0x0, 0x0,
    0x0, 0x0, 0x0, 0x0, 0xbf, 0xff, 0xf9, 0x0,
    0x0, 0x0, 0x0, 0x0, 0x0, 0xbf, 0xff, 0xfb,
    0x66, 0x66, 0x66, 0x66, 0x66, 0x62, 0xbf, 0xff,
    0xff, 0xff, 0xff, 0xff, 0xff, 0xff, 0xf7, 0xbf,
    0xff, 0xff, 0xff, 0xff, 0xff, 0xff, 0xff, 0xf7,
    0xbf, 0xff, 0xff, 0xff, 0xff, 0xff, 0xff, 0xff,
    0xf7, 0xbf, 0xff, 0xff, 0xff, 0xff, 0xff, 0xff,
    0xff, 0xf7,

    /* U+0046 "F" */
    0xbf, 0xff, 0xff, 0xff, 0xff, 0xff, 0xff, 0xff,
    0xfb, 0xff, 0xff, 0xff, 0xff, 0xff, 0xff, 0xff,
    0xff, 0xbf, 0xff, 0xff, 0xff, 0xff, 0xff, 0xff,
    0xff, 0xfb, 0xff, 0xff, 0xff, 0xff, 0xff, 0xff,
    0xff, 0xff, 0xbf, 0xff, 0xfb, 0x66, 0x66, 0x66,
    0x66, 0x66, 0x6b, 0xff, 0xff, 0x90, 0x0, 0x0,
    0x0, 0x0, 0x0, 0xbf, 0xff, 0xf9, 0x0, 0x0,
    0x0, 0x0, 0x0, 0xb, 0xff, 0xff, 0x90, 0x0,
    0x0, 0x0, 0x0, 0x0, 0xbf, 0xff, 0xf9, 0x0,
    0x0, 0x0, 0x0, 0x0, 0xb, 0xff, 0xff, 0x90,
    0x0, 0x0, 0x0, 0x0, 0x0, 0xbf, 0xff, 0xf9,
    0x0, 0x0, 0x0, 0x0, 0x0, 0xb, 0xff, 0xff,
    0xff, 0xff, 0xff, 0xff, 0xff, 0xb0, 0xbf, 0xff,
    0xff, 0xff, 0xff, 0xff, 0xff, 0xfb, 0xb, 0xff,
    0xff, 0xff, 0xff, 0xff, 0xff, 0xff, 0xb0, 0xbf,
    0xff, 0xff, 0xff, 0xff, 0xff, 0xff, 0xfb, 0xb,
    0xff, 0xff, 0xb6, 0x66, 0x66, 0x66, 0x66, 0x40,
    0xbf, 0xff, 0xf9, 0x0, 0x0, 0x0, 0x0, 0x0,
    0xb, 0xff, 0xff, 0x90, 0x0, 0x0, 0x0, 0x0,
    0x0, 0xbf, 0xff, 0xf9, 0x0, 0x0, 0x0, 0x0,
    0x0, 0xb, 0xff, 0xff, 0x90, 0x0, 0x0, 0x0,
    0x0, 0x0, 0xbf, 0xff, 0xf9, 0x0, 0x0, 0x0,
    0x0, 0x0, 0xb, 0xff, 0xff, 0x90, 0x0, 0x0,
    0x0, 0x0, 0x0, 0xbf, 0xff, 0xf9, 0x0, 0x0,
    0x0, 0x0, 0x0, 0xb, 0xff, 0xff, 0x90, 0x0,
    0x0, 0x0, 0x0, 0x0, 0xbf, 0xff, 0xf9, 0x0,
    0x0, 0x0, 0x0, 0x0, 0xb, 0xff, 0xff, 0x90,
    0x0, 0x0, 0x0, 0x0, 0x0,

    /* U+0047 "G" */
    0x0, 0x0, 0x0, 0x5, 0xad, 0xef, 0xed, 0xa7,
    0x10, 0x0, 0x0, 0x0, 0x0, 0x5, 0xef, 0xff,
    0xff, 0xff, 0xff, 0xf9, 0x0, 0x0, 0x0, 0x0,
    0x9f, 0xff, 0xff, 0xff, 0xff, 0xff, 0xff, 0xc0,
    0x0, 0x0, 0x9, 0xff, 0xff, 0xff, 0xff, 0xff,
    0xff, 0xff, 0xfb, 0x0, 0x0, 0x5f, 0xff, 0xff,
    0xfc, 0x76, 0x7a, 0xff, 0xff, 0xff, 0x50, 0x0,
    0xef, 0xff, 0xff, 0x40, 0x0, 0x0, 0x2e, 0xff,
    0xff, 0xc0, 0x5, 0xff, 0xff, 0xf5, 0x0, 0x0,
    0x0, 0x4, 0xff, 0xff, 0xf2, 0xb, 0xff, 0xff,
    0xc0, 0x0, 0x0, 0x0, 0x0, 0xdf, 0xff, 0xf5,
    0xe, 0xff, 0xff, 0x70, 0x0, 0x0, 0x0, 0x0,
    0x35, 0x55, 0x52, 0x2f, 0xff, 0xff, 0x30, 0x0,
    0x0, 0x0, 0x0, 0x0, 0x0, 0x0, 0x3f, 0xff,
    0xff, 0x10, 0x0, 0x0, 0x0, 0x0, 0x0, 0x0,
    0x0, 0x4f, 0xff, 0xff, 0x0, 0x0, 0x0, 0x0,
    0x0, 0x0, 0x0, 0x0, 0x5f, 0xff, 0xff, 0x0,
    0x0, 0x8, 0xff, 0xff, 0xff, 0xff, 0xf8, 0x5f,
    0xff, 0xff, 0x0, 0x0, 0x8, 0xff, 0xff, 0xff,
    0xff, 0xf8, 0x4f, 0xff, 0xff, 0x0, 0x0, 0x8,
    0xff, 0xff, 0xff, 0xff, 0xf8, 0x3f, 0xff, 0xff,
    0x10, 0x0, 0x8, 0xff, 0xff, 0xff, 0xff, 0xf8,
    0x2f, 0xff, 0xff, 0x40, 0x0, 0x0, 0x0, 0x0,
    0xbf, 0xff, 0xf8, 0xe, 0xff, 0xff, 0x80, 0x0,
    0x0, 0x0, 0x0, 0xbf, 0xff, 0xf8, 0xb, 0xff,
    0xff, 0xd0, 0x0, 0x0, 0x0, 0x0, 0xbf, 0xff,
    0xf8, 0x5, 0xff, 0xff, 0xf7, 0x0, 0x0, 0x0,
    0x0, 0xbf, 0xff, 0xf8, 0x0, 0xdf, 0xff, 0xff,
    0x70, 0x0, 0x0, 0x2, 0xef, 0xff, 0xf8, 0x0,
    0x4f, 0xff, 0xff, 0xfd, 0x96, 0x67, 0xbf, 0xff,
    0xff, 0xf8, 0x0, 0x8, 0xff, 0xff, 0xff, 0xff,
    0xff, 0xff, 0xff, 0xff, 0xf5, 0x0, 0x0, 0x7f,
    0xff, 0xff, 0xff, 0xff, 0xff, 0xff, 0xfe, 0x40,
    0x0, 0x0, 0x4, 0xcf, 0xff, 0xff, 0xff, 0xff,
    0xff, 0x91, 0x0, 0x0, 0x0, 0x0, 0x4, 0x8c,
    0xef, 0xfe, 0xda, 0x61, 0x0, 0x0,

    /* U+0048 "H" */
    0xbf, 0xff, 0xf9, 0x0, 0x0, 0x0, 0x0, 0x2,
    0xff, 0xff, 0xf2, 0xbf, 0xff, 0xf9, 0x0, 0x0,
    0x0, 0x0, 0x2, 0xff, 0xff, 0xf2, 0xbf, 0xff,
    0xf9, 0x0, 0x0, 0x0, 0x0, 0x2, 0xff, 0xff,
    0xf2, 0xbf, 0xff, 0xf9, 0x0, 0x0, 0x0, 0x0,
    0x2, 0xff, 0xff, 0xf2, 0xbf, 0xff, 0xf9, 0x0,
    0x0, 0x0, 0x0, 0x2, 0xff, 0xff, 0xf2, 0xbf,
    0xff, 0xf9, 0x0, 0x0, 0x0, 0x0, 0x2, 0xff,
    0xff, 0xf2, 0xbf, 0xff, 0xf9, 0x0, 0x0, 0x0,
    0x0, 0x2, 0xff, 0xff, 0xf2, 0xbf, 0xff, 0xf9,
    0x0, 0x0, 0x0, 0x0, 0x2, 0xff, 0xff, 0xf2,
    0xbf, 0xff, 0xf9, 0x0, 0x0, 0x0, 0x0, 0x2,
    0xff, 0xff, 0xf2, 0xbf, 0xff, 0xf9, 0x0, 0x0,
    0x0, 0x0, 0x2, 0xff, 0xff, 0xf2, 0xbf, 0xff,
    0xff, 0xff, 0xff, 0xff, 0xff, 0xff, 0xff, 0xff,
    0xf2, 0xbf, 0xff, 0xff, 0xff, 0xff, 0xff, 0xff,
    0xff, 0xff, 0xff, 0xf2, 0xbf, 0xff, 0xff, 0xff,
    0xff, 0xff, 0xff, 0xff, 0xff, 0xff, 0xf2, 0xbf,
    0xff, 0xff, 0xff, 0xff, 0xff, 0xff, 0xff, 0xff,
    0xff, 0xf2, 0xbf, 0xff, 0xfb, 0x66, 0x66, 0x66,
    0x66, 0x67, 0xff, 0xff, 0xf2, 0xbf, 0xff, 0xf9,
    0x0, 0x0, 0x0, 0x0, 0x2, 0xff, 0xff, 0xf2,
    0xbf, 0xff, 0xf9, 0x0, 0x0, 0x0, 0x0, 0x2,
    0xff, 0xff, 0xf2, 0xbf, 0xff, 0xf9, 0x0, 0x0,
    0x0, 0x0, 0x2, 0xff, 0xff, 0xf2, 0xbf, 0xff,
    0xf9, 0x0, 0x0, 0x0, 0x0, 0x2, 0xff, 0xff,
    0xf2, 0xbf, 0xff, 0xf9, 0x0, 0x0, 0x0, 0x0,
    0x2, 0xff, 0xff, 0xf2, 0xbf, 0xff, 0xf9, 0x0,
    0x0, 0x0, 0x0, 0x2, 0xff, 0xff, 0xf2, 0xbf,
    0xff, 0xf9, 0x0, 0x0, 0x0, 0x0, 0x2, 0xff,
    0xff, 0xf2, 0xbf, 0xff, 0xf9, 0x0, 0x0, 0x0,
    0x0, 0x2, 0xff, 0xff, 0xf2, 0xbf, 0xff, 0xf9,
    0x0, 0x0, 0x0, 0x0, 0x2, 0xff, 0xff, 0xf2,
    0xbf, 0xff, 0xf9, 0x0, 0x0, 0x0, 0x0, 0x2,
    0xff, 0xff, 0xf2, 0xbf, 0xff, 0xf9, 0x0, 0x0,
    0x0, 0x0, 0x2, 0xff, 0xff, 0xf2,

    /* U+0049 "I" */
    0x6f, 0xff, 0xfe, 0x6f, 0xff, 0xfe, 0x6f, 0xff,
    0xfe, 0x6f, 0xff, 0xfe, 0x6f, 0xff, 0xfe, 0x6f,
    0xff, 0xfe, 0x6f, 0xff, 0xfe, 0x6f, 0xff, 0xfe,
    0x6f, 0xff, 0xfe, 0x6f, 0xff, 0xfe, 0x6f, 0xff,
    0xfe, 0x6f, 0xff, 0xfe, 0x6f, 0xff, 0xfe, 0x6f,
    0xff, 0xfe, 0x6f, 0xff, 0xfe, 0x6f, 0xff, 0xfe,
    0x6f, 0xff, 0xfe, 0x6f, 0xff, 0xfe, 0x6f, 0xff,
    0xfe, 0x6f, 0xff, 0xfe, 0x6f, 0xff, 0xfe, 0x6f,
    0xff, 0xfe, 0x6f, 0xff, 0xfe, 0x6f, 0xff, 0xfe,
    0x6f, 0xff, 0xfe, 0x6f, 0xff, 0xfe,

    /* U+004A "J" */
    0x0, 0x0, 0x0, 0x0, 0x0, 0x0, 0x6f, 0xff,
    0xfe, 0x0, 0x0, 0x0, 0x0, 0x0, 0x0, 0x6f,
    0xff, 0xfe, 0x0, 0x0, 0x0, 0x0, 0x0, 0x0,
    0x6f, 0xff, 0xfe, 0x0, 0x0, 0x0, 0x0, 0x0,
    0x0, 0x6f, 0xff, 0xfe, 0x0, 0x0, 0x0, 0x0,
    0x0, 0x0, 0x6f, 0xff, 0xfe, 0x0, 0x0, 0x0,
    0x0, 0x0, 0x0, 0x6f, 0xff, 0xfe, 0x0, 0x0,
    0x0, 0x0, 0x0, 0x0, 0x6f, 0xff, 0xfe, 0x0,
    0x0, 0x0, 0x0, 0x0, 0x0, 0x6f, 0xff, 0xfe,
    0x0, 0x0, 0x0, 0x0, 0x0, 0x0, 0x6f, 0xff,
    0xfe, 0x0, 0x0, 0x0, 0x0, 0x0, 0x0, 0x6f,
    0xff, 0xfe, 0x0, 0x0, 0x0, 0x0, 0x0, 0x0,
    0x6f, 0xff, 0xfe, 0x0, 0x0, 0x0, 0x0, 0x0,
    0x0, 0x6f, 0xff, 0xfe, 0x0, 0x0, 0x0, 0x0,
    0x0, 0x0, 0x6f, 0xff, 0xfe, 0x0, 0x0, 0x0,
    0x0, 0x0, 0x0, 0x6f, 0xff, 0xfe, 0x0, 0x0,
    0x0, 0x0, 0x0, 0x0, 0x6f, 0xff, 0xfe, 0x0,
    0x0, 0x0, 0x0, 0x0, 0x0, 0x6f, 0xff, 0xfe,
    0x0, 0x0, 0x0, 0x0, 0x0, 0x0, 0x6f, 0xff,
    0xfe, 0x0, 0x0, 0x0, 0x0, 0x0, 0x0, 0x6f,
    0xff, 0xfe, 0x3f, 0xff, 0xff, 0x0, 0x0, 0x0,
    0x7f, 0xff, 0xfd, 0x2f, 0xff, 0xff, 0x30, 0x0,
    0x0, 0xbf, 0xff, 0xfb, 0xf, 0xff, 0xff, 0xa0,
    0x0, 0x4, 0xff, 0xff, 0xf7, 0xa, 0xff, 0xff,
    0xfd, 0x86, 0x9f, 0xff, 0xff, 0xf1, 0x2, 0xff,
    0xff, 0xff, 0xff, 0xff, 0xff, 0xff, 0x80, 0x0,
    0x6f, 0xff, 0xff, 0xff, 0xff, 0xff, 0xfa, 0x0,
    0x0, 0x4, 0xef, 0xff, 0xff, 0xff, 0xff, 0x70,
    0x0, 0x0, 0x0, 0x5, 0xad, 0xff, 0xec, 0x71,
    0x0, 0x0,

    /* U+004B "K" */
    0xbf, 0xff, 0xf9, 0x0, 0x0, 0x0, 0x1, 0xef,
    0xff, 0xff, 0x70, 0xbf, 0xff, 0xf9, 0x0, 0x0,
    0x0, 0xb, 0xff, 0xff, 0xfb, 0x0, 0xbf, 0xff,
    0xf9, 0x0, 0x0, 0x0, 0x8f, 0xff, 0xff, 0xd1,
    0x0, 0xbf, 0xff, 0xf9, 0x0, 0x0, 0x4, 0xff,
    0xff, 0xff, 0x20, 0x0, 0xbf, 0xff, 0xf9, 0x0,
    0x0, 0x1e, 0xff, 0xff, 0xf5, 0x0, 0x0, 0xbf,
    0xff, 0xf9, 0x0, 0x0, 0xcf, 0xff, 0xff, 0x80,
    0x0, 0x0, 0xbf, 0xff, 0xf9, 0x0, 0x9, 0xff,
    0xff, 0xfc, 0x0, 0x0, 0x0, 0xbf, 0xff, 0xf9,
    0x0, 0x5f, 0xff, 0xff, 0xe1, 0x0, 0x0, 0x0,
    0xbf, 0xff, 0xf9, 0x2, 0xff, 0xff, 0xff, 0x30,
    0x0, 0x0, 0x0, 0xbf, 0xff, 0xf9, 0xc, 0xff,
    0xff, 0xf6, 0x0, 0x0, 0x0, 0x0, 0xbf, 0xff,
    0xf9, 0x8f, 0xff, 0xff, 0x90, 0x0, 0x0, 0x0,
    0x0, 0xbf, 0xff, 0xfc, 0xff, 0xff, 0xff, 0x0,
    0x0, 0x0, 0x0, 0x0, 0xbf, 0xff, 0xff, 0xff,
    0xff, 0xff, 0x70, 0x0, 0x0, 0x0, 0x0, 0xbf,
    0xff, 0xff, 0xff, 0xff, 0xff, 0xf2, 0x0, 0x0,
    0x0, 0x0, 0xbf, 0xff, 0xff, 0xff, 0xff, 0xff,
    0xfb, 0x0, 0x0, 0x0, 0x0, 0xbf, 0xff, 0xff,
    0xff, 0xdf, 0xff, 0xff, 0x60, 0x0, 0x0, 0x0,
    0xbf, 0xff, 0xff, 0xf7, 0x2f, 0xff, 0xff, 0xe1,
    0x0, 0x0, 0x0, 0xbf, 0xff, 0xff, 0x80, 0x7,
    0xff, 0xff, 0xfa, 0x0, 0x0, 0x0, 0xbf, 0xff,
    0xfb, 0x0, 0x0, 0xdf, 0xff, 0xff, 0x50, 0x0,
    0x0, 0xbf, 0xff, 0xf9, 0x0, 0x0, 0x3f, 0xff,
    0xff, 0xe1, 0x0, 0x0, 0xbf, 0xff, 0xf9, 0x0,
    0x0, 0x9, 0xff, 0xff, 0xf9, 0x0, 0x0, 0xbf,
    0xff, 0xf9, 0x0, 0x0, 0x0, 0xef, 0xff, 0xff,
    0x40, 0x0, 0xbf, 0xff, 0xf9, 0x0, 0x0, 0x0,
    0x5f, 0xff, 0xff, 0xd0, 0x0, 0xbf, 0xff, 0xf9,
    0x0, 0x0, 0x0, 0xa, 0xff, 0xff, 0xf8, 0x0,
    0xbf, 0xff, 0xf9, 0x0, 0x0, 0x0, 0x1, 0xff,
    0xff, 0xff, 0x30, 0xbf, 0xff, 0xf9, 0x0, 0x0,
    0x0, 0x0, 0x6f, 0xff, 0xff, 0xd0,

    /* U+004C "L" */
    0xbf, 0xff, 0xf9, 0x0, 0x0, 0x0, 0x0, 0x0,
    0xb, 0xff, 0xff, 0x90, 0x0, 0x0, 0x0, 0x0,
    0x0, 0xbf, 0xff, 0xf9, 0x0, 0x0, 0x0, 0x0,
    0x0, 0xb, 0xff, 0xff, 0x90, 0x0, 0x0, 0x0,
    0x0, 0x0, 0xbf, 0xff, 0xf9, 0x0, 0x0, 0x0,
    0x0, 0x0, 0xb, 0xff, 0xff, 0x90, 0x0, 0x0,
    0x0, 0x0, 0x0, 0xbf, 0xff, 0xf9, 0x0, 0x0,
    0x0, 0x0, 0x0, 0xb, 0xff, 0xff, 0x90, 0x0,
    0x0, 0x0, 0x0, 0x0, 0xbf, 0xff, 0xf9, 0x0,
    0x0, 0x0, 0x0, 0x0, 0xb, 0xff, 0xff, 0x90,
    0x0, 0x0, 0x0, 0x0, 0x0, 0xbf, 0xff, 0xf9,
    0x0, 0x0, 0x0, 0x0, 0x0, 0xb, 0xff, 0xff,
    0x90, 0x0, 0x0, 0x0, 0x0, 0x0, 0xbf, 0xff,
    0xf9, 0x0, 0x0, 0x0, 0x0, 0x0, 0xb, 0xff,
    0xff, 0x90, 0x0, 0x0, 0x0, 0x0, 0x0, 0xbf,
    0xff, 0xf9, 0x0, 0x0, 0x0, 0x0, 0x0, 0xb,
    0xff, 0xff, 0x90, 0x0, 0x0, 0x0, 0x0, 0x0,
    0xbf, 0xff, 0xf9, 0x0, 0x0, 0x0, 0x0, 0x0,
    0xb, 0xff, 0xff, 0x90, 0x0, 0x0, 0x0, 0x0,
    0x0, 0xbf, 0xff, 0xf9, 0x0, 0x0, 0x0, 0x0,
    0x0, 0xb, 0xff, 0xff, 0x90, 0x0, 0x0, 0x0,
    0x0, 0x0, 0xbf, 0xff, 0xf9, 0x0, 0x0, 0x0,
    0x0, 0x0, 0xb, 0xff, 0xff, 0xb6, 0x66, 0x66,
    0x66, 0x66, 0x64, 0xbf, 0xff, 0xff, 0xff, 0xff,
    0xff, 0xff, 0xff, 0xcb, 0xff, 0xff, 0xff, 0xff,
    0xff, 0xff, 0xff, 0xfc, 0xbf, 0xff, 0xff, 0xff,
    0xff, 0xff, 0xff, 0xff, 0xcb, 0xff, 0xff, 0xff,
    0xff, 0xff, 0xff, 0xff, 0xfc,

    /* U+004D "M" */
    0xbf, 0xff, 0xff, 0xf5, 0x0, 0x0, 0x0, 0x0,
    0x0, 0x0, 0xdf, 0xff, 0xff, 0xf3, 0xbf, 0xff,
    0xff, 0xfb, 0x0, 0x0, 0x0, 0x0, 0x0, 0x3,
    0xff, 0xff, 0xff, 0xf3, 0xbf, 0xff, 0xff, 0xff,
    0x10, 0x0, 0x0, 0x0, 0x0, 0x8, 0xff, 0xff,
    0xff, 0xf3, 0xbf, 0xff, 0xff, 0xff, 0x60, 0x0,
    0x0, 0x0, 0x0, 0xe, 0xff, 0xff, 0xff, 0xf3,
    0xbf, 0xff, 0xff, 0xff, 0xb0, 0x0, 0x0, 0x0,
    0x0, 0x3f, 0xff, 0xff, 0xff, 0xf3, 0xbf, 0xff,
    0xff, 0xff, 0xf1, 0x0, 0x0, 0x0, 0x0, 0x9f,
    0xff, 0xff, 0xff, 0xf3, 0xbf, 0xff, 0xff, 0xff,
    0xf6, 0x0, 0x0, 0x0, 0x0, 0xef, 0xff, 0xff,
    0xff, 0xf3, 0xbf, 0xff, 0xfb, 0xff, 0xfc, 0x0,
    0x0, 0x0, 0x4, 0xff, 0xff, 0xbf, 0xff, 0xf3,
    0xbf, 0xff, 0xf6, 0xff, 0xff, 0x10, 0x0, 0x0,
    0x9, 0xff, 0xfc, 0xaf, 0xff, 0xf3, 0xbf, 0xff,
    0xf3, 0xef, 0xff, 0x70, 0x0, 0x0, 0xe, 0xff,
    0xf7, 0xaf, 0xff, 0xf3, 0xbf, 0xff, 0xf3, 0x9f,
    0xff, 0xc0, 0x0, 0x0, 0x4f, 0xff, 0xf1, 0xbf,
    0xff, 0xf3, 0xbf, 0xff, 0xf4, 0x3f, 0xff, 0xf2,
    0x0, 0x0, 0xaf, 0xff, 0xb0, 0xcf, 0xff, 0xf3,
    0xbf, 0xff, 0xf4, 0xd, 0xff, 0xf7, 0x0, 0x0,
    0xff, 0xff, 0x50, 0xcf, 0xff, 0xf3, 0xbf, 0xff,
    0xf5, 0x8, 0xff, 0xfc, 0x0, 0x5, 0xff, 0xff,
    0x0, 0xdf, 0xff, 0xf3, 0xbf, 0xff, 0xf6, 0x2,
    0xff, 0xff, 0x20, 0xa, 0xff, 0xfa, 0x0, 0xef,
    0xff, 0xf3, 0xbf, 0xff, 0xf6, 0x0, 0xcf, 0xff,
    0x70, 0xf, 0xff, 0xf4, 0x0, 0xef, 0xff, 0xf3,
    0xbf, 0xff, 0xf7, 0x0, 0x7f, 0xff, 0xd0, 0x5f,
    0xff, 0xe0, 0x0, 0xff, 0xff, 0xf3, 0xbf, 0xff,
    0xf8, 0x0, 0x1f, 0xff, 0xf2, 0xaf, 0xff, 0x90,
    0x0, 0xff, 0xff, 0xf3, 0xbf, 0xff, 0xf8, 0x0,
    0xb, 0xff, 0xf9, 0xff, 0xff, 0x30, 0x0, 0xff,
    0xff, 0xf3, 0xbf, 0xff, 0xf9, 0x0, 0x6, 0xff,
    0xff, 0xff, 0xfd, 0x0, 0x1, 0xff, 0xff, 0xf3,
    0xbf, 0xff, 0xf9, 0x0, 0x0, 0xff, 0xff, 0xff,
    0xf8, 0x0, 0x1, 0xff, 0xff, 0xf3, 0xbf, 0xff,
    0xf9, 0x0, 0x0, 0xaf, 0xff, 0xff, 0xf2, 0x0,
    0x1, 0xff, 0xff, 0xf3, 0xbf, 0xff, 0xf9, 0x0,
    0x0, 0x5f, 0xff, 0xff, 0xc0, 0x0, 0x1, 0xff,
    0xff, 0xf3, 0xbf, 0xff, 0xf9, 0x0, 0x0, 0xe,
    0xff, 0xff, 0x70, 0x0, 0x1, 0xff, 0xff, 0xf3,
    0xbf, 0xff, 0xf9, 0x0, 0x0, 0x9, 0xff, 0xff,
    0x10, 0x0, 0x1, 0xff, 0xff, 0xf3, 0xbf, 0xff,
    0xf9, 0x0, 0x0, 0x3, 0xff, 0xfb, 0x0, 0x0,
    0x1, 0xff, 0xff, 0xf3,

    /* U+004E "N" */
    0xbf, 0xff, 0xfd, 0x0, 0x0, 0x0, 0x0, 0x2,
    0xff, 0xff, 0xf1, 0xbf, 0xff, 0xff, 0x70, 0x0,
    0x0, 0x0, 0x2, 0xff, 0xff, 0xf1, 0xbf, 0xff,
    0xff, 0xf1, 0x0, 0x0, 0x0, 0x2, 0xff, 0xff,
    0xf1, 0xbf, 0xff, 0xff, 0xfa, 0x0, 0x0, 0x0,
    0x2, 0xff, 0xff, 0xf1, 0xbf, 0xff, 0xff, 0xff,
    0x40, 0x0, 0x0, 0x2, 0xff, 0xff, 0xf1, 0xbf,
    0xff, 0xff, 0xff, 0xd0, 0x0, 0x0, 0x2, 0xff,
    0xff, 0xf1, 0xbf, 0xff, 0xff, 0xff, 0xf7, 0x0,
    0x0, 0x2, 0xff, 0xff, 0xf1, 0xbf, 0xff, 0xff,
    0xff, 0xff, 0x10, 0x0, 0x2, 0xff, 0xff, 0xf1,
    0xbf, 0xff, 0xff, 0xff, 0xff, 0xa0, 0x0, 0x2,
    0xff, 0xff, 0xf1, 0xbf, 0xff, 0xfa, 0xff, 0xff,
    0xf4, 0x0, 0x2, 0xff, 0xff, 0xf1, 0xbf, 0xff,
    0xf9, 0x7f, 0xff, 0xfd, 0x0, 0x2, 0xff, 0xff,
    0xf1, 0xbf, 0xff, 0xf9, 0xd, 0xff, 0xff, 0x70,
    0x2, 0xff, 0xff, 0xf1, 0xbf, 0xff, 0xf9, 0x4,
    0xff, 0xff, 0xf1, 0x2, 0xff, 0xff, 0xf1, 0xbf,
    0xff, 0xf9, 0x0, 0xaf, 0xff, 0xfa, 0x2, 0xff,
    0xff, 0xf1, 0xbf, 0xff, 0xf9, 0x0, 0x1f, 0xff,
    0xff, 0x42, 0xff, 0xff, 0xf1, 0xbf, 0xff, 0xf9,
    0x0, 0x7, 0xff, 0xff, 0xd2, 0xff, 0xff, 0xf1,
    0xbf, 0xff, 0xf9, 0x0, 0x0, 0xdf, 0xff, 0xf9,
    0xff, 0xff, 0xf1, 0xbf, 0xff, 0xf9, 0x0, 0x0,
    0x4f, 0xff, 0xff, 0xff, 0xff, 0xf1, 0xbf, 0xff,
    0xf9, 0x0, 0x0, 0xa, 0xff, 0xff, 0xff, 0xff,
    0xf1, 0xbf, 0xff, 0xf9, 0x0, 0x0, 0x1, 0xff,
    0xff, 0xff, 0xff, 0xf1, 0xbf, 0xff, 0xf9, 0x0,
    0x0, 0x0, 0x7f, 0xff, 0xff, 0xff, 0xf1, 0xbf,
    0xff, 0xf9, 0x0, 0x0, 0x0, 0xd, 0xff, 0xff,
    0xff, 0xf1, 0xbf, 0xff, 0xf9, 0x0, 0x0, 0x0,
    0x4, 0xff, 0xff, 0xff, 0xf1, 0xbf, 0xff, 0xf9,
    0x0, 0x0, 0x0, 0x0, 0xaf, 0xff, 0xff, 0xf1,
    0xbf, 0xff, 0xf9, 0x0, 0x0, 0x0, 0x0, 0x1f,
    0xff, 0xff, 0xf1, 0xbf, 0xff, 0xf9, 0x0, 0x0,
    0x0, 0x0, 0x7, 0xff, 0xff, 0xf1,

    /* U+004F "O" */
    0x0, 0x0, 0x0, 0x4, 0x9d, 0xef, 0xec, 0x83,
    0x0, 0x0, 0x0, 0x0, 0x0, 0x0, 0x4d, 0xff,
    0xff, 0xff, 0xff, 0xfc, 0x30, 0x0, 0x0, 0x0,
    0x0, 0x8f, 0xff, 0xff, 0xff, 0xff, 0xff, 0xff,
    0x50, 0x0, 0x0, 0x0, 0x8f, 0xff, 0xff, 0xff,
    0xff, 0xff, 0xff, 0xff, 0x60, 0x0, 0x0, 0x4f,
    0xff, 0xff, 0xfd, 0x98, 0xae, 0xff, 0xff, 0xff,
    0x20, 0x0, 0xe, 0xff, 0xff, 0xf5, 0x0, 0x0,
    0x8, 0xff, 0xff, 0xfc, 0x0, 0x6, 0xff, 0xff,
    0xf5, 0x0, 0x0, 0x0, 0x8, 0xff, 0xff, 0xf3,
    0x0, 0xcf, 0xff, 0xfc, 0x0, 0x0, 0x0, 0x0,
    0xe, 0xff, 0xff, 0x90, 0xf, 0xff, 0xff, 0x60,
    0x0, 0x0, 0x0, 0x0, 0x8f, 0xff, 0xfd, 0x3,
    0xff, 0xff, 0xf2, 0x0, 0x0, 0x0, 0x0, 0x4,
    0xff, 0xff, 0xf1, 0x5f, 0xff, 0xff, 0x0, 0x0,
    0x0, 0x0, 0x0, 0x2f, 0xff, 0xff, 0x36, 0xff,
    0xff, 0xe0, 0x0, 0x0, 0x0, 0x0, 0x1, 0xff,
    0xff, 0xf4, 0x7f, 0xff, 0xfd, 0x0, 0x0, 0x0,
    0x0, 0x0, 0xf, 0xff, 0xff, 0x57, 0xff, 0xff,
    0xd0, 0x0, 0x0, 0x0, 0x0, 0x0, 0xff, 0xff,
    0xf5, 0x6f, 0xff, 0xfe, 0x0, 0x0, 0x0, 0x0,
    0x0, 0x1f, 0xff, 0xff, 0x45, 0xff, 0xff, 0xf0,
    0x0, 0x0, 0x0, 0x0, 0x2, 0xff, 0xff, 0xf3,
    0x3f, 0xff, 0xff, 0x20, 0x0, 0x0, 0x0, 0x0,
    0x4f, 0xff, 0xff, 0x10, 0xff, 0xff, 0xf6, 0x0,
    0x0, 0x0, 0x0, 0x8, 0xff, 0xff, 0xd0, 0xc,
    0xff, 0xff, 0xc0, 0x0, 0x0, 0x0, 0x0, 0xef,
    0xff, 0xf9, 0x0, 0x6f, 0xff, 0xff, 0x50, 0x0,
    0x0, 0x0, 0x8f, 0xff, 0xff, 0x30, 0x0, 0xef,
    0xff, 0xff, 0x60, 0x0, 0x0, 0x7f, 0xff, 0xff,
    0xc0, 0x0, 0x5, 0xff, 0xff, 0xff, 0xd9, 0x89,
    0xef, 0xff, 0xff, 0xf3, 0x0, 0x0, 0x8, 0xff,
    0xff, 0xff, 0xff, 0xff, 0xff, 0xff, 0xf6, 0x0,
    0x0, 0x0, 0x8, 0xff, 0xff, 0xff, 0xff, 0xff,
    0xff, 0xf6, 0x0, 0x0, 0x0, 0x0, 0x4, 0xdf,
    0xff, 0xff, 0xff, 0xff, 0xc3, 0x0, 0x0, 0x0,
    0x0, 0x0, 0x0, 0x49, 0xde, 0xfe, 0xc9, 0x40,
    0x0, 0x0, 0x0,

    /* U+0050 "P" */
    0xbf, 0xff, 0xff, 0xff, 0xff, 0xfe, 0xd9, 0x50,
    0x0, 0x0, 0xbf, 0xff, 0xff, 0xff, 0xff, 0xff,
    0xff, 0xfd, 0x40, 0x0, 0xbf, 0xff, 0xff, 0xff,
    0xff, 0xff, 0xff, 0xff, 0xf7, 0x0, 0xbf, 0xff,
    0xff, 0xff, 0xff, 0xff, 0xff, 0xff, 0xff, 0x50,
    0xbf, 0xff, 0xfb, 0x66, 0x66, 0x68, 0xdf, 0xff,
    0xff, 0xe0, 0xbf, 0xff, 0xf9, 0x0, 0x0, 0x0,
    0x9, 0xff, 0xff, 0xf6, 0xbf, 0xff, 0xf9, 0x0,
    0x0, 0x0, 0x0, 0xef, 0xff, 0xfb, 0xbf, 0xff,
    0xf9, 0x0, 0x0, 0x0, 0x0, 0x9f, 0xff, 0xfd,
    0xbf, 0xff, 0xf9, 0x0, 0x0, 0x0, 0x0, 0x7f,
    0xff, 0xfe, 0xbf, 0xff, 0xf9, 0x0, 0x0, 0x0,
    0x0, 0xaf, 0xff, 0xfc, 0xbf, 0xff, 0xf9, 0x0,
    0x0, 0x0, 0x2, 0xff, 0xff, 0xfa, 0xbf, 0xff,
    0xf9, 0x0, 0x0, 0x1, 0x5e, 0xff, 0xff, 0xf4,
    0xbf, 0xff, 0xff, 0xff, 0xff, 0xff, 0xff, 0xff,
    0xff, 0xc0, 0xbf, 0xff, 0xff, 0xff, 0xff, 0xff,
    0xff, 0xff, 0xfe, 0x20, 0xbf, 0xff, 0xff, 0xff,
    0xff, 0xff, 0xff, 0xff, 0xc2, 0x0, 0xbf, 0xff,
    0xff, 0xff, 0xff, 0xff, 0xff, 0xc5, 0x0, 0x0,
    0xbf, 0xff, 0xfb, 0x66, 0x66, 0x65, 0x30, 0x0,
    0x0, 0x0, 0xbf, 0xff, 0xf9, 0x0, 0x0, 0x0,
    0x0, 0x0, 0x0, 0x0, 0xbf, 0xff, 0xf9, 0x0,
    0x0, 0x0, 0x0, 0x0, 0x0, 0x0, 0xbf, 0xff,
    0xf9, 0x0, 0x0, 0x0, 0x0, 0x0, 0x0, 0x0,
    0xbf, 0xff, 0xf9, 0x0, 0x0, 0x0, 0x0, 0x0,
    0x0, 0x0, 0xbf, 0xff, 0xf9, 0x0, 0x0, 0x0,
    0x0, 0x0, 0x0, 0x0, 0xbf, 0xff, 0xf9, 0x0,
    0x0, 0x0, 0x0, 0x0, 0x0, 0x0, 0xbf, 0xff,
    0xf9, 0x0, 0x0, 0x0, 0x0, 0x0, 0x0, 0x0,
    0xbf, 0xff, 0xf9, 0x0, 0x0, 0x0, 0x0, 0x0,
    0x0, 0x0, 0xbf, 0xff, 0xf9, 0x0, 0x0, 0x0,
    0x0, 0x0, 0x0, 0x0,

    /* U+0051 "Q" */
    0x0, 0x0, 0x0, 0x5, 0x9d, 0xef, 0xec, 0x83,
    0x0, 0x0, 0x0, 0x0, 0x0, 0x0, 0x5d, 0xff,
    0xff, 0xff, 0xff, 0xfb, 0x30, 0x0, 0x0, 0x0,
    0x0, 0x8f, 0xff, 0xff, 0xff, 0xff, 0xff, 0xff,
    0x50, 0x0, 0x0, 0x0, 0x9f, 0xff, 0xff, 0xff,
    0xff, 0xff, 0xff, 0xff, 0x50, 0x0, 0x0, 0x5f,
    0xff, 0xff, 0xfd, 0x98, 0xae, 0xff, 0xff, 0xff,
    0x20, 0x0, 0xe, 0xff, 0xff, 0xf5, 0x0, 0x0,
    0x8, 0xff, 0xff, 0xfb, 0x0, 0x6, 0xff, 0xff,
    0xf5, 0x0, 0x0, 0x0, 0x9, 0xff, 0xff, 0xf3,
    0x0, 0xcf, 0xff, 0xfb, 0x0, 0x0, 0x0, 0x0,
    0xe, 0xff, 0xff, 0x90, 0xf, 0xff, 0xff, 0x50,
    0x0, 0x0, 0x0, 0x0, 0x9f, 0xff, 0xfd, 0x4,
    0xff, 0xff, 0xf1, 0x0, 0x0, 0x0, 0x0, 0x5,
    0xff, 0xff, 0xf0, 0x6f, 0xff, 0xff, 0x0, 0x0,
    0x0, 0x0, 0x0, 0x2f, 0xff, 0xff, 0x27, 0xff,
    0xff, 0xd0, 0x0, 0x0, 0x0, 0x0, 0x1, 0xff,
    0xff, 0xf3, 0x8f, 0xff, 0xfd, 0x0, 0x0, 0x0,
    0x0, 0x0, 0xf, 0xff, 0xff, 0x48, 0xff, 0xff,
    0xd0, 0x0, 0x0, 0x0, 0x0, 0x0, 0xff, 0xff,
    0xf4, 0x7f, 0xff, 0xfd, 0x0, 0x0, 0x0, 0x0,
    0x0, 0x1f, 0xff, 0xff, 0x46, 0xff, 0xff, 0xf0,
    0x0, 0x0, 0x0, 0x0, 0x2, 0xff, 0xff, 0xf2,
    0x4f, 0xff, 0xff, 0x10, 0x0, 0x0, 0x0, 0x0,
    0x5f, 0xff, 0xff, 0x0, 0xff, 0xff, 0xf5, 0x0,
    0x0, 0x0, 0x0, 0x9, 0xff, 0xff, 0xd0, 0xc,
    0xff, 0xff, 0xb0, 0x0, 0x0, 0x0, 0x0, 0xef,
    0xff, 0xf8, 0x0, 0x6f, 0xff, 0xff, 0x50, 0x0,
    0x0, 0x0, 0x8f, 0xff, 0xff, 0x20, 0x0, 0xef,
    0xff, 0xff, 0x50, 0x0, 0x0, 0x8f, 0xff, 0xff,
    0xb0, 0x0, 0x5, 0xff, 0xff, 0xff, 0xd9, 0x89,
    0xef, 0xff, 0xff, 0xf2, 0x0, 0x0, 0x9, 0xff,
    0xff, 0xff, 0xff, 0xff, 0xff, 0xff, 0xf5, 0x0,
    0x0, 0x0, 0x8, 0xff, 0xff, 0xff, 0xff, 0xff,
    0xff, 0xf5, 0x0, 0x0, 0x0, 0x0, 0x5, 0xdf,
    0xff, 0xff, 0xff, 0xff, 0xff, 0xa0, 0x0, 0x0,
    0x0, 0x0, 0x0, 0x59, 0xde, 0xfe, 0xef, 0xff,
    0xff, 0xd2, 0x0, 0x0, 0x0, 0x0, 0x0, 0x0,
    0x0, 0x1, 0xcf, 0xff, 0xff, 0xe4, 0x0, 0x0,
    0x0, 0x0, 0x0, 0x0, 0x0, 0x0, 0x9f, 0xff,
    0xff, 0xc0, 0x0, 0x0, 0x0, 0x0, 0x0, 0x0,
    0x0, 0x0, 0x7f, 0xff, 0xc1, 0x0, 0x0, 0x0,
    0x0, 0x0, 0x0, 0x0, 0x0, 0x0, 0x4f, 0xb0,
    0x0, 0x0, 0x0, 0x0, 0x0, 0x0, 0x0, 0x0,
    0x0, 0x0, 0x20, 0x0, 0x0,

    /* U+0052 "R" */
    0xbf, 0xff, 0xff, 0xff, 0xff, 0xfe, 0xc8, 0x30,
    0x0, 0x0, 0xb, 0xff, 0xff, 0xff, 0xff, 0xff,
    0xff, 0xff, 0xc2, 0x0, 0x0, 0xbf, 0xff, 0xff,
    0xff, 0xff, 0xff, 0xff, 0xff, 0xf4, 0x0, 0xb,
    0xff, 0xff, 0xff, 0xff, 0xff, 0xff, 0xff, 0xff,
    0xf1, 0x0, 0xbf, 0xff, 0xfb, 0x66, 0x66, 0x7a,
    0xff, 0xff, 0xff, 0x90, 0xb, 0xff, 0xff, 0x90,
    0x0, 0x0, 0x2, 0xef, 0xff, 0xfe, 0x0, 0xbf,
    0xff, 0xf9, 0x0, 0x0, 0x0, 0x5, 0xff, 0xff,
    0xf2, 0xb, 0xff, 0xff, 0x90, 0x0, 0x0, 0x0,
    0x1f, 0xff, 0xff, 0x30, 0xbf, 0xff, 0xf9, 0x0,
    0x0, 0x0, 0x0, 0xff, 0xff, 0xf3, 0xb, 0xff,
    0xff, 0x90, 0x0, 0x0, 0x0, 0x3f, 0xff, 0xff,
    0x10, 0xbf, 0xff, 0xf9, 0x0, 0x0, 0x0, 0xb,
    0xff, 0xff, 0xe0, 0xb, 0xff, 0xff, 0x90, 0x0,
    0x0, 0x3b, 0xff, 0xff, 0xf7, 0x0, 0xbf, 0xff,
    0xff, 0xff, 0xff, 0xff, 0xff, 0xff, 0xfc, 0x0,
    0xb, 0xff, 0xff, 0xff, 0xff, 0xff, 0xff, 0xff,
    0xfd, 0x10, 0x0, 0xbf, 0xff, 0xff, 0xff, 0xff,
    0xff, 0xff, 0xf8, 0x0, 0x0, 0xb, 0xff, 0xff,
    0xff, 0xff, 0xff, 0xff, 0xfe, 0x0, 0x0, 0x0,
    0xbf, 0xff, 0xfb, 0x66, 0x67, 0xff, 0xff, 0xf7,
    0x0, 0x0, 0xb, 0xff, 0xff, 0x90, 0x0, 0xa,
    0xff, 0xff, 0xe0, 0x0, 0x0, 0xbf, 0xff, 0xf9,
    0x0, 0x0, 0x2f, 0xff, 0xff, 0x70, 0x0, 0xb,
    0xff, 0xff, 0x90, 0x0, 0x0, 0xaf, 0xff, 0xfe,
    0x0, 0x0, 0xbf, 0xff, 0xf9, 0x0, 0x0, 0x2,
    0xff, 0xff, 0xf7, 0x0, 0xb, 0xff, 0xff, 0x90,
    0x0, 0x0, 0xa, 0xff, 0xff, 0xe0, 0x0, 0xbf,
    0xff, 0xf9, 0x0, 0x0, 0x0, 0x2f, 0xff, 0xff,
    0x70, 0xb, 0xff, 0xff, 0x90, 0x0, 0x0, 0x0,
    0xaf, 0xff, 0xfe, 0x0, 0xbf, 0xff, 0xf9, 0x0,
    0x0, 0x0, 0x3, 0xff, 0xff, 0xf7, 0xb, 0xff,
    0xff, 0x90, 0x0, 0x0, 0x0, 0xb, 0xff, 0xff,
    0xe0,

    /* U+0053 "S" */
    0x0, 0x0, 0x1, 0x6a, 0xdf, 0xfe, 0xd9, 0x50,
    0x0, 0x0, 0x0, 0x0, 0x9f, 0xff, 0xff, 0xff,
    0xff, 0xfe, 0x50, 0x0, 0x0, 0x2d, 0xff, 0xff,
    0xff, 0xff, 0xff, 0xff, 0xf8, 0x0, 0x0, 0xdf,
    0xff, 0xff, 0xff, 0xff, 0xff, 0xff, 0xff, 0x60,
    0x7, 0xff, 0xff, 0xff, 0x96, 0x56, 0xbf, 0xff,
    0xff, 0xf1, 0xc, 0xff, 0xff, 0xe2, 0x0, 0x0,
    0x5, 0xff, 0xff, 0xf6, 0xf, 0xff, 0xff, 0x70,
    0x0, 0x0, 0x0, 0xbf, 0xff, 0xfb, 0xf, 0xff,
    0xff, 0x50, 0x0, 0x0, 0x0, 0x6e, 0xee, 0xeb,
    0xd, 0xff, 0xff, 0xb0, 0x0, 0x0, 0x0, 0x0,
    0x0, 0x0, 0x8, 0xff, 0xff, 0xfc, 0x30, 0x0,
    0x0, 0x0, 0x0, 0x0, 0x0, 0xef, 0xff, 0xff,
    0xfc, 0x61, 0x0, 0x0, 0x0, 0x0, 0x0, 0x2e,
    0xff, 0xff, 0xff, 0xff, 0xb5, 0x0, 0x0, 0x0,
    0x0, 0x1, 0x9f, 0xff, 0xff, 0xff, 0xff, 0xe6,
    0x0, 0x0, 0x0, 0x0, 0x2, 0xbf, 0xff, 0xff,
    0xff, 0xff, 0xd2, 0x0, 0x0, 0x0, 0x0, 0x1,
    0x7e, 0xff, 0xff, 0xff, 0xfe, 0x20, 0x0, 0x0,
    0x0, 0x0, 0x0, 0x39, 0xff, 0xff, 0xff, 0xd0,
    0x0, 0x0, 0x0, 0x0, 0x0, 0x0, 0x1a, 0xff,
    0xff, 0xf6, 0x56, 0x66, 0x63, 0x0, 0x0, 0x0,
    0x0, 0xcf, 0xff, 0xfa, 0xbf, 0xff, 0xf9, 0x0,
    0x0, 0x0, 0x0, 0x7f, 0xff, 0xfc, 0x8f, 0xff,
    0xfe, 0x0, 0x0, 0x0, 0x0, 0x9f, 0xff, 0xfc,
    0x4f, 0xff, 0xff, 0x90, 0x0, 0x0, 0x2, 0xff,
    0xff, 0xfa, 0xc, 0xff, 0xff, 0xfe, 0x96, 0x56,
    0x9f, 0xff, 0xff, 0xf6, 0x2, 0xef, 0xff, 0xff,
    0xff, 0xff, 0xff, 0xff, 0xff, 0xd0, 0x0, 0x2d,
    0xff, 0xff, 0xff, 0xff, 0xff, 0xff, 0xfe, 0x20,
    0x0, 0x0, 0x8f, 0xff, 0xff, 0xff, 0xff, 0xff,
    0xa1, 0x0, 0x0, 0x0, 0x1, 0x59, 0xde, 0xff,
    0xeb, 0x72, 0x0, 0x0,

    /* U+0054 "T" */
    0x4f, 0xff, 0xff, 0xff, 0xff, 0xff, 0xff, 0xff,
    0xff, 0xff, 0xf8, 0x4f, 0xff, 0xff, 0xff, 0xff,
    0xff, 0xff, 0xff, 0xff, 0xff, 0xf8, 0x4f, 0xff,
    0xff, 0xff, 0xff, 0xff, 0xff, 0xff, 0xff, 0xff,
    0xf8, 0x4f, 0xff, 0xff, 0xff, 0xff, 0xff, 0xff,
    0xff, 0xff, 0xff, 0xf8, 0x16, 0x66, 0x66, 0x66,
    0xbf, 0xff, 0xfd, 0x66, 0x66, 0x66, 0x63, 0x0,
    0x0, 0x0, 0x0, 0x8f, 0xff, 0xfb, 0x0, 0x0,
    0x0, 0x0, 0x0, 0x0, 0x0, 0x0, 0x8f, 0xff,
    0xfb, 0x0, 0x0, 0x0, 0x0, 0x0, 0x0, 0x0,
    0x0, 0x8f, 0xff, 0xfb, 0x0, 0x0, 0x0, 0x0,
    0x0, 0x0, 0x0, 0x0, 0x8f, 0xff, 0xfb, 0x0,
    0x0, 0x0, 0x0, 0x0, 0x0, 0x0, 0x0, 0x8f,
    0xff, 0xfb, 0x0, 0x0, 0x0, 0x0, 0x0, 0x0,
    0x0, 0x0, 0x8f, 0xff, 0xfb, 0x0, 0x0, 0x0,
    0x0, 0x0, 0x0, 0x0, 0x0, 0x8f, 0xff, 0xfb,
    0x0, 0x0, 0x0, 0x0, 0x0, 0x0, 0x0, 0x0,
    0x8f, 0xff, 0xfb, 0x0, 0x0, 0x0, 0x0, 0x0,
    0x0, 0x0, 0x0, 0x8f, 0xff, 0xfb, 0x0, 0x0,
    0x0, 0x0, 0x0, 0x0, 0x0, 0x0, 0x8f, 0xff,
    0xfb, 0x0, 0x0, 0x0, 0x0, 0x0, 0x0, 0x0,
    0x0, 0x8f, 0xff, 0xfb, 0x0, 0x0, 0x0, 0x0,
    0x0, 0x0, 0x0, 0x0, 0x8f, 0xff, 0xfb, 0x0,
    0x0, 0x0, 0x0, 0x0, 0x0, 0x0, 0x0, 0x8f,
    0xff, 0xfb, 0x0, 0x0, 0x0, 0x0, 0x0, 0x0,
    0x0, 0x0, 0x8f, 0xff, 0xfb, 0x0, 0x0, 0x0,
    0x0, 0x0, 0x0, 0x0, 0x0, 0x8f, 0xff, 0xfb,
    0x0, 0x0, 0x0, 0x0, 0x0, 0x0, 0x0, 0x0,
    0x8f, 0xff, 0xfb, 0x0, 0x0, 0x0, 0x0, 0x0,
    0x0, 0x0, 0x0, 0x8f, 0xff, 0xfb, 0x0, 0x0,
    0x0, 0x0, 0x0, 0x0, 0x0, 0x0, 0x8f, 0xff,
    0xfb, 0x0, 0x0, 0x0, 0x0, 0x0, 0x0, 0x0,
    0x0, 0x8f, 0xff, 0xfb, 0x0, 0x0, 0x0, 0x0,
    0x0, 0x0, 0x0, 0x0, 0x8f, 0xff, 0xfb, 0x0,
    0x0, 0x0, 0x0, 0x0, 0x0, 0x0, 0x0, 0x8f,
    0xff, 0xfb, 0x0, 0x0, 0x0, 0x0,

    /* U+0055 "U" */
    0xff, 0xff, 0xf5, 0x0, 0x0, 0x0, 0x0, 0x9f,
    0xff, 0xfa, 0xff, 0xff, 0xf5, 0x0, 0x0, 0x0,
    0x0, 0x9f, 0xff, 0xfa, 0xff, 0xff, 0xf5, 0x0,
    0x0, 0x0, 0x0, 0x9f, 0xff, 0xfa, 0xff, 0xff,
    0xf5, 0x0, 0x0, 0x0, 0x0, 0x9f, 0xff, 0xfa,
    0xff, 0xff, 0xf5, 0x0, 0x0, 0x0, 0x0, 0x9f,
    0xff, 0xfa, 0xff, 0xff, 0xf5, 0x0, 0x0, 0x0,
    0x0, 0x9f, 0xff, 0xfa, 0xff, 0xff, 0xf5, 0x0,
    0x0, 0x0, 0x0, 0x9f, 0xff, 0xfa, 0xff, 0xff,
    0xf5, 0x0, 0x0, 0x0, 0x0, 0x9f, 0xff, 0xfa,
    0xff, 0xff, 0xf5, 0x0, 0x0, 0x0, 0x0, 0x9f,
    0xff, 0xfa, 0xff, 0xff, 0xf5, 0x0, 0x0, 0x0,
    0x0, 0x9f, 0xff, 0xfa, 0xff, 0xff, 0xf5, 0x0,
    0x0, 0x0, 0x0, 0x9f, 0xff, 0xfa, 0xff, 0xff,
    0xf5, 0x0, 0x0, 0x0, 0x0, 0x9f, 0xff, 0xfa,
    0xff, 0xff, 0xf5, 0x0, 0x0, 0x0, 0x0, 0x9f,
    0xff, 0xfa, 0xff, 0xff, 0xf5, 0x0, 0x0, 0x0,
    0x0, 0x9f, 0xff, 0xfa, 0xff, 0xff, 0xf5, 0x0,
    0x0, 0x0, 0x0, 0x9f, 0xff, 0xfa, 0xff, 0xff,
    0xf5, 0x0, 0x0, 0x0, 0x0, 0x9f, 0xff, 0xfa,
    0xff, 0xff, 0xf5, 0x0, 0x0, 0x0, 0x0, 0x9f,
    0xff, 0xfa, 0xef, 0xff, 0xf5, 0x0, 0x0, 0x0,
    0x0, 0xaf, 0xff, 0xf9, 0xdf, 0xff, 0xf8, 0x0,
    0x0, 0x0, 0x0, 0xcf, 0xff, 0xf8, 0xaf, 0xff,
    0xfd, 0x0, 0x0, 0x0, 0x2, 0xff, 0xff, 0xf5,
    0x5f, 0xff, 0xff, 0x90, 0x0, 0x0, 0x1c, 0xff,
    0xff, 0xf1, 0xe, 0xff, 0xff, 0xfd, 0x86, 0x69,
    0xff, 0xff, 0xff, 0x90, 0x4, 0xff, 0xff, 0xff,
    0xff, 0xff, 0xff, 0xff, 0xfe, 0x10, 0x0, 0x6f,
    0xff, 0xff, 0xff, 0xff, 0xff, 0xff, 0xe2, 0x0,
    0x0, 0x3, 0xcf, 0xff, 0xff, 0xff, 0xff, 0xfa,
    0x10, 0x0, 0x0, 0x0, 0x3, 0x8c, 0xef, 0xfe,
    0xb7, 0x10, 0x0, 0x0,

    /* U+0056 "V" */
    0xbf, 0xff, 0xff, 0x20, 0x0, 0x0, 0x0, 0x0,
    0x9, 0xff, 0xff, 0xf4, 0x5f, 0xff, 0xff, 0x60,
    0x0, 0x0, 0x0, 0x0, 0xe, 0xff, 0xff, 0xe0,
    0xf, 0xff, 0xff, 0xb0, 0x0, 0x0, 0x0, 0x0,
    0x2f, 0xff, 0xff, 0x90, 0xa, 0xff, 0xff, 0xf0,
    0x0, 0x0, 0x0, 0x0, 0x7f, 0xff, 0xff, 0x30,
    0x5, 0xff, 0xff, 0xf5, 0x0, 0x0, 0x0, 0x0,
    0xcf, 0xff, 0xfe, 0x0, 0x0, 0xff, 0xff, 0xf9,
    0x0, 0x0, 0x0, 0x1, 0xff, 0xff, 0xf8, 0x0,
    0x0, 0xaf, 0xff, 0xfe, 0x0, 0x0, 0x0, 0x5,
    0xff, 0xff, 0xf3, 0x0, 0x0, 0x4f, 0xff, 0xff,
    0x30, 0x0, 0x0, 0xa, 0xff, 0xff, 0xd0, 0x0,
    0x0, 0xe, 0xff, 0xff, 0x70, 0x0, 0x0, 0xf,
    0xff, 0xff, 0x80, 0x0, 0x0, 0x9, 0xff, 0xff,
    0xc0, 0x0, 0x0, 0x4f, 0xff, 0xff, 0x20, 0x0,
    0x0, 0x4, 0xff, 0xff, 0xf1, 0x0, 0x0, 0x8f,
    0xff, 0xfd, 0x0, 0x0, 0x0, 0x0, 0xef, 0xff,
    0xf6, 0x0, 0x0, 0xdf, 0xff, 0xf7, 0x0, 0x0,
    0x0, 0x0, 0x9f, 0xff, 0xfa, 0x0, 0x2, 0xff,
    0xff, 0xf2, 0x0, 0x0, 0x0, 0x0, 0x4f, 0xff,
    0xff, 0x0, 0x7, 0xff, 0xff, 0xc0, 0x0, 0x0,
    0x0, 0x0, 0xe, 0xff, 0xff, 0x40, 0xb, 0xff,
    0xff, 0x70, 0x0, 0x0, 0x0, 0x0, 0x9, 0xff,
    0xff, 0x90, 0xf, 0xff, 0xff, 0x10, 0x0, 0x0,
    0x0, 0x0, 0x3, 0xff, 0xff, 0xd0, 0x5f, 0xff,
    0xfc, 0x0, 0x0, 0x0, 0x0, 0x0, 0x0, 0xef,
    0xff, 0xf2, 0xaf, 0xff, 0xf6, 0x0, 0x0, 0x0,
    0x0, 0x0, 0x0, 0x8f, 0xff, 0xf7, 0xef, 0xff,
    0xf1, 0x0, 0x0, 0x0, 0x0, 0x0, 0x0, 0x3f,
    0xff, 0xfe, 0xff, 0xff, 0xb0, 0x0, 0x0, 0x0,
    0x0, 0x0, 0x0, 0xd, 0xff, 0xff, 0xff, 0xff,
    0x60, 0x0, 0x0, 0x0, 0x0, 0x0, 0x0, 0x8,
    0xff, 0xff, 0xff, 0xff, 0x10, 0x0, 0x0, 0x0,
    0x0, 0x0, 0x0, 0x2, 0xff, 0xff, 0xff, 0xfb,
    0x0, 0x0, 0x0, 0x0, 0x0, 0x0, 0x0, 0x0,
    0xdf, 0xff, 0xff, 0xf5, 0x0, 0x0, 0x0, 0x0,
    0x0, 0x0, 0x0, 0x0, 0x7f, 0xff, 0xff, 0xf0,
    0x0, 0x0, 0x0, 0x0, 0x0, 0x0, 0x0, 0x0,
    0x2f, 0xff, 0xff, 0xa0, 0x0, 0x0, 0x0, 0x0,

    /* U+0057 "W" */
    0x4f, 0xff, 0xff, 0x0, 0x0, 0x0, 0x9, 0xff,
    0xff, 0x20, 0x0, 0x0, 0x6, 0xff, 0xff, 0xc1,
    0xff, 0xff, 0xf2, 0x0, 0x0, 0x0, 0xcf, 0xff,
    0xf5, 0x0, 0x0, 0x0, 0x9f, 0xff, 0xf9, 0xd,
    0xff, 0xff, 0x50, 0x0, 0x0, 0xf, 0xff, 0xff,
    0x90, 0x0, 0x0, 0xc, 0xff, 0xff, 0x60, 0xaf,
    0xff, 0xf8, 0x0, 0x0, 0x4, 0xff, 0xff, 0xfd,
    0x0, 0x0, 0x0, 0xff, 0xff, 0xf2, 0x6, 0xff,
    0xff, 0xb0, 0x0, 0x0, 0x7f, 0xff, 0xff, 0xf0,
    0x0, 0x0, 0x2f, 0xff, 0xfe, 0x0, 0x3f, 0xff,
    0xfe, 0x0, 0x0, 0xb, 0xff, 0xff, 0xff, 0x40,
    0x0, 0x5, 0xff, 0xff, 0xb0, 0x0, 0xff, 0xff,
    0xf1, 0x0, 0x0, 0xef, 0xff, 0xff, 0xf8, 0x0,
    0x0, 0x8f, 0xff, 0xf8, 0x0, 0xb, 0xff, 0xff,
    0x40, 0x0, 0x2f, 0xff, 0xff, 0xff, 0xb0, 0x0,
    0xb, 0xff, 0xff, 0x40, 0x0, 0x8f, 0xff, 0xf7,
    0x0, 0x6, 0xff, 0xff, 0xff, 0xff, 0x0, 0x0,
    0xef, 0xff, 0xf1, 0x0, 0x4, 0xff, 0xff, 0xa0,
    0x0, 0xaf, 0xff, 0x9f, 0xff, 0xf2, 0x0, 0x1f,
    0xff, 0xfd, 0x0, 0x0, 0x1f, 0xff, 0xfd, 0x0,
    0xd, 0xff, 0xf5, 0xcf, 0xff, 0x60, 0x4, 0xff,
    0xff, 0xa0, 0x0, 0x0, 0xdf, 0xff, 0xf0, 0x1,
    0xff, 0xff, 0x18, 0xff, 0xfa, 0x0, 0x7f, 0xff,
    0xf6, 0x0, 0x0, 0xa, 0xff, 0xff, 0x30, 0x5f,
    0xff, 0xd0, 0x4f, 0xff, 0xd0, 0xa, 0xff, 0xff,
    0x30, 0x0, 0x0, 0x6f, 0xff, 0xf6, 0x8, 0xff,
    0xf9, 0x0, 0xff, 0xff, 0x10, 0xdf, 0xff, 0xf0,
    0x0, 0x0, 0x3, 0xff, 0xff, 0x90, 0xcf, 0xff,
    0x50, 0xc, 0xff, 0xf5, 0xf, 0xff, 0xfc, 0x0,
    0x0, 0x0, 0xf, 0xff, 0xfc, 0xf, 0xff, 0xf2,
    0x0, 0x9f, 0xff, 0x83, 0xff, 0xff, 0x80, 0x0,
    0x0, 0x0, 0xcf, 0xff, 0xf3, 0xff, 0xfe, 0x0,
    0x5, 0xff, 0xfc, 0x6f, 0xff, 0xf5, 0x0, 0x0,
    0x0, 0x8, 0xff, 0xff, 0x9f, 0xff, 0xa0, 0x0,
    0x1f, 0xff, 0xfa, 0xff, 0xff, 0x10, 0x0, 0x0,
    0x0, 0x5f, 0xff, 0xff, 0xff, 0xf6, 0x0, 0x0,
    0xdf, 0xff, 0xff, 0xff, 0xe0, 0x0, 0x0, 0x0,
    0x1, 0xff, 0xff, 0xff, 0xff, 0x20, 0x0, 0x9,
    0xff, 0xff, 0xff, 0xfa, 0x0, 0x0, 0x0, 0x0,
    0xe, 0xff, 0xff, 0xff, 0xe0, 0x0, 0x0, 0x5f,
    0xff, 0xff, 0xff, 0x70, 0x0, 0x0, 0x0, 0x0,
    0xaf, 0xff, 0xff, 0xfb, 0x0, 0x0, 0x2, 0xff,
    0xff, 0xff, 0xf3, 0x0, 0x0, 0x0, 0x0, 0x7,
    0xff, 0xff, 0xff, 0x70, 0x0, 0x0, 0xe, 0xff,
    0xff, 0xff, 0x0, 0x0, 0x0, 0x0, 0x0, 0x3f,
    0xff, 0xff, 0xf3, 0x0, 0x0, 0x0, 0xaf, 0xff,
    0xff, 0xc0, 0x0, 0x0, 0x0, 0x0, 0x0, 0xff,
    0xff, 0xff, 0x0, 0x0, 0x0, 0x6, 0xff, 0xff,
    0xf9, 0x0, 0x0, 0x0, 0x0, 0x0, 0xc, 0xff,
    0xff, 0xb0, 0x0, 0x0, 0x0, 0x2f, 0xff, 0xff,
    0x50, 0x0, 0x0,

    /* U+0058 "X" */
    0x2f, 0xff, 0xff, 0xe0, 0x0, 0x0, 0x0, 0x1,
    0xff, 0xff, 0xff, 0x10, 0x8f, 0xff, 0xff, 0x70,
    0x0, 0x0, 0x0, 0x8f, 0xff, 0xff, 0x70, 0x0,
    0xef, 0xff, 0xfe, 0x10, 0x0, 0x0, 0x1f, 0xff,
    0xff, 0xd0, 0x0, 0x6, 0xff, 0xff, 0xf8, 0x0,
    0x0, 0x9, 0xff, 0xff, 0xf4, 0x0, 0x0, 0xc,
    0xff, 0xff, 0xf1, 0x0, 0x2, 0xff, 0xff, 0xfb,
    0x0, 0x0, 0x0, 0x3f, 0xff, 0xff, 0x90, 0x0,
    0xbf, 0xff, 0xff, 0x20, 0x0, 0x0, 0x0, 0xaf,
    0xff, 0xff, 0x20, 0x3f, 0xff, 0xff, 0x80, 0x0,
    0x0, 0x0, 0x1, 0xff, 0xff, 0xfa, 0xc, 0xff,
    0xff, 0xe1, 0x0, 0x0, 0x0, 0x0, 0x7, 0xff,
    0xff, 0xf8, 0xff, 0xff, 0xf6, 0x0, 0x0, 0x0,
    0x0, 0x0, 0xe, 0xff, 0xff, 0xff, 0xff, 0xfd,
    0x0, 0x0, 0x0, 0x0, 0x0, 0x0, 0x5f, 0xff,
    0xff, 0xff, 0xff, 0x40, 0x0, 0x0, 0x0, 0x0,
    0x0, 0x0, 0xcf, 0xff, 0xff, 0xff, 0xa0, 0x0,
    0x0, 0x0, 0x0, 0x0, 0x0, 0x3, 0xff, 0xff,
    0xff, 0xf2, 0x0, 0x0, 0x0, 0x0, 0x0, 0x0,
    0x0, 0x4f, 0xff, 0xff, 0xff, 0x30, 0x0, 0x0,
    0x0, 0x0, 0x0, 0x0, 0xd, 0xff, 0xff, 0xff,
    0xfc, 0x0, 0x0, 0x0, 0x0, 0x0, 0x0, 0x7,
    0xff, 0xff, 0xff, 0xff, 0xf6, 0x0, 0x0, 0x0,
    0x0, 0x0, 0x1, 0xff, 0xff, 0xff, 0xff, 0xff,
    0xe0, 0x0, 0x0, 0x0, 0x0, 0x0, 0xaf, 0xff,
    0xff, 0x5f, 0xff, 0xff, 0x80, 0x0, 0x0, 0x0,
    0x0, 0x3f, 0xff, 0xff, 0x90, 0xaf, 0xff, 0xff,
    0x20, 0x0, 0x0, 0x0, 0xc, 0xff, 0xff, 0xf1,
    0x2, 0xff, 0xff, 0xfb, 0x0, 0x0, 0x0, 0x6,
    0xff, 0xff, 0xf8, 0x0, 0x9, 0xff, 0xff, 0xf4,
    0x0, 0x0, 0x0, 0xef, 0xff, 0xfe, 0x0, 0x0,
    0x1f, 0xff, 0xff, 0xd0, 0x0, 0x0, 0x8f, 0xff,
    0xff, 0x60, 0x0, 0x0, 0x8f, 0xff, 0xff, 0x70,
    0x0, 0x2f, 0xff, 0xff, 0xd0, 0x0, 0x0, 0x0,
    0xef, 0xff, 0xff, 0x10, 0xb, 0xff, 0xff, 0xf5,
    0x0, 0x0, 0x0, 0x7, 0xff, 0xff, 0xfa, 0x4,
    0xff, 0xff, 0xfc, 0x0, 0x0, 0x0, 0x0, 0xe,
    0xff, 0xff, 0xf3,

    /* U+0059 "Y" */
    0xbf, 0xff, 0xff, 0x10, 0x0, 0x0, 0x0, 0x0,
    0xcf, 0xff, 0xfe, 0x3, 0xff, 0xff, 0xf7, 0x0,
    0x0, 0x0, 0x0, 0x3f, 0xff, 0xff, 0x70, 0xb,
    0xff, 0xff, 0xe0, 0x0, 0x0, 0x0, 0xb, 0xff,
    0xff, 0xe0, 0x0, 0x3f, 0xff, 0xff, 0x60, 0x0,
    0x0, 0x2, 0xff, 0xff, 0xf7, 0x0, 0x0, 0xaf,
    0xff, 0xfd, 0x0, 0x0, 0x0, 0x9f, 0xff, 0xfe,
    0x0, 0x0, 0x2, 0xff, 0xff, 0xf4, 0x0, 0x0,
    0x1f, 0xff, 0xff, 0x60, 0x0, 0x0, 0xa, 0xff,
    0xff, 0xc0, 0x0, 0x8, 0xff, 0xff, 0xe0, 0x0,
    0x0, 0x0, 0x2f, 0xff, 0xff, 0x30, 0x0, 0xef,
    0xff, 0xf6, 0x0, 0x0, 0x0, 0x0, 0xaf, 0xff,
    0xfa, 0x0, 0x6f, 0xff, 0xfe, 0x0, 0x0, 0x0,
    0x0, 0x2, 0xff, 0xff, 0xf2, 0xd, 0xff, 0xff,
    0x60, 0x0, 0x0, 0x0, 0x0, 0xa, 0xff, 0xff,
    0x95, 0xff, 0xff, 0xd0, 0x0, 0x0, 0x0, 0x0,
    0x0, 0x2f, 0xff, 0xff, 0xcf, 0xff, 0xf6, 0x0,
    0x0, 0x0, 0x0, 0x0, 0x0, 0x9f, 0xff, 0xff,
    0xff, 0xfd, 0x0, 0x0, 0x0, 0x0, 0x0, 0x0,
    0x2, 0xff, 0xff, 0xff, 0xff, 0x50, 0x0, 0x0,
    0x0, 0x0, 0x0, 0x0, 0x9, 0xff, 0xff, 0xff,
    0xd0, 0x0, 0x0, 0x0, 0x0, 0x0, 0x0, 0x0,
    0x1f, 0xff, 0xff, 0xf5, 0x0, 0x0, 0x0, 0x0,
    0x0, 0x0, 0x0, 0x0, 0xaf, 0xff, 0xfd, 0x0,
    0x0, 0x0, 0x0, 0x0, 0x0, 0x0, 0x0, 0x8,
    0xff, 0xff, 0xc0, 0x0, 0x0, 0x0, 0x0, 0x0,
    0x0, 0x0, 0x0, 0x8f, 0xff, 0xfc, 0x0, 0x0,
    0x0, 0x0, 0x0, 0x0, 0x0, 0x0, 0x8, 0xff,
    0xff, 0xc0, 0x0, 0x0, 0x0, 0x0, 0x0, 0x0,
    0x0, 0x0, 0x8f, 0xff, 0xfc, 0x0, 0x0, 0x0,
    0x0, 0x0, 0x0, 0x0, 0x0, 0x8, 0xff, 0xff,
    0xc0, 0x0, 0x0, 0x0, 0x0, 0x0, 0x0, 0x0,
    0x0, 0x8f, 0xff, 0xfc, 0x0, 0x0, 0x0, 0x0,
    0x0, 0x0, 0x0, 0x0, 0x8, 0xff, 0xff, 0xc0,
    0x0, 0x0, 0x0, 0x0, 0x0, 0x0, 0x0, 0x0,
    0x8f, 0xff, 0xfc, 0x0, 0x0, 0x0, 0x0, 0x0,
    0x0, 0x0, 0x0, 0x8, 0xff, 0xff, 0xc0, 0x0,
    0x0, 0x0, 0x0,

    /* U+005A "Z" */
    0xbf, 0xff, 0xff, 0xff, 0xff, 0xff, 0xff, 0xff,
    0xff, 0xf8, 0xbf, 0xff, 0xff, 0xff, 0xff, 0xff,
    0xff, 0xff, 0xff, 0xf8, 0xbf, 0xff, 0xff, 0xff,
    0xff, 0xff, 0xff, 0xff, 0xff, 0xf8, 0xbf, 0xff,
    0xff, 0xff, 0xff, 0xff, 0xff, 0xff, 0xff, 0xf3,
    0x46, 0x66, 0x66, 0x66, 0x66, 0x66, 0x8f, 0xff,
    0xff, 0x80, 0x0, 0x0, 0x0, 0x0, 0x0, 0x0,
    0xcf, 0xff, 0xfd, 0x0, 0x0, 0x0, 0x0, 0x0,
    0x0, 0x7, 0xff, 0xff, 0xf3, 0x0, 0x0, 0x0,
    0x0, 0x0, 0x0, 0x3f, 0xff, 0xff, 0x80, 0x0,
    0x0, 0x0, 0x0, 0x0, 0x0, 0xdf, 0xff, 0xfc,
    0x0, 0x0, 0x0, 0x0, 0x0, 0x0, 0x8, 0xff,
    0xff, 0xf2, 0x0, 0x0, 0x0, 0x0, 0x0, 0x0,
    0x3f, 0xff, 0xff, 0x70, 0x0, 0x0, 0x0, 0x0,
    0x0, 0x0, 0xdf, 0xff, 0xfc, 0x0, 0x0, 0x0,
    0x0, 0x0, 0x0, 0x9, 0xff, 0xff, 0xf2, 0x0,
    0x0, 0x0, 0x0, 0x0, 0x0, 0x4f, 0xff, 0xff,
    0x60, 0x0, 0x0, 0x0, 0x0, 0x0, 0x1, 0xef,
    0xff, 0xfb, 0x0, 0x0, 0x0, 0x0, 0x0, 0x0,
    0xa, 0xff, 0xff, 0xf1, 0x0, 0x0, 0x0, 0x0,
    0x0, 0x0, 0x5f, 0xff, 0xff, 0x50, 0x0, 0x0,
    0x0, 0x0, 0x0, 0x1, 0xef, 0xff, 0xfb, 0x0,
    0x0, 0x0, 0x0, 0x0, 0x0, 0xb, 0xff, 0xff,
    0xe1, 0x0, 0x0, 0x0, 0x0, 0x0, 0x0, 0x6f,
    0xff, 0xff, 0x50, 0x0, 0x0, 0x0, 0x0, 0x0,
    0x2, 0xff, 0xff, 0xfa, 0x0, 0x0, 0x0, 0x0,
    0x0, 0x0, 0xc, 0xff, 0xff, 0xf7, 0x66, 0x66,
    0x66, 0x66, 0x66, 0x64, 0x7f, 0xff, 0xff, 0xff,
    0xff, 0xff, 0xff, 0xff, 0xff, 0xfc, 0xbf, 0xff,
    0xff, 0xff, 0xff, 0xff, 0xff, 0xff, 0xff, 0xfc,
    0xbf, 0xff, 0xff, 0xff, 0xff, 0xff, 0xff, 0xff,
    0xff, 0xfc, 0xbf, 0xff, 0xff, 0xff, 0xff, 0xff,
    0xff, 0xff, 0xff, 0xfc,

    /* U+005B "[" */
    0xef, 0xff, 0xff, 0xfb, 0xef, 0xff, 0xff, 0xfb,
    0xef, 0xff, 0xff, 0xfb, 0xef, 0xff, 0xff, 0xfb,
    0xef, 0xff, 0xf3, 0x0, 0xef, 0xff, 0xf3, 0x0,
    0xef, 0xff, 0xf3, 0x0, 0xef, 0xff, 0xf3, 0x0,
    0xef, 0xff, 0xf3, 0x0, 0xef, 0xff, 0xf3, 0x0,
    0xef, 0xff, 0xf3, 0x0, 0xef, 0xff, 0xf3, 0x0,
    0xef, 0xff, 0xf3, 0x0, 0xef, 0xff, 0xf3, 0x0,
    0xef, 0xff, 0xf3, 0x0, 0xef, 0xff, 0xf3, 0x0,
    0xef, 0xff, 0xf3, 0x0, 0xef, 0xff, 0xf3, 0x0,
    0xef, 0xff, 0xf3, 0x0, 0xef, 0xff, 0xf3, 0x0,
    0xef, 0xff, 0xf3, 0x0, 0xef, 0xff, 0xf3, 0x0,
    0xef, 0xff, 0xf3, 0x0, 0xef, 0xff, 0xf3, 0x0,
    0xef, 0xff, 0xf3, 0x0, 0xef, 0xff, 0xf3, 0x0,
    0xef, 0xff, 0xf3, 0x0, 0xef, 0xff, 0xf3, 0x0,
    0xef, 0xff, 0xf3, 0x0, 0xef, 0xff, 0xf3, 0x0,
    0xef, 0xff, 0xf3, 0x0, 0xef, 0xff, 0xf3, 0x0,
    0xef, 0xff, 0xf3, 0x0, 0xef, 0xff, 0xff, 0xfb,
    0xef, 0xff, 0xff, 0xfb, 0xef, 0xff, 0xff, 0xfb,
    0xef, 0xff, 0xff, 0xfb,

    /* U+005C "\\" */
    0xdf, 0xff, 0xf5, 0x0, 0x0, 0x0, 0x0, 0x0,
    0x7f, 0xff, 0xfb, 0x0, 0x0, 0x0, 0x0, 0x0,
    0x1f, 0xff, 0xff, 0x20, 0x0, 0x0, 0x0, 0x0,
    0xb, 0xff, 0xff, 0x70, 0x0, 0x0, 0x0, 0x0,
    0x5, 0xff, 0xff, 0xd0, 0x0, 0x0, 0x0, 0x0,
    0x0, 0xef, 0xff, 0xf3, 0x0, 0x0, 0x0, 0x0,
    0x0, 0x9f, 0xff, 0xf9, 0x0, 0x0, 0x0, 0x0,
    0x0, 0x3f, 0xff, 0xff, 0x0, 0x0, 0x0, 0x0,
    0x0, 0xd, 0xff, 0xff, 0x50, 0x0, 0x0, 0x0,
    0x0, 0x7, 0xff, 0xff, 0xb0, 0x0, 0x0, 0x0,
    0x0, 0x1, 0xff, 0xff, 0xf2, 0x0, 0x0, 0x0,
    0x0, 0x0, 0xbf, 0xff, 0xf7, 0x0, 0x0, 0x0,
    0x0, 0x0, 0x5f, 0xff, 0xfd, 0x0, 0x0, 0x0,
    0x0, 0x0, 0xe, 0xff, 0xff, 0x30, 0x0, 0x0,
    0x0, 0x0, 0x9, 0xff, 0xff, 0x90, 0x0, 0x0,
    0x0, 0x0, 0x3, 0xff, 0xff, 0xf0, 0x0, 0x0,
    0x0, 0x0, 0x0, 0xdf, 0xff, 0xf5, 0x0, 0x0,
    0x0, 0x0, 0x0, 0x7f, 0xff, 0xfb, 0x0, 0x0,
    0x0, 0x0, 0x0, 0x1f, 0xff, 0xff, 0x20, 0x0,
    0x0, 0x0, 0x0, 0xb, 0xff, 0xff, 0x70, 0x0,
    0x0, 0x0, 0x0, 0x5, 0xff, 0xff, 0xd0, 0x0,
    0x0, 0x0, 0x0, 0x0, 0xef, 0xff, 0xf3, 0x0,
    0x0, 0x0, 0x0, 0x0, 0x9f, 0xff, 0xf9, 0x0,
    0x0, 0x0, 0x0, 0x0, 0x3f, 0xff, 0xff, 0x0,
    0x0, 0x0, 0x0, 0x0, 0xd, 0xff, 0xff, 0x50,
    0x0, 0x0, 0x0, 0x0, 0x7, 0xff, 0xff, 0xb0,
    0x0, 0x0, 0x0, 0x0, 0x1, 0xff, 0xff, 0xf2,
    0x0, 0x0, 0x0, 0x0, 0x0, 0xbf, 0xff, 0xf7,
    0x0, 0x0, 0x0, 0x0, 0x0, 0x38, 0x88, 0x86,

    /* U+005D "]" */
    0xcf, 0xff, 0xff, 0xfd, 0xcf, 0xff, 0xff, 0xfd,
    0xcf, 0xff, 0xff, 0xfd, 0xcf, 0xff, 0xff, 0xfd,
    0x0, 0x4f, 0xff, 0xfd, 0x0, 0x3f, 0xff, 0xfd,
    0x0, 0x3f, 0xff, 0xfd, 0x0, 0x3f, 0xff, 0xfd,
    0x0, 0x3f, 0xff, 0xfd, 0x0, 0x3f, 0xff, 0xfd,
    0x0, 0x3f, 0xff, 0xfd, 0x0, 0x3f, 0xff, 0xfd,
    0x0, 0x3f, 0xff, 0xfd, 0x0, 0x3f, 0xff, 0xfd,
    0x0, 0x3f, 0xff, 0xfd, 0x0, 0x3f, 0xff, 0xfd,
    0x0, 0x3f, 0xff, 0xfd, 0x0, 0x3f, 0xff, 0xfd,
    0x0, 0x3f, 0xff, 0xfd, 0x0, 0x3f, 0xff, 0xfd,
    0x0, 0x3f, 0xff, 0xfd, 0x0, 0x3f, 0xff, 0xfd,
    0x0, 0x3f, 0xff, 0xfd, 0x0, 0x3f, 0xff, 0xfd,
    0x0, 0x3f, 0xff, 0xfd, 0x0, 0x3f, 0xff, 0xfd,
    0x0, 0x3f, 0xff, 0xfd, 0x0, 0x3f, 0xff, 0xfd,
    0x0, 0x3f, 0xff, 0xfd, 0x0, 0x3f, 0xff, 0xfd,
    0x0, 0x3f, 0xff, 0xfd, 0x0, 0x3f, 0xff, 0xfd,
    0x0, 0x4f, 0xff, 0xfd, 0xcf, 0xff, 0xff, 0xfd,
    0xcf, 0xff, 0xff, 0xfd, 0xcf, 0xff, 0xff, 0xfd,
    0xcf, 0xff, 0xff, 0xfd,

    /* U+005E "^" */
    0x0, 0x0, 0x2, 0xff, 0xfe, 0x0, 0x0, 0x0,
    0x0, 0x0, 0x8f, 0xff, 0xf5, 0x0, 0x0, 0x0,
    0x0, 0xe, 0xff, 0xff, 0xb0, 0x0, 0x0, 0x0,
    0x5, 0xff, 0xff, 0xff, 0x20, 0x0, 0x0, 0x0,
    0xcf, 0xff, 0xff, 0xf8, 0x0, 0x0, 0x0, 0x2f,
    0xff, 0xad, 0xff, 0xe0, 0x0, 0x0, 0x9, 0xff,
    0xf4, 0x7f, 0xff, 0x50, 0x0, 0x0, 0xff, 0xfe,
    0x1, 0xff, 0xfc, 0x0, 0x0, 0x6f, 0xff, 0x80,
    0xb, 0xff, 0xf2, 0x0, 0xc, 0xff, 0xf2, 0x0,
    0x5f, 0xff, 0x90, 0x3, 0xff, 0xfc, 0x0, 0x0,
    0xff, 0xfe, 0x0, 0x9f, 0xff, 0x60, 0x0, 0x9,
    0xff, 0xf6, 0xf, 0xff, 0xf0, 0x0, 0x0, 0x3f,
    0xff, 0xc0,

    /* U+005F "_" */
    0x11, 0x11, 0x11, 0x11, 0x11, 0x11, 0x11, 0x11,
    0xf, 0xff, 0xff, 0xff, 0xff, 0xff, 0xff, 0xff,
    0xf0, 0xff, 0xff, 0xff, 0xff, 0xff, 0xff, 0xff,
    0xff, 0xf, 0xff, 0xff, 0xff, 0xff, 0xff, 0xff,
    0xff, 0xf0, 0xff, 0xff, 0xff, 0xff, 0xff, 0xff,
    0xff, 0xff, 0x0,

    /* U+0060 "`" */
    0x7, 0x99, 0x99, 0x60, 0x0, 0x2, 0xff, 0xff,
    0xf2, 0x0, 0x0, 0x4f, 0xff, 0xfc, 0x0, 0x0,
    0x6, 0xff, 0xff, 0x60, 0x0, 0x0, 0x8f, 0xff,
    0xe1, 0x0, 0x0, 0xa, 0xff, 0xfa,

    /* U+0061 "a" */
    0x0, 0x0, 0x28, 0xce, 0xff, 0xd9, 0x30, 0x0,
    0x0, 0x0, 0x9, 0xff, 0xff, 0xff, 0xff, 0xfa,
    0x10, 0x0, 0x0, 0xcf, 0xff, 0xff, 0xff, 0xff,
    0xff, 0xc0, 0x0, 0x9, 0xff, 0xff, 0xff, 0xef,
    0xff, 0xff, 0xf8, 0x0, 0x1f, 0xff, 0xff, 0x70,
    0x1, 0xaf, 0xff, 0xff, 0x0, 0x4f, 0xff, 0xfd,
    0x0, 0x0, 0xf, 0xff, 0xff, 0x30, 0x13, 0x33,
    0x32, 0x0, 0x0, 0xc, 0xff, 0xff, 0x40, 0x0,
    0x0, 0x0, 0x0, 0x0, 0xc, 0xff, 0xff, 0x50,
    0x0, 0x1, 0x6a, 0xdf, 0xff, 0xff, 0xff, 0xff,
    0x50, 0x0, 0x6e, 0xff, 0xff, 0xff, 0xff, 0xff,
    0xff, 0x50, 0x7, 0xff, 0xff, 0xff, 0xff, 0xff,
    0xff, 0xff, 0x50, 0x2f, 0xff, 0xff, 0xa3, 0x0,
    0xc, 0xff, 0xff, 0x50, 0x8f, 0xff, 0xfb, 0x0,
    0x0, 0xc, 0xff, 0xff, 0x50, 0xbf, 0xff, 0xf6,
    0x0, 0x0, 0xc, 0xff, 0xff, 0x50, 0xcf, 0xff,
    0xf7, 0x0, 0x0, 0x1e, 0xff, 0xff, 0x50, 0xaf,
    0xff, 0xfe, 0x40, 0x15, 0xef, 0xff, 0xff, 0x50,
    0x4f, 0xff, 0xff, 0xff, 0xff, 0xff, 0xff, 0xff,
    0x50, 0xb, 0xff, 0xff, 0xff, 0xff, 0xff, 0xff,
    0xff, 0x70, 0x0, 0xbf, 0xff, 0xff, 0xff, 0xd9,
    0xff, 0xff, 0x90, 0x0, 0x4, 0xae, 0xfe, 0xc7,
    0x3, 0xff, 0xff, 0xe0,

    /* U+0062 "b" */
    0xf, 0xff, 0xff, 0x0, 0x0, 0x0, 0x0, 0x0,
    0x0, 0x0, 0xff, 0xff, 0xf0, 0x0, 0x0, 0x0,
    0x0, 0x0, 0x0, 0xf, 0xff, 0xff, 0x0, 0x0,
    0x0, 0x0, 0x0, 0x0, 0x0, 0xff, 0xff, 0xf0,
    0x0, 0x0, 0x0, 0x0, 0x0, 0x0, 0xf, 0xff,
    0xff, 0x0, 0x0, 0x0, 0x0, 0x0, 0x0, 0x0,
    0xff, 0xff, 0xf0, 0x0, 0x0, 0x0, 0x0, 0x0,
    0x0, 0xf, 0xff, 0xff, 0x0, 0x0, 0x0, 0x0,
    0x0, 0x0, 0x0, 0xff, 0xff, 0xf0, 0x0, 0x0,
    0x0, 0x0, 0x0, 0x0, 0xf, 0xff, 0xff, 0x2,
    0x9d, 0xfe, 0xc7, 0x0, 0x0, 0x0, 0xff, 0xff,
    0xf6, 0xff, 0xff, 0xff, 0xfd, 0x30, 0x0, 0xf,
    0xff, 0xff, 0xff, 0xff, 0xff, 0xff, 0xfe, 0x10,
    0x0, 0xff, 0xff, 0xff, 0xff, 0xff, 0xff, 0xff,
    0xfa, 0x0, 0xf, 0xff, 0xff, 0xfb, 0x54, 0x6d,
    0xff, 0xff, 0xf2, 0x0, 0xff, 0xff, 0xf8, 0x0,
    0x0, 0x1e, 0xff, 0xff, 0x70, 0xf, 0xff, 0xff,
    0x10, 0x0, 0x0, 0x8f, 0xff, 0xfb, 0x0, 0xff,
    0xff, 0xf0, 0x0, 0x0, 0x3, 0xff, 0xff, 0xe0,
    0xf, 0xff, 0xff, 0x0, 0x0, 0x0, 0x1f, 0xff,
    0xff, 0x0, 0xff, 0xff, 0xf0, 0x0, 0x0, 0x0,
    0xff, 0xff, 0xf1, 0xf, 0xff, 0xff, 0x0, 0x0,
    0x0, 0xf, 0xff, 0xff, 0x10, 0xff, 0xff, 0xf0,
    0x0, 0x0, 0x1, 0xff, 0xff, 0xf0, 0xf, 0xff,
    0xff, 0x0, 0x0, 0x0, 0x3f, 0xff, 0xfe, 0x0,
    0xff, 0xff, 0xf1, 0x0, 0x0, 0x7, 0xff, 0xff,
    0xb0, 0xf, 0xff, 0xff, 0x80, 0x0, 0x0, 0xef,
    0xff, 0xf7, 0x0, 0xff, 0xff, 0xff, 0xb5, 0x46,
    0xdf, 0xff, 0xff, 0x20, 0xf, 0xff, 0xff, 0xff,
    0xff, 0xff, 0xff, 0xff, 0xa0, 0x0, 0xff, 0xff,
    0xff, 0xff, 0xff, 0xff, 0xff, 0xe1, 0x0, 0xf,
    0xff, 0xfb, 0x7f, 0xff, 0xff, 0xff, 0xe3, 0x0,
    0x0, 0xff, 0xff, 0x90, 0x29, 0xef, 0xec, 0x70,
    0x0, 0x0,

    /* U+0063 "c" */
    0x0, 0x0, 0x6, 0xbe, 0xff, 0xda, 0x40, 0x0,
    0x0, 0x0, 0x4e, 0xff, 0xff, 0xff, 0xff, 0xc1,
    0x0, 0x0, 0x5f, 0xff, 0xff, 0xff, 0xff, 0xff,
    0xe1, 0x0, 0x2f, 0xff, 0xff, 0xff, 0xff, 0xff,
    0xff, 0xc0, 0xa, 0xff, 0xff, 0xe7, 0x45, 0xbf,
    0xff, 0xff, 0x41, 0xff, 0xff, 0xf3, 0x0, 0x0,
    0xaf, 0xff, 0xf9, 0x6f, 0xff, 0xfb, 0x0, 0x0,
    0x2, 0xff, 0xff, 0xba, 0xff, 0xff, 0x70, 0x0,
    0x0, 0x8, 0x99, 0x97, 0xcf, 0xff, 0xf5, 0x0,
    0x0, 0x0, 0x0, 0x0, 0xd, 0xff, 0xff, 0x40,
    0x0, 0x0, 0x0, 0x0, 0x0, 0xdf, 0xff, 0xf4,
    0x0, 0x0, 0x0, 0x0, 0x0, 0xc, 0xff, 0xff,
    0x50, 0x0, 0x0, 0x0, 0x0, 0x0, 0xaf, 0xff,
    0xf7, 0x0, 0x0, 0x0, 0x0, 0x0, 0x6, 0xff,
    0xff, 0xc0, 0x0, 0x0, 0xf, 0xff, 0xfc, 0x1f,
    0xff, 0xff, 0x20, 0x0, 0x7, 0xff, 0xff, 0xa0,
    0xaf, 0xff, 0xfe, 0x74, 0x59, 0xff, 0xff, 0xf5,
    0x2, 0xff, 0xff, 0xff, 0xff, 0xff, 0xff, 0xfc,
    0x0, 0x5, 0xff, 0xff, 0xff, 0xff, 0xff, 0xfe,
    0x10, 0x0, 0x4, 0xef, 0xff, 0xff, 0xff, 0xfb,
    0x10, 0x0, 0x0, 0x0, 0x6b, 0xef, 0xfd, 0xa4,
    0x0, 0x0,

    /* U+0064 "d" */
    0x0, 0x0, 0x0, 0x0, 0x0, 0x0, 0xcf, 0xff,
    0xf4, 0x0, 0x0, 0x0, 0x0, 0x0, 0x0, 0xcf,
    0xff, 0xf4, 0x0, 0x0, 0x0, 0x0, 0x0, 0x0,
    0xcf, 0xff, 0xf4, 0x0, 0x0, 0x0, 0x0, 0x0,
    0x0, 0xcf, 0xff, 0xf4, 0x0, 0x0, 0x0, 0x0,
    0x0, 0x0, 0xcf, 0xff, 0xf4, 0x0, 0x0, 0x0,
    0x0, 0x0, 0x0, 0xcf, 0xff, 0xf4, 0x0, 0x0,
    0x0, 0x0, 0x0, 0x0, 0xcf, 0xff, 0xf4, 0x0,
    0x0, 0x0, 0x0, 0x0, 0x0, 0xcf, 0xff, 0xf4,
    0x0, 0x0, 0x4a, 0xef, 0xea, 0x40, 0xcf, 0xff,
    0xf4, 0x0, 0xa, 0xff, 0xff, 0xff, 0xf8, 0xcf,
    0xff, 0xf4, 0x0, 0xaf, 0xff, 0xff, 0xff, 0xff,
    0xff, 0xff, 0xf4, 0x5, 0xff, 0xff, 0xff, 0xff,
    0xff, 0xff, 0xff, 0xf4, 0xd, 0xff, 0xff, 0xf8,
    0x45, 0x9f, 0xff, 0xff, 0xf4, 0x3f, 0xff, 0xff,
    0x50, 0x0, 0x4, 0xff, 0xff, 0xf4, 0x7f, 0xff,
    0xfd, 0x0, 0x0, 0x0, 0xdf, 0xff, 0xf4, 0xaf,
    0xff, 0xf8, 0x0, 0x0, 0x0, 0xcf, 0xff, 0xf4,
    0xcf, 0xff, 0xf5, 0x0, 0x0, 0x0, 0xcf, 0xff,
    0xf4, 0xdf, 0xff, 0xf4, 0x0, 0x0, 0x0, 0xcf,
    0xff, 0xf4, 0xdf, 0xff, 0xf4, 0x0, 0x0, 0x0,
    0xcf, 0xff, 0xf4, 0xcf, 0xff, 0xf6, 0x0, 0x0,
    0x0, 0xcf, 0xff, 0xf4, 0xaf, 0xff, 0xf8, 0x0,
    0x0, 0x0, 0xcf, 0xff, 0xf4, 0x7f, 0xff, 0xfd,
    0x0, 0x0, 0x0, 0xdf, 0xff, 0xf4, 0x3f, 0xff,
    0xff, 0x50, 0x0, 0x5, 0xff, 0xff, 0xf4, 0xd,
    0xff, 0xff, 0xf8, 0x45, 0x9f, 0xff, 0xff, 0xf4,
    0x4, 0xff, 0xff, 0xff, 0xff, 0xff, 0xff, 0xff,
    0xf4, 0x0, 0xaf, 0xff, 0xff, 0xff, 0xff, 0xff,
    0xff, 0xf4, 0x0, 0xa, 0xff, 0xff, 0xff, 0xfa,
    0x7f, 0xff, 0xf4, 0x0, 0x0, 0x4a, 0xef, 0xeb,
    0x40, 0x5f, 0xff, 0xf4,

    /* U+0065 "e" */
    0x0, 0x0, 0x4, 0x9d, 0xff, 0xeb, 0x60, 0x0,
    0x0, 0x0, 0x1, 0xbf, 0xff, 0xff, 0xff, 0xfe,
    0x40, 0x0, 0x0, 0x1d, 0xff, 0xff, 0xff, 0xff,
    0xff, 0xf4, 0x0, 0x0, 0xcf, 0xff, 0xff, 0xff,
    0xff, 0xff, 0xfe, 0x10, 0x7, 0xff, 0xff, 0xf9,
    0x44, 0x7f, 0xff, 0xff, 0x80, 0xe, 0xff, 0xff,
    0x80, 0x0, 0x2, 0xff, 0xff, 0xe0, 0x3f, 0xff,
    0xfe, 0x0, 0x0, 0x0, 0xaf, 0xff, 0xf3, 0x7f,
    0xff, 0xf9, 0x0, 0x0, 0x0, 0x7f, 0xff, 0xf6,
    0x9f, 0xff, 0xff, 0xff, 0xff, 0xff, 0xff, 0xff,
    0xf7, 0xaf, 0xff, 0xff, 0xff, 0xff, 0xff, 0xff,
    0xff, 0xf8, 0xbf, 0xff, 0xff, 0xff, 0xff, 0xff,
    0xff, 0xff, 0xf8, 0xaf, 0xff, 0xfc, 0x99, 0x99,
    0x99, 0x99, 0x99, 0x95, 0x8f, 0xff, 0xfb, 0x0,
    0x0, 0x0, 0x0, 0x0, 0x0, 0x4f, 0xff, 0xff,
    0x20, 0x0, 0x0, 0x0, 0x20, 0x0, 0xe, 0xff,
    0xff, 0xc0, 0x0, 0x0, 0x5, 0xf6, 0x0, 0x7,
    0xff, 0xff, 0xfe, 0x74, 0x46, 0xbf, 0xff, 0x40,
    0x0, 0xcf, 0xff, 0xff, 0xff, 0xff, 0xff, 0xff,
    0xe0, 0x0, 0x1d, 0xff, 0xff, 0xff, 0xff, 0xff,
    0xff, 0x30, 0x0, 0x1, 0xaf, 0xff, 0xff, 0xff,
    0xff, 0xc2, 0x0, 0x0, 0x0, 0x2, 0x8c, 0xef,
    0xfd, 0xa5, 0x0, 0x0,

    /* U+0066 "f" */
    0x0, 0x0, 0x0, 0x0, 0x13, 0x32, 0x0, 0x0,
    0x0, 0x6, 0xdf, 0xff, 0xfe, 0x0, 0x0, 0xb,
    0xff, 0xff, 0xff, 0xe0, 0x0, 0xa, 0xff, 0xff,
    0xff, 0xfe, 0x0, 0x2, 0xff, 0xff, 0xff, 0xff,
    0xe0, 0x0, 0x7f, 0xff, 0xff, 0x71, 0x1, 0x0,
    0x9, 0xff, 0xff, 0xa0, 0x0, 0x0, 0x0, 0xaf,
    0xff, 0xf7, 0x0, 0x0, 0x0, 0xa, 0xff, 0xff,
    0x70, 0x0, 0x7, 0xff, 0xff, 0xff, 0xff, 0xff,
    0xf3, 0x7f, 0xff, 0xff, 0xff, 0xff, 0xff, 0x37,
    0xff, 0xff, 0xff, 0xff, 0xff, 0xf3, 0x6d, 0xdf,
    0xff, 0xff, 0xed, 0xdd, 0x20, 0x0, 0xaf, 0xff,
    0xf7, 0x0, 0x0, 0x0, 0xa, 0xff, 0xff, 0x70,
    0x0, 0x0, 0x0, 0xaf, 0xff, 0xf7, 0x0, 0x0,
    0x0, 0xa, 0xff, 0xff, 0x70, 0x0, 0x0, 0x0,
    0xaf, 0xff, 0xf7, 0x0, 0x0, 0x0, 0xa, 0xff,
    0xff, 0x70, 0x0, 0x0, 0x0, 0xaf, 0xff, 0xf7,
    0x0, 0x0, 0x0, 0xa, 0xff, 0xff, 0x70, 0x0,
    0x0, 0x0, 0xaf, 0xff, 0xf7, 0x0, 0x0, 0x0,
    0xa, 0xff, 0xff, 0x70, 0x0, 0x0, 0x0, 0xaf,
    0xff, 0xf7, 0x0, 0x0, 0x0, 0xa, 0xff, 0xff,
    0x70, 0x0, 0x0, 0x0, 0xaf, 0xff, 0xf7, 0x0,
    0x0, 0x0, 0xa, 0xff, 0xff, 0x70, 0x0, 0x0,
    0x0, 0xaf, 0xff, 0xf7, 0x0, 0x0, 0x0, 0xa,
    0xff, 0xff, 0x70, 0x0, 0x0,

    /* U+0067 "g" */
    0x0, 0x0, 0x29, 0xdf, 0xfd, 0x81, 0xf, 0xff,
    0xf9, 0x0, 0x7, 0xff, 0xff, 0xff, 0xff, 0x6f,
    0xff, 0xf9, 0x0, 0x7f, 0xff, 0xff, 0xff, 0xff,
    0xff, 0xff, 0xf9, 0x3, 0xff, 0xff, 0xff, 0xff,
    0xff, 0xff, 0xff, 0xf9, 0xb, 0xff, 0xff, 0xfb,
    0x54, 0x7d, 0xff, 0xff, 0xf9, 0x1f, 0xff, 0xff,
    0x90, 0x0, 0x0, 0xdf, 0xff, 0xf9, 0x6f, 0xff,
    0xff, 0x0, 0x0, 0x0, 0x7f, 0xff, 0xf9, 0x9f,
    0xff, 0xfa, 0x0, 0x0, 0x0, 0x7f, 0xff, 0xf9,
    0xbf, 0xff, 0xf7, 0x0, 0x0, 0x0, 0x7f, 0xff,
    0xf9, 0xcf, 0xff, 0xf5, 0x0, 0x0, 0x0, 0x7f,
    0xff, 0xf9, 0xcf, 0xff, 0xf5, 0x0, 0x0, 0x0,
    0x7f, 0xff, 0xf9, 0xbf, 0xff, 0xf6, 0x0, 0x0,
    0x0, 0x7f, 0xff, 0xf9, 0x9f, 0xff, 0xf9, 0x0,
    0x0, 0x0, 0x7f, 0xff, 0xf9, 0x6f, 0xff, 0xff,
    0x0, 0x0, 0x0, 0x7f, 0xff, 0xf9, 0x1f, 0xff,
    0xff, 0x80, 0x0, 0x1, 0xdf, 0xff, 0xf9, 0xb,
    0xff, 0xff, 0xfa, 0x54, 0x7e, 0xff, 0xff, 0xf9,
    0x3, 0xff, 0xff, 0xff, 0xff, 0xff, 0xff, 0xff,
    0xf9, 0x0, 0x7f, 0xff, 0xff, 0xff, 0xff, 0xff,
    0xff, 0xf9, 0x0, 0x7, 0xff, 0xff, 0xff, 0xfc,
    0x9f, 0xff, 0xf9, 0x0, 0x0, 0x29, 0xdf, 0xfc,
    0x60, 0x8f, 0xff, 0xf9, 0x0, 0x0, 0x0, 0x0,
    0x0, 0x0, 0xaf, 0xff, 0xf8, 0x0, 0x5, 0x0,
    0x0, 0x0, 0x0, 0xef, 0xff, 0xf6, 0x0, 0x2f,
    0xa0, 0x0, 0x0, 0x8, 0xff, 0xff, 0xf2, 0x0,
    0xbf, 0xfd, 0x62, 0x14, 0xaf, 0xff, 0xff, 0xb0,
    0x5, 0xff, 0xff, 0xff, 0xff, 0xff, 0xff, 0xff,
    0x30, 0x2, 0xef, 0xff, 0xff, 0xff, 0xff, 0xff,
    0xf5, 0x0, 0x0, 0x1a, 0xff, 0xff, 0xff, 0xff,
    0xfd, 0x30, 0x0, 0x0, 0x0, 0x27, 0xce, 0xfe,
    0xd9, 0x40, 0x0, 0x0,

    /* U+0068 "h" */
    0x2f, 0xff, 0xfe, 0x0, 0x0, 0x0, 0x0, 0x0,
    0x0, 0x2f, 0xff, 0xfe, 0x0, 0x0, 0x0, 0x0,
    0x0, 0x0, 0x2f, 0xff, 0xfe, 0x0, 0x0, 0x0,
    0x0, 0x0, 0x0, 0x2f, 0xff, 0xfe, 0x0, 0x0,
    0x0, 0x0, 0x0, 0x0, 0x2f, 0xff, 0xfe, 0x0,
    0x0, 0x0, 0x0, 0x0, 0x0, 0x2f, 0xff, 0xfe,
    0x0, 0x0, 0x0, 0x0, 0x0, 0x0, 0x2f, 0xff,
    0xfe, 0x0, 0x0, 0x0, 0x0, 0x0, 0x0, 0x2f,
    0xff, 0xfe, 0x0, 0x0, 0x0, 0x0, 0x0, 0x0,
    0x2f, 0xff, 0xfe, 0x0, 0x7c, 0xff, 0xd8, 0x10,
    0x0, 0x2f, 0xff, 0xfe, 0x3e, 0xff, 0xff, 0xff,
    0xf4, 0x0, 0x2f, 0xff, 0xff, 0xef, 0xff, 0xff,
    0xff, 0xff, 0x20, 0x2f, 0xff, 0xff, 0xff, 0xff,
    0xff, 0xff, 0xff, 0x90, 0x2f, 0xff, 0xff, 0xf9,
    0x54, 0x8f, 0xff, 0xff, 0xe0, 0x2f, 0xff, 0xff,
    0x50, 0x0, 0x4, 0xff, 0xff, 0xf2, 0x2f, 0xff,
    0xfe, 0x0, 0x0, 0x0, 0xef, 0xff, 0xf3, 0x2f,
    0xff, 0xfe, 0x0, 0x0, 0x0, 0xdf, 0xff, 0xf4,
    0x2f, 0xff, 0xfe, 0x0, 0x0, 0x0, 0xdf, 0xff,
    0xf4, 0x2f, 0xff, 0xfe, 0x0, 0x0, 0x0, 0xdf,
    0xff, 0xf4, 0x2f, 0xff, 0xfe, 0x0, 0x0, 0x0,
    0xdf, 0xff, 0xf4, 0x2f, 0xff, 0xfe, 0x0, 0x0,
    0x0, 0xdf, 0xff, 0xf4, 0x2f, 0xff, 0xfe, 0x0,
    0x0, 0x0, 0xdf, 0xff, 0xf4, 0x2f, 0xff, 0xfe,
    0x0, 0x0, 0x0, 0xdf, 0xff, 0xf4, 0x2f, 0xff,
    0xfe, 0x0, 0x0, 0x0, 0xdf, 0xff, 0xf4, 0x2f,
    0xff, 0xfe, 0x0, 0x0, 0x0, 0xdf, 0xff, 0xf4,
    0x2f, 0xff, 0xfe, 0x0, 0x0, 0x0, 0xdf, 0xff,
    0xf4, 0x2f, 0xff, 0xfe, 0x0, 0x0, 0x0, 0xdf,
    0xff, 0xf4, 0x2f, 0xff, 0xfe, 0x0, 0x0, 0x0,
    0xdf, 0xff, 0xf4, 0x2f, 0xff, 0xfe, 0x0, 0x0,
    0x0, 0xdf, 0xff, 0xf4,

    /* U+0069 "i" */
    0x1, 0xbf, 0xd6, 0x0, 0xcf, 0xff, 0xf4, 0xf,
    0xff, 0xff, 0x80, 0xef, 0xff, 0xf7, 0x6, 0xff,
    0xfd, 0x0, 0x2, 0x54, 0x0, 0x0, 0x0, 0x0,
    0x0, 0x0, 0x0, 0x0, 0xc, 0xff, 0xff, 0x50,
    0xcf, 0xff, 0xf5, 0xc, 0xff, 0xff, 0x50, 0xcf,
    0xff, 0xf5, 0xc, 0xff, 0xff, 0x50, 0xcf, 0xff,
    0xf5, 0xc, 0xff, 0xff, 0x50, 0xcf, 0xff, 0xf5,
    0xc, 0xff, 0xff, 0x50, 0xcf, 0xff, 0xf5, 0xc,
    0xff, 0xff, 0x50, 0xcf, 0xff, 0xf5, 0xc, 0xff,
    0xff, 0x50, 0xcf, 0xff, 0xf5, 0xc, 0xff, 0xff,
    0x50, 0xcf, 0xff, 0xf5, 0xc, 0xff, 0xff, 0x50,
    0xcf, 0xff, 0xf5, 0xc, 0xff, 0xff, 0x50, 0xcf,
    0xff, 0xf5,

    /* U+006A "j" */
    0x0, 0x0, 0x2b, 0xfd, 0x50, 0x0, 0x0, 0xdf,
    0xff, 0xf3, 0x0, 0x1, 0xff, 0xff, 0xf7, 0x0,
    0x0, 0xff, 0xff, 0xf6, 0x0, 0x0, 0x7f, 0xff,
    0xc0, 0x0, 0x0, 0x2, 0x64, 0x0, 0x0, 0x0,
    0x0, 0x0, 0x0, 0x0, 0x0, 0x0, 0x0, 0x0,
    0x0, 0x0, 0xcf, 0xff, 0xf5, 0x0, 0x0, 0xcf,
    0xff, 0xf5, 0x0, 0x0, 0xcf, 0xff, 0xf5, 0x0,
    0x0, 0xcf, 0xff, 0xf5, 0x0, 0x0, 0xcf, 0xff,
    0xf5, 0x0, 0x0, 0xcf, 0xff, 0xf5, 0x0, 0x0,
    0xcf, 0xff, 0xf5, 0x0, 0x0, 0xcf, 0xff, 0xf5,
    0x0, 0x0, 0xcf, 0xff, 0xf5, 0x0, 0x0, 0xcf,
    0xff, 0xf5, 0x0, 0x0, 0xcf, 0xff, 0xf5, 0x0,
    0x0, 0xcf, 0xff, 0xf5, 0x0, 0x0, 0xcf, 0xff,
    0xf5, 0x0, 0x0, 0xcf, 0xff, 0xf5, 0x0, 0x0,
    0xcf, 0xff, 0xf5, 0x0, 0x0, 0xcf, 0xff, 0xf5,
    0x0, 0x0, 0xcf, 0xff, 0xf5, 0x0, 0x0, 0xcf,
    0xff, 0xf5, 0x0, 0x0, 0xcf, 0xff, 0xf5, 0x0,
    0x0, 0xcf, 0xff, 0xf5, 0x0, 0x0, 0xcf, 0xff,
    0xf5, 0x0, 0x0, 0xdf, 0xff, 0xf4, 0x0, 0x1,
    0xff, 0xff, 0xf3, 0x45, 0x6d, 0xff, 0xff, 0xf0,
    0xbf, 0xff, 0xff, 0xff, 0xb0, 0xbf, 0xff, 0xff,
    0xff, 0x20, 0xbf, 0xff, 0xff, 0xf5, 0x0, 0x8e,
    0xff, 0xd8, 0x10, 0x0,

    /* U+006B "k" */
    0xf, 0xff, 0xff, 0x0, 0x0, 0x0, 0x0, 0x0,
    0x0, 0x0, 0xff, 0xff, 0xf0, 0x0, 0x0, 0x0,
    0x0, 0x0, 0x0, 0xf, 0xff, 0xff, 0x0, 0x0,
    0x0, 0x0, 0x0, 0x0, 0x0, 0xff, 0xff, 0xf0,
    0x0, 0x0, 0x0, 0x0, 0x0, 0x0, 0xf, 0xff,
    0xff, 0x0, 0x0, 0x0, 0x0, 0x0, 0x0, 0x0,
    0xff, 0xff, 0xf0, 0x0, 0x0, 0x0, 0x0, 0x0,
    0x0, 0xf, 0xff, 0xff, 0x0, 0x0, 0x0, 0x0,
    0x0, 0x0, 0x0, 0xff, 0xff, 0xf0, 0x0, 0x0,
    0x0, 0x0, 0x0, 0x0, 0xf, 0xff, 0xff, 0x0,
    0x0, 0x8, 0xff, 0xff, 0xf9, 0x0, 0xff, 0xff,
    0xf0, 0x0, 0x5, 0xff, 0xff, 0xfb, 0x0, 0xf,
    0xff, 0xff, 0x0, 0x2, 0xff, 0xff, 0xfd, 0x10,
    0x0, 0xff, 0xff, 0xf0, 0x1, 0xdf, 0xff, 0xff,
    0x20, 0x0, 0xf, 0xff, 0xff, 0x0, 0xbf, 0xff,
    0xff, 0x40, 0x0, 0x0, 0xff, 0xff, 0xf0, 0x9f,
    0xff, 0xff, 0x70, 0x0, 0x0, 0xf, 0xff, 0xff,
    0x6f, 0xff, 0xff, 0x90, 0x0, 0x0, 0x0, 0xff,
    0xff, 0xff, 0xff, 0xff, 0xc0, 0x0, 0x0, 0x0,
    0xf, 0xff, 0xff, 0xff, 0xff, 0xf5, 0x0, 0x0,
    0x0, 0x0, 0xff, 0xff, 0xff, 0xff, 0xff, 0xd0,
    0x0, 0x0, 0x0, 0xf, 0xff, 0xff, 0xff, 0xff,
    0xff, 0x80, 0x0, 0x0, 0x0, 0xff, 0xff, 0xff,
    0xff, 0xff, 0xff, 0x20, 0x0, 0x0, 0xf, 0xff,
    0xff, 0xf6, 0xdf, 0xff, 0xfc, 0x0, 0x0, 0x0,
    0xff, 0xff, 0xf6, 0x3, 0xff, 0xff, 0xf7, 0x0,
    0x0, 0xf, 0xff, 0xff, 0x0, 0x9, 0xff, 0xff,
    0xf1, 0x0, 0x0, 0xff, 0xff, 0xf0, 0x0, 0x1e,
    0xff, 0xff, 0xb0, 0x0, 0xf, 0xff, 0xff, 0x0,
    0x0, 0x6f, 0xff, 0xff, 0x50, 0x0, 0xff, 0xff,
    0xf0, 0x0, 0x0, 0xcf, 0xff, 0xfe, 0x10, 0xf,
    0xff, 0xff, 0x0, 0x0, 0x2, 0xff, 0xff, 0xfa,
    0x0, 0xff, 0xff, 0xf0, 0x0, 0x0, 0x8, 0xff,
    0xff, 0xf4,

    /* U+006C "l" */
    0xcf, 0xff, 0xf5, 0xcf, 0xff, 0xf5, 0xcf, 0xff,
    0xf5, 0xcf, 0xff, 0xf5, 0xcf, 0xff, 0xf5, 0xcf,
    0xff, 0xf5, 0xcf, 0xff, 0xf5, 0xcf, 0xff, 0xf5,
    0xcf, 0xff, 0xf5, 0xcf, 0xff, 0xf5, 0xcf, 0xff,
    0xf5, 0xcf, 0xff, 0xf5, 0xcf, 0xff, 0xf5, 0xcf,
    0xff, 0xf5, 0xcf, 0xff, 0xf5, 0xcf, 0xff, 0xf5,
    0xcf, 0xff, 0xf5, 0xcf, 0xff, 0xf5, 0xcf, 0xff,
    0xf5, 0xcf, 0xff, 0xf5, 0xcf, 0xff, 0xf5, 0xcf,
    0xff, 0xf5, 0xcf, 0xff, 0xf5, 0xcf, 0xff, 0xf5,
    0xcf, 0xff, 0xf5, 0xcf, 0xff, 0xf5, 0xcf, 0xff,
    0xf5, 0xcf, 0xff, 0xf5,

    /* U+006D "m" */
    0xf, 0xff, 0xfc, 0x0, 0x7c, 0xef, 0xea, 0x30,
    0x0, 0x18, 0xdf, 0xfd, 0x92, 0x0, 0x0, 0xff,
    0xff, 0xd3, 0xef, 0xff, 0xff, 0xff, 0x60, 0x5f,
    0xff, 0xff, 0xff, 0xf5, 0x0, 0xf, 0xff, 0xff,
    0xff, 0xff, 0xff, 0xff, 0xff, 0x7f, 0xff, 0xff,
    0xff, 0xff, 0xf2, 0x0, 0xff, 0xff, 0xff, 0xff,
    0xff, 0xff, 0xff, 0xff, 0xff, 0xff, 0xff, 0xff,
    0xff, 0x90, 0xf, 0xff, 0xff, 0xfa, 0x54, 0x8f,
    0xff, 0xff, 0xff, 0xc5, 0x47, 0xef, 0xff, 0xfe,
    0x0, 0xff, 0xff, 0xf7, 0x0, 0x0, 0x5f, 0xff,
    0xff, 0xb0, 0x0, 0x3, 0xff, 0xff, 0xf1, 0xf,
    0xff, 0xff, 0x0, 0x0, 0x0, 0xff, 0xff, 0xf2,
    0x0, 0x0, 0xf, 0xff, 0xff, 0x20, 0xff, 0xff,
    0xf0, 0x0, 0x0, 0xf, 0xff, 0xff, 0x20, 0x0,
    0x0, 0xef, 0xff, 0xf3, 0xf, 0xff, 0xff, 0x0,
    0x0, 0x0, 0xff, 0xff, 0xf2, 0x0, 0x0, 0xe,
    0xff, 0xff, 0x30, 0xff, 0xff, 0xf0, 0x0, 0x0,
    0xf, 0xff, 0xff, 0x20, 0x0, 0x0, 0xef, 0xff,
    0xf3, 0xf, 0xff, 0xff, 0x0, 0x0, 0x0, 0xff,
    0xff, 0xf2, 0x0, 0x0, 0xe, 0xff, 0xff, 0x30,
    0xff, 0xff, 0xf0, 0x0, 0x0, 0xf, 0xff, 0xff,
    0x20, 0x0, 0x0, 0xef, 0xff, 0xf3, 0xf, 0xff,
    0xff, 0x0, 0x0, 0x0, 0xff, 0xff, 0xf2, 0x0,
    0x0, 0xe, 0xff, 0xff, 0x30, 0xff, 0xff, 0xf0,
    0x0, 0x0, 0xf, 0xff, 0xff, 0x20, 0x0, 0x0,
    0xef, 0xff, 0xf3, 0xf, 0xff, 0xff, 0x0, 0x0,
    0x0, 0xff, 0xff, 0xf2, 0x0, 0x0, 0xe, 0xff,
    0xff, 0x30, 0xff, 0xff, 0xf0, 0x0, 0x0, 0xf,
    0xff, 0xff, 0x20, 0x0, 0x0, 0xef, 0xff, 0xf3,
    0xf, 0xff, 0xff, 0x0, 0x0, 0x0, 0xff, 0xff,
    0xf2, 0x0, 0x0, 0xe, 0xff, 0xff, 0x30, 0xff,
    0xff, 0xf0, 0x0, 0x0, 0xf, 0xff, 0xff, 0x20,
    0x0, 0x0, 0xef, 0xff, 0xf3, 0xf, 0xff, 0xff,
    0x0, 0x0, 0x0, 0xff, 0xff, 0xf2, 0x0, 0x0,
    0xe, 0xff, 0xff, 0x30, 0xff, 0xff, 0xf0, 0x0,
    0x0, 0xf, 0xff, 0xff, 0x20, 0x0, 0x0, 0xef,
    0xff, 0xf3,

    /* U+006E "n" */
    0x2f, 0xff, 0xfa, 0x0, 0x7c, 0xef, 0xea, 0x20,
    0x0, 0x2f, 0xff, 0xfb, 0x4e, 0xff, 0xff, 0xff,
    0xf6, 0x0, 0x2f, 0xff, 0xfe, 0xff, 0xff, 0xff,
    0xff, 0xff, 0x30, 0x2f, 0xff, 0xff, 0xff, 0xff,
    0xff, 0xff, 0xff, 0xa0, 0x2f, 0xff, 0xff, 0xfa,
    0x54, 0x7e, 0xff, 0xff, 0xf0, 0x2f, 0xff, 0xff,
    0x60, 0x0, 0x3, 0xff, 0xff, 0xf2, 0x2f, 0xff,
    0xff, 0x0, 0x0, 0x0, 0xef, 0xff, 0xf3, 0x2f,
    0xff, 0xff, 0x0, 0x0, 0x0, 0xdf, 0xff, 0xf4,
    0x2f, 0xff, 0xff, 0x0, 0x0, 0x0, 0xdf, 0xff,
    0xf4, 0x2f, 0xff, 0xff, 0x0, 0x0, 0x0, 0xdf,
    0xff, 0xf4, 0x2f, 0xff, 0xff, 0x0, 0x0, 0x0,
    0xdf, 0xff, 0xf4, 0x2f, 0xff, 0xff, 0x0, 0x0,
    0x0, 0xdf, 0xff, 0xf4, 0x2f, 0xff, 0xff, 0x0,
    0x0, 0x0, 0xdf, 0xff, 0xf4, 0x2f, 0xff, 0xff,
    0x0, 0x0, 0x0, 0xdf, 0xff, 0xf4, 0x2f, 0xff,
    0xff, 0x0, 0x0, 0x0, 0xdf, 0xff, 0xf4, 0x2f,
    0xff, 0xff, 0x0, 0x0, 0x0, 0xdf, 0xff, 0xf4,
    0x2f, 0xff, 0xff, 0x0, 0x0, 0x0, 0xdf, 0xff,
    0xf4, 0x2f, 0xff, 0xff, 0x0, 0x0, 0x0, 0xdf,
    0xff, 0xf4, 0x2f, 0xff, 0xff, 0x0, 0x0, 0x0,
    0xdf, 0xff, 0xf4, 0x2f, 0xff, 0xff, 0x0, 0x0,
    0x0, 0xdf, 0xff, 0xf4,

    /* U+006F "o" */
    0x0, 0x0, 0x5, 0xad, 0xff, 0xeb, 0x71, 0x0,
    0x0, 0x0, 0x0, 0x2c, 0xff, 0xff, 0xff, 0xff,
    0xe6, 0x0, 0x0, 0x0, 0x3e, 0xff, 0xff, 0xff,
    0xff, 0xff, 0xf7, 0x0, 0x0, 0x1e, 0xff, 0xff,
    0xff, 0xff, 0xff, 0xff, 0xf4, 0x0, 0x9, 0xff,
    0xff, 0xf9, 0x44, 0x7e, 0xff, 0xff, 0xe0, 0x1,
    0xff, 0xff, 0xf6, 0x0, 0x0, 0x2f, 0xff, 0xff,
    0x60, 0x6f, 0xff, 0xfd, 0x0, 0x0, 0x0, 0x9f,
    0xff, 0xfb, 0x9, 0xff, 0xff, 0x90, 0x0, 0x0,
    0x3, 0xff, 0xff, 0xf0, 0xcf, 0xff, 0xf6, 0x0,
    0x0, 0x0, 0xf, 0xff, 0xff, 0x1d, 0xff, 0xff,
    0x40, 0x0, 0x0, 0x0, 0xff, 0xff, 0xf2, 0xdf,
    0xff, 0xf4, 0x0, 0x0, 0x0, 0xf, 0xff, 0xff,
    0x2b, 0xff, 0xff, 0x60, 0x0, 0x0, 0x0, 0xff,
    0xff, 0xf1, 0xaf, 0xff, 0xf8, 0x0, 0x0, 0x0,
    0x3f, 0xff, 0xff, 0x6, 0xff, 0xff, 0xe0, 0x0,
    0x0, 0x8, 0xff, 0xff, 0xb0, 0x1f, 0xff, 0xff,
    0x60, 0x0, 0x1, 0xef, 0xff, 0xf6, 0x0, 0x9f,
    0xff, 0xff, 0x94, 0x47, 0xef, 0xff, 0xfe, 0x0,
    0x1, 0xef, 0xff, 0xff, 0xff, 0xff, 0xff, 0xff,
    0x50, 0x0, 0x3, 0xff, 0xff, 0xff, 0xff, 0xff,
    0xff, 0x80, 0x0, 0x0, 0x3, 0xdf, 0xff, 0xff,
    0xff, 0xff, 0x60, 0x0, 0x0, 0x0, 0x0, 0x5a,
    0xdf, 0xfe, 0xb7, 0x10, 0x0, 0x0,

    /* U+0070 "p" */
    0xf, 0xff, 0xfb, 0x3, 0xae, 0xfe, 0xc7, 0x0,
    0x0, 0x0, 0xff, 0xff, 0xd7, 0xff, 0xff, 0xff,
    0xfd, 0x20, 0x0, 0xf, 0xff, 0xff, 0xff, 0xff,
    0xff, 0xff, 0xfe, 0x10, 0x0, 0xff, 0xff, 0xff,
    0xff, 0xff, 0xff, 0xff, 0xfa, 0x0, 0xf, 0xff,
    0xff, 0xfa, 0x54, 0x7e, 0xff, 0xff, 0xf2, 0x0,
    0xff, 0xff, 0xf7, 0x0, 0x0, 0x2f, 0xff, 0xff,
    0x70, 0xf, 0xff, 0xff, 0x0, 0x0, 0x0, 0x9f,
    0xff, 0xfb, 0x0, 0xff, 0xff, 0xf0, 0x0, 0x0,
    0x4, 0xff, 0xff, 0xe0, 0xf, 0xff, 0xff, 0x0,
    0x0, 0x0, 0x1f, 0xff, 0xff, 0x0, 0xff, 0xff,
    0xf0, 0x0, 0x0, 0x0, 0xff, 0xff, 0xf1, 0xf,
    0xff, 0xff, 0x0, 0x0, 0x0, 0xf, 0xff, 0xff,
    0x10, 0xff, 0xff, 0xf0, 0x0, 0x0, 0x1, 0xff,
    0xff, 0xf0, 0xf, 0xff, 0xff, 0x0, 0x0, 0x0,
    0x4f, 0xff, 0xfe, 0x0, 0xff, 0xff, 0xf0, 0x0,
    0x0, 0x8, 0xff, 0xff, 0xb0, 0xf, 0xff, 0xff,
    0x70, 0x0, 0x1, 0xff, 0xff, 0xf7, 0x0, 0xff,
    0xff, 0xff, 0xa5, 0x36, 0xef, 0xff, 0xff, 0x10,
    0xf, 0xff, 0xff, 0xff, 0xff, 0xff, 0xff, 0xff,
    0x90, 0x0, 0xff, 0xff, 0xff, 0xff, 0xff, 0xff,
    0xff, 0xd1, 0x0, 0xf, 0xff, 0xff, 0x6f, 0xff,
    0xff, 0xff, 0xd2, 0x0, 0x0, 0xff, 0xff, 0xf0,
    0x29, 0xdf, 0xec, 0x60, 0x0, 0x0, 0xf, 0xff,
    0xff, 0x0, 0x0, 0x0, 0x0, 0x0, 0x0, 0x0,
    0xff, 0xff, 0xf0, 0x0, 0x0, 0x0, 0x0, 0x0,
    0x0, 0xf, 0xff, 0xff, 0x0, 0x0, 0x0, 0x0,
    0x0, 0x0, 0x0, 0xff, 0xff, 0xf0, 0x0, 0x0,
    0x0, 0x0, 0x0, 0x0, 0xf, 0xff, 0xff, 0x0,
    0x0, 0x0, 0x0, 0x0, 0x0, 0x0, 0xff, 0xff,
    0xf0, 0x0, 0x0, 0x0, 0x0, 0x0, 0x0, 0xf,
    0xff, 0xff, 0x0, 0x0, 0x0, 0x0, 0x0, 0x0,
    0x0, 0xff, 0xff, 0xf0, 0x0, 0x0, 0x0, 0x0,
    0x0, 0x0,

    /* U+0071 "q" */
    0x0, 0x0, 0x4a, 0xef, 0xeb, 0x50, 0x3f, 0xff,
    0xf4, 0x0, 0xa, 0xff, 0xff, 0xff, 0xfb, 0x6f,
    0xff, 0xf4, 0x0, 0xbf, 0xff, 0xff, 0xff, 0xff,
    0xff, 0xff, 0xf4, 0x5, 0xff, 0xff, 0xff, 0xff,
    0xff, 0xff, 0xff, 0xf4, 0xd, 0xff, 0xff, 0xf8,
    0x44, 0x8f, 0xff, 0xff, 0xf4, 0x3f, 0xff, 0xff,
    0x50, 0x0, 0x3, 0xff, 0xff, 0xf4, 0x7f, 0xff,
    0xfd, 0x0, 0x0, 0x0, 0xcf, 0xff, 0xf4, 0xaf,
    0xff, 0xf8, 0x0, 0x0, 0x0, 0xcf, 0xff, 0xf4,
    0xcf, 0xff, 0xf5, 0x0, 0x0, 0x0, 0xcf, 0xff,
    0xf4, 0xdf, 0xff, 0xf4, 0x0, 0x0, 0x0, 0xcf,
    0xff, 0xf4, 0xdf, 0xff, 0xf4, 0x0, 0x0, 0x0,
    0xcf, 0xff, 0xf4, 0xcf, 0xff, 0xf6, 0x0, 0x0,
    0x0, 0xcf, 0xff, 0xf4, 0xaf, 0xff, 0xf8, 0x0,
    0x0, 0x0, 0xcf, 0xff, 0xf4, 0x7f, 0xff, 0xfd,
    0x0, 0x0, 0x0, 0xcf, 0xff, 0xf4, 0x3f, 0xff,
    0xff, 0x50, 0x0, 0x3, 0xff, 0xff, 0xf4, 0xd,
    0xff, 0xff, 0xf8, 0x44, 0x8f, 0xff, 0xff, 0xf4,
    0x4, 0xff, 0xff, 0xff, 0xff, 0xff, 0xff, 0xff,
    0xf4, 0x0, 0xaf, 0xff, 0xff, 0xff, 0xff, 0xff,
    0xff, 0xf4, 0x0, 0xa, 0xff, 0xff, 0xff, 0xf9,
    0xcf, 0xff, 0xf4, 0x0, 0x0, 0x4a, 0xef, 0xeb,
    0x40, 0xcf, 0xff, 0xf4, 0x0, 0x0, 0x0, 0x0,
    0x0, 0x0, 0xcf, 0xff, 0xf4, 0x0, 0x0, 0x0,
    0x0, 0x0, 0x0, 0xcf, 0xff, 0xf4, 0x0, 0x0,
    0x0, 0x0, 0x0, 0x0, 0xcf, 0xff, 0xf4, 0x0,
    0x0, 0x0, 0x0, 0x0, 0x0, 0xcf, 0xff, 0xf4,
    0x0, 0x0, 0x0, 0x0, 0x0, 0x0, 0xcf, 0xff,
    0xf4, 0x0, 0x0, 0x0, 0x0, 0x0, 0x0, 0xcf,
    0xff, 0xf4, 0x0, 0x0, 0x0, 0x0, 0x0, 0x0,
    0xcf, 0xff, 0xf4, 0x0, 0x0, 0x0, 0x0, 0x0,
    0x0, 0xcf, 0xff, 0xf4,

    /* U+0072 "r" */
    0xf, 0xff, 0xfc, 0x3, 0xbe, 0xfb, 0xf, 0xff,
    0xfd, 0x5f, 0xff, 0xfb, 0xf, 0xff, 0xff, 0xff,
    0xff, 0xfa, 0xf, 0xff, 0xff, 0xff, 0xff, 0xfa,
    0xf, 0xff, 0xff, 0xff, 0xff, 0xfa, 0xf, 0xff,
    0xff, 0xfa, 0x42, 0x22, 0xf, 0xff, 0xff, 0x70,
    0x0, 0x0, 0xf, 0xff, 0xff, 0x0, 0x0, 0x0,
    0xf, 0xff, 0xff, 0x0, 0x0, 0x0, 0xf, 0xff,
    0xff, 0x0, 0x0, 0x0, 0xf, 0xff, 0xff, 0x0,
    0x0, 0x0, 0xf, 0xff, 0xff, 0x0, 0x0, 0x0,
    0xf, 0xff, 0xff, 0x0, 0x0, 0x0, 0xf, 0xff,
    0xff, 0x0, 0x0, 0x0, 0xf, 0xff, 0xff, 0x0,
    0x0, 0x0, 0xf, 0xff, 0xff, 0x0, 0x0, 0x0,
    0xf, 0xff, 0xff, 0x0, 0x0, 0x0, 0xf, 0xff,
    0xff, 0x0, 0x0, 0x0, 0xf, 0xff, 0xff, 0x0,
    0x0, 0x0, 0xf, 0xff, 0xff, 0x0, 0x0, 0x0,

    /* U+0073 "s" */
    0x0, 0x0, 0x5, 0xad, 0xff, 0xec, 0x82, 0x0,
    0x0, 0x0, 0x2, 0xcf, 0xff, 0xff, 0xff, 0xff,
    0x80, 0x0, 0x0, 0x2e, 0xff, 0xff, 0xff, 0xff,
    0xff, 0xfb, 0x0, 0x0, 0xbf, 0xff, 0xff, 0xcc,
    0xef, 0xff, 0xff, 0x60, 0x2, 0xff, 0xff, 0xe2,
    0x0, 0xa, 0xff, 0xff, 0xd0, 0x5, 0xff, 0xff,
    0x80, 0x0, 0x1, 0xff, 0xff, 0xf0, 0x5, 0xff,
    0xff, 0xb0, 0x0, 0x0, 0x44, 0x44, 0x40, 0x2,
    0xff, 0xff, 0xfb, 0x40, 0x0, 0x0, 0x0, 0x0,
    0x0, 0xbf, 0xff, 0xff, 0xff, 0xc8, 0x30, 0x0,
    0x0, 0x0, 0x1c, 0xff, 0xff, 0xff, 0xff, 0xfd,
    0x50, 0x0, 0x0, 0x0, 0x6e, 0xff, 0xff, 0xff,
    0xff, 0xfb, 0x0, 0x0, 0x0, 0x0, 0x49, 0xdf,
    0xff, 0xff, 0xff, 0x80, 0x0, 0x0, 0x0, 0x0,
    0x1, 0x6d, 0xff, 0xff, 0xe0, 0x8, 0x88, 0x87,
    0x0, 0x0, 0x1, 0xef, 0xff, 0xf2, 0xe, 0xff,
    0xff, 0x10, 0x0, 0x0, 0xdf, 0xff, 0xf2, 0x9,
    0xff, 0xff, 0xc2, 0x0, 0x5, 0xff, 0xff, 0xf0,
    0x1, 0xff, 0xff, 0xff, 0xdc, 0xef, 0xff, 0xff,
    0x90, 0x0, 0x4f, 0xff, 0xff, 0xff, 0xff, 0xff,
    0xfd, 0x0, 0x0, 0x4, 0xef, 0xff, 0xff, 0xff,
    0xff, 0xa1, 0x0, 0x0, 0x0, 0x6, 0xae, 0xff,
    0xec, 0x83, 0x0, 0x0,

    /* U+0074 "t" */
    0x0, 0xf, 0xff, 0xff, 0x0, 0x0, 0x0, 0xf,
    0xff, 0xff, 0x0, 0x0, 0x0, 0xf, 0xff, 0xff,
    0x0, 0x0, 0x0, 0xf, 0xff, 0xff, 0x0, 0x0,
    0x0, 0xf, 0xff, 0xff, 0x0, 0x0, 0xdf, 0xff,
    0xff, 0xff, 0xff, 0xf4, 0xdf, 0xff, 0xff, 0xff,
    0xff, 0xf4, 0xdf, 0xff, 0xff, 0xff, 0xff, 0xf4,
    0xbd, 0xdf, 0xff, 0xff, 0xdd, 0xd3, 0x0, 0xf,
    0xff, 0xff, 0x0, 0x0, 0x0, 0xf, 0xff, 0xff,
    0x0, 0x0, 0x0, 0xf, 0xff, 0xff, 0x0, 0x0,
    0x0, 0xf, 0xff, 0xff, 0x0, 0x0, 0x0, 0xf,
    0xff, 0xff, 0x0, 0x0, 0x0, 0xf, 0xff, 0xff,
    0x0, 0x0, 0x0, 0xf, 0xff, 0xff, 0x0, 0x0,
    0x0, 0xf, 0xff, 0xff, 0x0, 0x0, 0x0, 0xf,
    0xff, 0xff, 0x0, 0x0, 0x0, 0xf, 0xff, 0xff,
    0x0, 0x0, 0x0, 0xf, 0xff, 0xff, 0x20, 0x0,
    0x0, 0xf, 0xff, 0xff, 0xc5, 0x53, 0x0, 0xb,
    0xff, 0xff, 0xff, 0xf7, 0x0, 0x6, 0xff, 0xff,
    0xff, 0xf7, 0x0, 0x0, 0xaf, 0xff, 0xff, 0xf7,
    0x0, 0x0, 0x5, 0xbe, 0xfe, 0xc4,

    /* U+0075 "u" */
    0x2f, 0xff, 0xfe, 0x0, 0x0, 0x0, 0xdf, 0xff,
    0xf4, 0x2f, 0xff, 0xfe, 0x0, 0x0, 0x0, 0xdf,
    0xff, 0xf4, 0x2f, 0xff, 0xfe, 0x0, 0x0, 0x0,
    0xdf, 0xff, 0xf4, 0x2f, 0xff, 0xfe, 0x0, 0x0,
    0x0, 0xdf, 0xff, 0xf4, 0x2f, 0xff, 0xfe, 0x0,
    0x0, 0x0, 0xdf, 0xff, 0xf4, 0x2f, 0xff, 0xfe,
    0x0, 0x0, 0x0, 0xdf, 0xff, 0xf4, 0x2f, 0xff,
    0xfe, 0x0, 0x0, 0x0, 0xdf, 0xff, 0xf4, 0x2f,
    0xff, 0xfe, 0x0, 0x0, 0x0, 0xdf, 0xff, 0xf4,
    0x2f, 0xff, 0xfe, 0x0, 0x0, 0x0, 0xdf, 0xff,
    0xf4, 0x2f, 0xff, 0xfe, 0x0, 0x0, 0x0, 0xdf,
    0xff, 0xf4, 0x2f, 0xff, 0xfe, 0x0, 0x0, 0x0,
    0xdf, 0xff, 0xf4, 0x2f, 0xff, 0xfe, 0x0, 0x0,
    0x0, 0xdf, 0xff, 0xf4, 0x2f, 0xff, 0xfe, 0x0,
    0x0, 0x0, 0xdf, 0xff, 0xf4, 0x1f, 0xff, 0xff,
    0x0, 0x0, 0x0, 0xdf, 0xff, 0xf4, 0xf, 0xff,
    0xff, 0x50, 0x0, 0x5, 0xff, 0xff, 0xf4, 0xd,
    0xff, 0xff, 0xf8, 0x45, 0xaf, 0xff, 0xff, 0xf4,
    0x8, 0xff, 0xff, 0xff, 0xff, 0xff, 0xff, 0xff,
    0xf4, 0x1, 0xef, 0xff, 0xff, 0xff, 0xff, 0xff,
    0xff, 0xf4, 0x0, 0x3e, 0xff, 0xff, 0xff, 0xf9,
    0x9f, 0xff, 0xf4, 0x0, 0x1, 0x8c, 0xff, 0xea,
    0x30, 0x8f, 0xff, 0xf4,

    /* U+0076 "v" */
    0x9f, 0xff, 0xfb, 0x0, 0x0, 0x0, 0x8f, 0xff,
    0xfb, 0x4f, 0xff, 0xff, 0x0, 0x0, 0x0, 0xcf,
    0xff, 0xf6, 0xf, 0xff, 0xff, 0x30, 0x0, 0x0,
    0xff, 0xff, 0xf1, 0xa, 0xff, 0xff, 0x70, 0x0,
    0x4, 0xff, 0xff, 0xc0, 0x5, 0xff, 0xff, 0xb0,
    0x0, 0x9, 0xff, 0xff, 0x70, 0x0, 0xff, 0xff,
    0xf0, 0x0, 0xd, 0xff, 0xff, 0x20, 0x0, 0xaf,
    0xff, 0xf4, 0x0, 0x1f, 0xff, 0xfd, 0x0, 0x0,
    0x5f, 0xff, 0xf8, 0x0, 0x5f, 0xff, 0xf8, 0x0,
    0x0, 0xf, 0xff, 0xfc, 0x0, 0x9f, 0xff, 0xf2,
    0x0, 0x0, 0xb, 0xff, 0xff, 0x10, 0xef, 0xff,
    0xd0, 0x0, 0x0, 0x6, 0xff, 0xff, 0x52, 0xff,
    0xff, 0x80, 0x0, 0x0, 0x1, 0xff, 0xff, 0x96,
    0xff, 0xff, 0x30, 0x0, 0x0, 0x0, 0xcf, 0xff,
    0xda, 0xff, 0xfe, 0x0, 0x0, 0x0, 0x0, 0x6f,
    0xff, 0xff, 0xff, 0xf9, 0x0, 0x0, 0x0, 0x0,
    0x1f, 0xff, 0xff, 0xff, 0xf4, 0x0, 0x0, 0x0,
    0x0, 0xc, 0xff, 0xff, 0xff, 0xe0, 0x0, 0x0,
    0x0, 0x0, 0x7, 0xff, 0xff, 0xff, 0x90, 0x0,
    0x0, 0x0, 0x0, 0x2, 0xff, 0xff, 0xff, 0x40,
    0x0, 0x0, 0x0, 0x0, 0x0, 0xdf, 0xff, 0xff,
    0x0, 0x0, 0x0, 0x0, 0x0, 0x0, 0x8f, 0xff,
    0xfa, 0x0, 0x0, 0x0,

    /* U+0077 "w" */
    0x6f, 0xff, 0xf7, 0x0, 0x0, 0xc, 0xff, 0xf2,
    0x0, 0x0, 0x1f, 0xff, 0xfc, 0x2f, 0xff, 0xfa,
    0x0, 0x0, 0x1f, 0xff, 0xf7, 0x0, 0x0, 0x4f,
    0xff, 0xf8, 0xe, 0xff, 0xfe, 0x0, 0x0, 0x5f,
    0xff, 0xfb, 0x0, 0x0, 0x8f, 0xff, 0xf4, 0xa,
    0xff, 0xff, 0x10, 0x0, 0x9f, 0xff, 0xff, 0x0,
    0x0, 0xbf, 0xff, 0xf0, 0x6, 0xff, 0xff, 0x40,
    0x0, 0xdf, 0xff, 0xff, 0x40, 0x0, 0xef, 0xff,
    0xc0, 0x2, 0xff, 0xff, 0x70, 0x2, 0xff, 0xff,
    0xff, 0x80, 0x1, 0xff, 0xff, 0x80, 0x0, 0xef,
    0xff, 0xa0, 0x6, 0xff, 0xff, 0xff, 0xd0, 0x4,
    0xff, 0xff, 0x50, 0x0, 0xbf, 0xff, 0xd0, 0xa,
    0xff, 0xfe, 0xff, 0xf1, 0x7, 0xff, 0xff, 0x10,
    0x0, 0x7f, 0xff, 0xf1, 0xe, 0xff, 0xd8, 0xff,
    0xf5, 0xa, 0xff, 0xfd, 0x0, 0x0, 0x3f, 0xff,
    0xf4, 0x3f, 0xff, 0x93, 0xff, 0xfa, 0xd, 0xff,
    0xf9, 0x0, 0x0, 0xf, 0xff, 0xf7, 0x7f, 0xff,
    0x40, 0xef, 0xfe, 0x1f, 0xff, 0xf5, 0x0, 0x0,
    0xb, 0xff, 0xfa, 0xcf, 0xff, 0x0, 0xaf, 0xff,
    0x7f, 0xff, 0xf1, 0x0, 0x0, 0x7, 0xff, 0xfe,
    0xff, 0xfb, 0x0, 0x5f, 0xff, 0xef, 0xff, 0xd0,
    0x0, 0x0, 0x3, 0xff, 0xff, 0xff, 0xf7, 0x0,
    0x1f, 0xff, 0xff, 0xff, 0xa0, 0x0, 0x0, 0x0,
    0xff, 0xff, 0xff, 0xf2, 0x0, 0xc, 0xff, 0xff,
    0xff, 0x60, 0x0, 0x0, 0x0, 0xcf, 0xff, 0xff,
    0xd0, 0x0, 0x7, 0xff, 0xff, 0xff, 0x20, 0x0,
    0x0, 0x0, 0x8f, 0xff, 0xff, 0x90, 0x0, 0x3,
    0xff, 0xff, 0xfe, 0x0, 0x0, 0x0, 0x0, 0x4f,
    0xff, 0xff, 0x40, 0x0, 0x0, 0xef, 0xff, 0xfa,
    0x0, 0x0, 0x0, 0x0, 0xf, 0xff, 0xff, 0x0,
    0x0, 0x0, 0x9f, 0xff, 0xf6, 0x0, 0x0, 0x0,
    0x0, 0xc, 0xff, 0xfb, 0x0, 0x0, 0x0, 0x5f,
    0xff, 0xf2, 0x0, 0x0,

    /* U+0078 "x" */
    0x2f, 0xff, 0xff, 0x50, 0x0, 0x0, 0xdf, 0xff,
    0xf8, 0x0, 0x9f, 0xff, 0xfd, 0x0, 0x0, 0x6f,
    0xff, 0xfe, 0x10, 0x1, 0xef, 0xff, 0xf6, 0x0,
    0xe, 0xff, 0xff, 0x70, 0x0, 0x7, 0xff, 0xff,
    0xe0, 0x7, 0xff, 0xff, 0xd0, 0x0, 0x0, 0xd,
    0xff, 0xff, 0x61, 0xff, 0xff, 0xf5, 0x0, 0x0,
    0x0, 0x5f, 0xff, 0xfe, 0x9f, 0xff, 0xfc, 0x0,
    0x0, 0x0, 0x0, 0xcf, 0xff, 0xff, 0xff, 0xff,
    0x30, 0x0, 0x0, 0x0, 0x3, 0xff, 0xff, 0xff,
    0xff, 0xa0, 0x0, 0x0, 0x0, 0x0, 0xa, 0xff,
    0xff, 0xff, 0xf2, 0x0, 0x0, 0x0, 0x0, 0x0,
    0x2f, 0xff, 0xff, 0xf9, 0x0, 0x0, 0x0, 0x0,
    0x0, 0x5, 0xff, 0xff, 0xff, 0xc0, 0x0, 0x0,
    0x0, 0x0, 0x0, 0xef, 0xff, 0xff, 0xff, 0x50,
    0x0, 0x0, 0x0, 0x0, 0x7f, 0xff, 0xff, 0xff,
    0xfe, 0x0, 0x0, 0x0, 0x0, 0x1f, 0xff, 0xff,
    0xff, 0xff, 0xf7, 0x0, 0x0, 0x0, 0x9, 0xff,
    0xff, 0xc5, 0xff, 0xff, 0xe1, 0x0, 0x0, 0x2,
    0xff, 0xff, 0xf4, 0xc, 0xff, 0xff, 0x80, 0x0,
    0x0, 0xaf, 0xff, 0xfb, 0x0, 0x4f, 0xff, 0xff,
    0x20, 0x0, 0x3f, 0xff, 0xff, 0x30, 0x0, 0xbf,
    0xff, 0xfa, 0x0, 0xc, 0xff, 0xff, 0xa0, 0x0,
    0x3, 0xff, 0xff, 0xf3, 0x5, 0xff, 0xff, 0xf2,
    0x0, 0x0, 0xa, 0xff, 0xff, 0xc0,

    /* U+0079 "y" */
    0xcf, 0xff, 0xfa, 0x0, 0x0, 0x0, 0x8f, 0xff,
    0xfd, 0x6, 0xff, 0xff, 0xf0, 0x0, 0x0, 0xd,
    0xff, 0xff, 0x80, 0x1f, 0xff, 0xff, 0x30, 0x0,
    0x1, 0xff, 0xff, 0xf2, 0x0, 0xcf, 0xff, 0xf8,
    0x0, 0x0, 0x6f, 0xff, 0xfd, 0x0, 0x6, 0xff,
    0xff, 0xc0, 0x0, 0xa, 0xff, 0xff, 0x80, 0x0,
    0x1f, 0xff, 0xff, 0x10, 0x0, 0xff, 0xff, 0xf3,
    0x0, 0x0, 0xcf, 0xff, 0xf6, 0x0, 0x3f, 0xff,
    0xfd, 0x0, 0x0, 0x6, 0xff, 0xff, 0xa0, 0x8,
    0xff, 0xff, 0x80, 0x0, 0x0, 0x1f, 0xff, 0xfe,
    0x0, 0xcf, 0xff, 0xf3, 0x0, 0x0, 0x0, 0xcf,
    0xff, 0xf3, 0x1f, 0xff, 0xfd, 0x0, 0x0, 0x0,
    0x6, 0xff, 0xff, 0x85, 0xff, 0xff, 0x80, 0x0,
    0x0, 0x0, 0x1f, 0xff, 0xfc, 0xaf, 0xff, 0xf3,
    0x0, 0x0, 0x0, 0x0, 0xcf, 0xff, 0xff, 0xff,
    0xfd, 0x0, 0x0, 0x0, 0x0, 0x7, 0xff, 0xff,
    0xff, 0xff, 0x80, 0x0, 0x0, 0x0, 0x0, 0x1f,
    0xff, 0xff, 0xff, 0xf3, 0x0, 0x0, 0x0, 0x0,
    0x0, 0xcf, 0xff, 0xff, 0xfd, 0x0, 0x0, 0x0,
    0x0, 0x0, 0x7, 0xff, 0xff, 0xff, 0x80, 0x0,
    0x0, 0x0, 0x0, 0x0, 0x1f, 0xff, 0xff, 0xf3,
    0x0, 0x0, 0x0, 0x0, 0x0, 0x0, 0xcf, 0xff,
    0xfe, 0x0, 0x0, 0x0, 0x0, 0x0, 0x0, 0x7,
    0xff, 0xff, 0x80, 0x0, 0x0, 0x0, 0x0, 0x0,
    0x0, 0x6f, 0xff, 0xf3, 0x0, 0x0, 0x0, 0x0,
    0x0, 0x0, 0xc, 0xff, 0xfe, 0x0, 0x0, 0x0,
    0x0, 0x0, 0x0, 0x5, 0xff, 0xff, 0x80, 0x0,
    0x0, 0x0, 0x0, 0x4, 0x58, 0xff, 0xff, 0xf2,
    0x0, 0x0, 0x0, 0x0, 0x0, 0xef, 0xff, 0xff,
    0xfb, 0x0, 0x0, 0x0, 0x0, 0x0, 0xe, 0xff,
    0xff, 0xff, 0x20, 0x0, 0x0, 0x0, 0x0, 0x0,
    0xef, 0xff, 0xff, 0x50, 0x0, 0x0, 0x0, 0x0,
    0x0, 0xb, 0xef, 0xd9, 0x20, 0x0, 0x0, 0x0,
    0x0, 0x0,

    /* U+007A "z" */
    0x6f, 0xff, 0xff, 0xff, 0xff, 0xff, 0xff, 0xfd,
    0x6, 0xff, 0xff, 0xff, 0xff, 0xff, 0xff, 0xff,
    0xd0, 0x6f, 0xff, 0xff, 0xff, 0xff, 0xff, 0xff,
    0xfd, 0x6, 0xff, 0xff, 0xff, 0xff, 0xff, 0xff,
    0xff, 0x80, 0x13, 0x33, 0x33, 0x33, 0x4f, 0xff,
    0xff, 0xc0, 0x0, 0x0, 0x0, 0x0, 0xa, 0xff,
    0xff, 0xf2, 0x0, 0x0, 0x0, 0x0, 0x5, 0xff,
    0xff, 0xf6, 0x0, 0x0, 0x0, 0x0, 0x1, 0xef,
    0xff, 0xfa, 0x0, 0x0, 0x0, 0x0, 0x0, 0xcf,
    0xff, 0xfe, 0x10, 0x0, 0x0, 0x0, 0x0, 0x7f,
    0xff, 0xff, 0x40, 0x0, 0x0, 0x0, 0x0, 0x3f,
    0xff, 0xff, 0x80, 0x0, 0x0, 0x0, 0x0, 0xd,
    0xff, 0xff, 0xc0, 0x0, 0x0, 0x0, 0x0, 0xa,
    0xff, 0xff, 0xf2, 0x0, 0x0, 0x0, 0x0, 0x5,
    0xff, 0xff, 0xf6, 0x0, 0x0, 0x0, 0x0, 0x1,
    0xff, 0xff, 0xfa, 0x0, 0x0, 0x0, 0x0, 0x0,
    0xcf, 0xff, 0xff, 0x43, 0x33, 0x33, 0x33, 0x30,
    0x7f, 0xff, 0xff, 0xff, 0xff, 0xff, 0xff, 0xff,
    0x1b, 0xff, 0xff, 0xff, 0xff, 0xff, 0xff, 0xff,
    0xf1, 0xbf, 0xff, 0xff, 0xff, 0xff, 0xff, 0xff,
    0xff, 0x1b, 0xff, 0xff, 0xff, 0xff, 0xff, 0xff,
    0xff, 0xf1,

    /* U+007B "{" */
    0x0, 0x0, 0x0, 0x0, 0x5, 0x30, 0x0, 0x0,
    0x0, 0x6, 0xef, 0xa0, 0x0, 0x0, 0x0, 0xaf,
    0xff, 0xf0, 0x0, 0x0, 0x8, 0xff, 0xff, 0xb1,
    0x0, 0x0, 0x1f, 0xff, 0xfa, 0x0, 0x0, 0x0,
    0x7f, 0xff, 0xf1, 0x0, 0x0, 0x0, 0xcf, 0xff,
    0xc0, 0x0, 0x0, 0x0, 0xff, 0xff, 0xa0, 0x0,
    0x0, 0x0, 0xff, 0xff, 0x90, 0x0, 0x0, 0x0,
    0xff, 0xff, 0x80, 0x0, 0x0, 0x0, 0xff, 0xff,
    0x80, 0x0, 0x0, 0x0, 0xff, 0xff, 0x80, 0x0,
    0x0, 0x0, 0xff, 0xff, 0x80, 0x0, 0x0, 0x2,
    0xff, 0xff, 0x60, 0x0, 0x0, 0x6, 0xff, 0xff,
    0x40, 0x0, 0x0, 0x3e, 0xff, 0xfe, 0x0, 0x0,
    0x1d, 0xff, 0xff, 0xf4, 0x0, 0x0, 0x2f, 0xff,
    0xfe, 0x50, 0x0, 0x0, 0x2f, 0xff, 0xfd, 0x20,
    0x0, 0x0, 0x2f, 0xff, 0xff, 0xf2, 0x0, 0x0,
    0x1, 0x7f, 0xff, 0xfc, 0x0, 0x0, 0x0, 0x8,
    0xff, 0xff, 0x20, 0x0, 0x0, 0x3, 0xff, 0xff,
    0x60, 0x0, 0x0, 0x1, 0xff, 0xff, 0x80, 0x0,
    0x0, 0x0, 0xff, 0xff, 0x80, 0x0, 0x0, 0x0,
    0xff, 0xff, 0x80, 0x0, 0x0, 0x0, 0xff, 0xff,
    0x80, 0x0, 0x0, 0x0, 0xff, 0xff, 0x80, 0x0,
    0x0, 0x0, 0xff, 0xff, 0xa0, 0x0, 0x0, 0x0,
    0xdf, 0xff, 0xc0, 0x0, 0x0, 0x0, 0x9f, 0xff,
    0xf0, 0x0, 0x0, 0x0, 0x3f, 0xff, 0xf7, 0x0,
    0x0, 0x0, 0xa, 0xff, 0xff, 0x70, 0x0, 0x0,
    0x1, 0xdf, 0xff, 0xf1, 0x0, 0x0, 0x0, 0x1a,
    0xff, 0xc0, 0x0, 0x0, 0x0, 0x0, 0x39, 0x50,

    /* U+007C "|" */
    0xff, 0xf2, 0xff, 0xf2, 0xff, 0xf2, 0xff, 0xf2,
    0xff, 0xf2, 0xff, 0xf2, 0xff, 0xf2, 0xff, 0xf2,
    0xff, 0xf2, 0xff, 0xf2, 0xff, 0xf2, 0xff, 0xf2,
    0xff, 0xf2, 0xff, 0xf2, 0xff, 0xf2, 0xff, 0xf2,
    0xff, 0xf2, 0xff, 0xf2, 0xff, 0xf2, 0xff, 0xf2,
    0xff, 0xf2, 0xff, 0xf2, 0xff, 0xf2, 0xff, 0xf2,
    0xff, 0xf2, 0xff, 0xf2, 0xff, 0xf2, 0xff, 0xf2,
    0xff, 0xf2, 0xff, 0xf2, 0xff, 0xf2, 0x45, 0x50,

    /* U+007D "}" */
    0x4, 0x40, 0x0, 0x0, 0x0, 0x0, 0xc, 0xfd,
    0x50, 0x0, 0x0, 0x0, 0x2f, 0xff, 0xf8, 0x0,
    0x0, 0x0, 0x2c, 0xff, 0xff, 0x60, 0x0, 0x0,
    0x0, 0xbf, 0xff, 0xe0, 0x0, 0x0, 0x0, 0x3f,
    0xff, 0xf5, 0x0, 0x0, 0x0, 0xe, 0xff, 0xfa,
    0x0, 0x0, 0x0, 0xc, 0xff, 0xfd, 0x0, 0x0,
    0x0, 0xa, 0xff, 0xfe, 0x0, 0x0, 0x0, 0xa,
    0xff, 0xfe, 0x0, 0x0, 0x0, 0xa, 0xff, 0xfe,
    0x0, 0x0, 0x0, 0xa, 0xff, 0xfe, 0x0, 0x0,
    0x0, 0xa, 0xff, 0xfe, 0x0, 0x0, 0x0, 0x8,
    0xff, 0xff, 0x0, 0x0, 0x0, 0x5, 0xff, 0xff,
    0x40, 0x0, 0x0, 0x0, 0xff, 0xff, 0xd2, 0x0,
    0x0, 0x0, 0x5f, 0xff, 0xff, 0xd0, 0x0, 0x0,
    0x6, 0xff, 0xff, 0xf0, 0x0, 0x0, 0x2, 0xdf,
    0xff, 0xf0, 0x0, 0x0, 0x3f, 0xff, 0xff, 0xf0,
    0x0, 0x0, 0xdf, 0xff, 0xf6, 0x10, 0x0, 0x4,
    0xff, 0xff, 0x60, 0x0, 0x0, 0x8, 0xff, 0xff,
    0x10, 0x0, 0x0, 0x9, 0xff, 0xff, 0x0, 0x0,
    0x0, 0xa, 0xff, 0xfe, 0x0, 0x0, 0x0, 0xa,
    0xff, 0xfe, 0x0, 0x0, 0x0, 0xa, 0xff, 0xfe,
    0x0, 0x0, 0x0, 0xa, 0xff, 0xfe, 0x0, 0x0,
    0x0, 0xb, 0xff, 0xfd, 0x0, 0x0, 0x0, 0xd,
    0xff, 0xfa, 0x0, 0x0, 0x0, 0x2f, 0xff, 0xf7,
    0x0, 0x0, 0x0, 0x9f, 0xff, 0xf1, 0x0, 0x0,
    0x8, 0xff, 0xff, 0x80, 0x0, 0x0, 0x3f, 0xff,
    0xfc, 0x0, 0x0, 0x0, 0xe, 0xff, 0x90, 0x0,
    0x0, 0x0, 0x7, 0x82, 0x0, 0x0, 0x0, 0x0,

    /* U+007E "~" */
    0x0, 0x0, 0x2, 0x43, 0x0, 0x0, 0x0, 0x0,
    0x0, 0x0, 0x0, 0x0, 0x3d, 0xff, 0xff, 0x80,
    0x0, 0x0, 0x3, 0xaa, 0xa4, 0x0, 0x4f, 0xff,
    0xff, 0xff, 0xc1, 0x0, 0x0, 0x7f, 0xff, 0x60,
    0x1e, 0xff, 0xff, 0xff, 0xff, 0xd2, 0x0, 0xd,
    0xff, 0xf4, 0x7, 0xff, 0xff, 0xff, 0xff, 0xff,
    0xf8, 0x5b, 0xff, 0xff, 0x0, 0xcf, 0xff, 0xb1,
    0x18, 0xff, 0xff, 0xff, 0xff, 0xff, 0xa0, 0xf,
    0xff, 0xf1, 0x0, 0x5, 0xff, 0xff, 0xff, 0xff,
    0xf2, 0x1, 0xff, 0xfb, 0x0, 0x0, 0x4, 0xef,
    0xff, 0xff, 0xf4, 0x0, 0x4, 0x44, 0x30, 0x0,
    0x0, 0x1, 0x9d, 0xfe, 0xa2, 0x0, 0x0,

    /* U+0390 "ΐ" */
    0x0, 0x0, 0x0, 0x7, 0xff, 0xfe, 0x0, 0x0,
    0x0, 0x0, 0x0, 0x0, 0x8f, 0xff, 0x80, 0x0,
    0x0, 0x0, 0x0, 0x0, 0xa, 0xff, 0xf1, 0x0,
    0x0, 0x0, 0x0, 0x0, 0x0, 0xcf, 0xf9, 0x0,
    0x0, 0x0, 0x0, 0x0, 0x0, 0xe, 0xff, 0x20,
    0x0, 0x0, 0x0, 0x0, 0x0, 0x0, 0xff, 0xb0,
    0x0, 0x0, 0x0, 0x8, 0xee, 0x60, 0x0, 0x0,
    0x0, 0x9f, 0xd4, 0x4, 0xff, 0xff, 0x30, 0x0,
    0x0, 0x7f, 0xff, 0xf0, 0x6f, 0xff, 0xf5, 0x0,
    0x0, 0x9, 0xff, 0xff, 0x22, 0xff, 0xfe, 0x10,
    0x0, 0x0, 0x4f, 0xff, 0xc0, 0x2, 0x88, 0x10,
    0x0, 0x0, 0x0, 0x38, 0x70, 0x0, 0x0, 0x0,
    0x0, 0x0, 0x0, 0x0, 0x0, 0x0, 0x0, 0x0,
    0x9, 0xff, 0xff, 0x80, 0x0, 0x0, 0x0, 0x0,
    0x0, 0x9f, 0xff, 0xf8, 0x0, 0x0, 0x0, 0x0,
    0x0, 0x9, 0xff, 0xff, 0x80, 0x0, 0x0, 0x0,
    0x0, 0x0, 0x9f, 0xff, 0xf8, 0x0, 0x0, 0x0,
    0x0, 0x0, 0x9, 0xff, 0xff, 0x80, 0x0, 0x0,
    0x0, 0x0, 0x0, 0x9f, 0xff, 0xf8, 0x0, 0x0,
    0x0, 0x0, 0x0, 0x9, 0xff, 0xff, 0x80, 0x0,
    0x0, 0x0, 0x0, 0x0, 0x9f, 0xff, 0xf8, 0x0,
    0x0, 0x0, 0x0, 0x0, 0x9, 0xff, 0xff, 0x80,
    0x0, 0x0, 0x0, 0x0, 0x0, 0x9f, 0xff, 0xf8,
    0x0, 0x0, 0x0, 0x0, 0x0, 0x9, 0xff, 0xff,
    0x80, 0x0, 0x0, 0x0, 0x0, 0x0, 0x9f, 0xff,
    0xf8, 0x0, 0x0, 0x0, 0x0, 0x0, 0x9, 0xff,
    0xff, 0x80, 0x0, 0x0, 0x0, 0x0, 0x0, 0x9f,
    0xff, 0xf8, 0x0, 0x0, 0x0, 0x0, 0x0, 0x8,
    0xff, 0xff, 0xa0, 0x0, 0x0, 0x0, 0x0, 0x0,
    0x7f, 0xff, 0xff, 0x85, 0x60, 0x0, 0x0, 0x0,
    0x4, 0xff, 0xff, 0xff, 0xff, 0x0, 0x0, 0x0,
    0x0, 0xe, 0xff, 0xff, 0xff, 0xf0, 0x0, 0x0,
    0x0, 0x0, 0x3f, 0xff, 0xff, 0xff, 0x0, 0x0,
    0x0, 0x0, 0x0, 0x29, 0xdf, 0xfd, 0x90, 0x0,

    /* U+0391 "Α" */
    0x0, 0x0, 0x0, 0x0, 0x8, 0xff, 0xff, 0xb0,
    0x0, 0x0, 0x0, 0x0, 0x0, 0x0, 0x0, 0x0,
    0x0, 0xdf, 0xff, 0xff, 0x10, 0x0, 0x0, 0x0,
    0x0, 0x0, 0x0, 0x0, 0x0, 0x3f, 0xff, 0xff,
    0xf7, 0x0, 0x0, 0x0, 0x0, 0x0, 0x0, 0x0,
    0x0, 0x9, 0xff, 0xff, 0xff, 0xd0, 0x0, 0x0,
    0x0, 0x0, 0x0, 0x0, 0x0, 0x0, 0xff, 0xff,
    0xff, 0xff, 0x30, 0x0, 0x0, 0x0, 0x0, 0x0,
    0x0, 0x0, 0x5f, 0xff, 0xff, 0xff, 0xf9, 0x0,
    0x0, 0x0, 0x0, 0x0, 0x0, 0x0, 0xb, 0xff,
    0xff, 0xef, 0xff, 0xe0, 0x0, 0x0, 0x0, 0x0,
    0x0, 0x0, 0x1, 0xff, 0xff, 0xc8, 0xff, 0xff,
    0x50, 0x0, 0x0, 0x0, 0x0, 0x0, 0x0, 0x7f,
    0xff, 0xf6, 0x2f, 0xff, 0xfb, 0x0, 0x0, 0x0,
    0x0, 0x0, 0x0, 0xd, 0xff, 0xff, 0x10, 0xdf,
    0xff, 0xf1, 0x0, 0x0, 0x0, 0x0, 0x0, 0x2,
    0xff, 0xff, 0xc0, 0x8, 0xff, 0xff, 0x60, 0x0,
    0x0, 0x0, 0x0, 0x0, 0x8f, 0xff, 0xf6, 0x0,
    0x2f, 0xff, 0xfc, 0x0, 0x0, 0x0, 0x0, 0x0,
    0xe, 0xff, 0xff, 0x10, 0x0, 0xdf, 0xff, 0xf2,
    0x0, 0x0, 0x0, 0x0, 0x4, 0xff, 0xff, 0xb0,
    0x0, 0x8, 0xff, 0xff, 0x80, 0x0, 0x0, 0x0,
    0x0, 0xaf, 0xff, 0xf6, 0x0, 0x0, 0x2f, 0xff,
    0xfe, 0x0, 0x0, 0x0, 0x0, 0xf, 0xff, 0xff,
    0x10, 0x0, 0x0, 0xdf, 0xff, 0xf4, 0x0, 0x0,
    0x0, 0x6, 0xff, 0xff, 0xff, 0xff, 0xff, 0xff,
    0xff, 0xff, 0xa0, 0x0, 0x0, 0x0, 0xbf, 0xff,
    0xff, 0xff, 0xff, 0xff, 0xff, 0xff, 0xff, 0x0,
    0x0, 0x0, 0x1f, 0xff, 0xff, 0xff, 0xff, 0xff,
    0xff, 0xff, 0xff, 0xf6, 0x0, 0x0, 0x7, 0xff,
    0xff, 0xff, 0xff, 0xff, 0xff, 0xff, 0xff, 0xff,
    0xb0, 0x0, 0x0, 0xdf, 0xff, 0xfa, 0x66, 0x66,
    0x66, 0x66, 0x8f, 0xff, 0xff, 0x10, 0x0, 0x3f,
    0xff, 0xff, 0x20, 0x0, 0x0, 0x0, 0x0, 0xef,
    0xff, 0xf7, 0x0, 0x9, 0xff, 0xff, 0xd0, 0x0,
    0x0, 0x0, 0x0, 0x9, 0xff, 0xff, 0xd0, 0x0,
    0xef, 0xff, 0xf8, 0x0, 0x0, 0x0, 0x0, 0x0,
    0x4f, 0xff, 0xff, 0x30, 0x5f, 0xff, 0xff, 0x30,
    0x0, 0x0, 0x0, 0x0, 0x0, 0xff, 0xff, 0xf9,
    0xa, 0xff, 0xff, 0xe0, 0x0, 0x0, 0x0, 0x0,
    0x0, 0xa, 0xff, 0xff, 0xe0,

    /* U+0392 "Β" */
    0xbf, 0xff, 0xff, 0xff, 0xff, 0xed, 0xb7, 0x20,
    0x0, 0x0, 0xbf, 0xff, 0xff, 0xff, 0xff, 0xff,
    0xff, 0xfa, 0x10, 0x0, 0xbf, 0xff, 0xff, 0xff,
    0xff, 0xff, 0xff, 0xff, 0xe2, 0x0, 0xbf, 0xff,
    0xff, 0xff, 0xff, 0xff, 0xff, 0xff, 0xfc, 0x0,
    0xbf, 0xff, 0xfc, 0x77, 0x77, 0x9d, 0xff, 0xff,
    0xff, 0x40, 0xbf, 0xff, 0xf9, 0x0, 0x0, 0x0,
    0x6f, 0xff, 0xff, 0x90, 0xbf, 0xff, 0xf9, 0x0,
    0x0, 0x0, 0xc, 0xff, 0xff, 0xa0, 0xbf, 0xff,
    0xf9, 0x0, 0x0, 0x0, 0x9, 0xff, 0xff, 0xb0,
    0xbf, 0xff, 0xf9, 0x0, 0x0, 0x0, 0xa, 0xff,
    0xff, 0x90, 0xbf, 0xff, 0xf9, 0x0, 0x0, 0x0,
    0x1e, 0xff, 0xff, 0x40, 0xbf, 0xff, 0xf9, 0x0,
    0x0, 0x15, 0xdf, 0xff, 0xfc, 0x0, 0xbf, 0xff,
    0xff, 0xff, 0xff, 0xff, 0xff, 0xff, 0xe2, 0x0,
    0xbf, 0xff, 0xff, 0xff, 0xff, 0xff, 0xff, 0xfa,
    0x10, 0x0, 0xbf, 0xff, 0xff, 0xff, 0xff, 0xff,
    0xff, 0xff, 0xa1, 0x0, 0xbf, 0xff, 0xff, 0xee,
    0xee, 0xef, 0xff, 0xff, 0xfe, 0x10, 0xbf, 0xff,
    0xf9, 0x0, 0x0, 0x0, 0x6f, 0xff, 0xff, 0x80,
    0xbf, 0xff, 0xf9, 0x0, 0x0, 0x0, 0x6, 0xff,
    0xff, 0xf0, 0xbf, 0xff, 0xf9, 0x0, 0x0, 0x0,
    0x1, 0xff, 0xff, 0xf2, 0xbf, 0xff, 0xf9, 0x0,
    0x0, 0x0, 0x0, 0xff, 0xff, 0xf4, 0xbf, 0xff,
    0xf9, 0x0, 0x0, 0x0, 0x3, 0xff, 0xff, 0xf3,
    0xbf, 0xff, 0xf9, 0x0, 0x0, 0x0, 0xc, 0xff,
    0xff, 0xf1, 0xbf, 0xff, 0xfb, 0x66, 0x66, 0x68,
    0xef, 0xff, 0xff, 0xc0, 0xbf, 0xff, 0xff, 0xff,
    0xff, 0xff, 0xff, 0xff, 0xff, 0x40, 0xbf, 0xff,
    0xff, 0xff, 0xff, 0xff, 0xff, 0xff, 0xf8, 0x0,
    0xbf, 0xff, 0xff, 0xff, 0xff, 0xff, 0xff, 0xfe,
    0x50, 0x0, 0xbf, 0xff, 0xff, 0xff, 0xff, 0xfe,
    0xda, 0x50, 0x0, 0x0,

    /* U+0393 "Γ" */
    0xaf, 0xff, 0xff, 0xff, 0xff, 0xff, 0xff, 0xff,
    0xf1, 0xaf, 0xff, 0xff, 0xff, 0xff, 0xff, 0xff,
    0xff, 0xf1, 0xaf, 0xff, 0xff, 0xff, 0xff, 0xff,
    0xff, 0xff, 0xf1, 0xaf, 0xff, 0xff, 0xff, 0xff,
    0xff, 0xff, 0xff, 0xf1, 0xaf, 0xff, 0xfc, 0x66,
    0x66, 0x66, 0x66, 0x66, 0x60, 0xaf, 0xff, 0xf9,
    0x0, 0x0, 0x0, 0x0, 0x0, 0x0, 0xaf, 0xff,
    0xf9, 0x0, 0x0, 0x0, 0x0, 0x0, 0x0, 0xaf,
    0xff, 0xf9, 0x0, 0x0, 0x0, 0x0, 0x0, 0x0,
    0xaf, 0xff, 0xf9, 0x0, 0x0, 0x0, 0x0, 0x0,
    0x0, 0xaf, 0xff, 0xf9, 0x0, 0x0, 0x0, 0x0,
    0x0, 0x0, 0xaf, 0xff, 0xf9, 0x0, 0x0, 0x0,
    0x0, 0x0, 0x0, 0xaf, 0xff, 0xf9, 0x0, 0x0,
    0x0, 0x0, 0x0, 0x0, 0xaf, 0xff, 0xf9, 0x0,
    0x0, 0x0, 0x0, 0x0, 0x0, 0xaf, 0xff, 0xf9,
    0x0, 0x0, 0x0, 0x0, 0x0, 0x0, 0xaf, 0xff,
    0xf9, 0x0, 0x0, 0x0, 0x0, 0x0, 0x0, 0xaf,
    0xff, 0xf9, 0x0, 0x0, 0x0, 0x0, 0x0, 0x0,
    0xaf, 0xff, 0xf9, 0x0, 0x0, 0x0, 0x0, 0x0,
    0x0, 0xaf, 0xff, 0xf9, 0x0, 0x0, 0x0, 0x0,
    0x0, 0x0, 0xaf, 0xff, 0xf9, 0x0, 0x0, 0x0,
    0x0, 0x0, 0x0, 0xaf, 0xff, 0xf9, 0x0, 0x0,
    0x0, 0x0, 0x0, 0x0, 0xaf, 0xff, 0xf9, 0x0,
    0x0, 0x0, 0x0, 0x0, 0x0, 0xaf, 0xff, 0xf9,
    0x0, 0x0, 0x0, 0x0, 0x0, 0x0, 0xaf, 0xff,
    0xf9, 0x0, 0x0, 0x0, 0x0, 0x0, 0x0, 0xaf,
    0xff, 0xf9, 0x0, 0x0, 0x0, 0x0, 0x0, 0x0,
    0xaf, 0xff, 0xf9, 0x0, 0x0, 0x0, 0x0, 0x0,
    0x0, 0xaf, 0xff, 0xf9, 0x0, 0x0, 0x0, 0x0,
    0x0, 0x0,

    /* U+0394 "Δ" */
    0x0, 0x0, 0x0, 0x0, 0x0, 0xaf, 0xff, 0xff,
    0x30, 0x0, 0x0, 0x0, 0x0, 0x0, 0x0, 0x0,
    0x0, 0x0, 0x1f, 0xff, 0xff, 0xfa, 0x0, 0x0,
    0x0, 0x0, 0x0, 0x0, 0x0, 0x0, 0x0, 0x6,
    0xff, 0xff, 0xff, 0xf0, 0x0, 0x0, 0x0, 0x0,
    0x0, 0x0, 0x0, 0x0, 0x0, 0xcf, 0xff, 0xff,
    0xff, 0x60, 0x0, 0x0, 0x0, 0x0, 0x0, 0x0,
    0x0, 0x0, 0x3f, 0xff, 0xff, 0xff, 0xfc, 0x0,
    0x0, 0x0, 0x0, 0x0, 0x0, 0x0, 0x0, 0x9,
    0xff, 0xff, 0xff, 0xff, 0xf2, 0x0, 0x0, 0x0,
    0x0, 0x0, 0x0, 0x0, 0x0, 0xff, 0xff, 0xfb,
    0xff, 0xff, 0x80, 0x0, 0x0, 0x0, 0x0, 0x0,
    0x0, 0x0, 0x6f, 0xff, 0xfc, 0x3f, 0xff, 0xfe,
    0x0, 0x0, 0x0, 0x0, 0x0, 0x0, 0x0, 0xc,
    0xff, 0xff, 0x60, 0xdf, 0xff, 0xf5, 0x0, 0x0,
    0x0, 0x0, 0x0, 0x0, 0x2, 0xff, 0xff, 0xf1,
    0x7, 0xff, 0xff, 0xb0, 0x0, 0x0, 0x0, 0x0,
    0x0, 0x0, 0x8f, 0xff, 0xfa, 0x0, 0x1f, 0xff,
    0xff, 0x10, 0x0, 0x0, 0x0, 0x0, 0x0, 0xe,
    0xff, 0xff, 0x40, 0x0, 0xbf, 0xff, 0xf7, 0x0,
    0x0, 0x0, 0x0, 0x0, 0x5, 0xff, 0xff, 0xe0,
    0x0, 0x5, 0xff, 0xff, 0xd0, 0x0, 0x0, 0x0,
    0x0, 0x0, 0xbf, 0xff, 0xf8, 0x0, 0x0, 0xf,
    0xff, 0xff, 0x40, 0x0, 0x0, 0x0, 0x0, 0x2f,
    0xff, 0xff, 0x20, 0x0, 0x0, 0xaf, 0xff, 0xfa,
    0x0, 0x0, 0x0, 0x0, 0x8, 0xff, 0xff, 0xc0,
    0x0, 0x0, 0x4, 0xff, 0xff, 0xf1, 0x0, 0x0,
    0x0, 0x0, 0xef, 0xff, 0xf6, 0x0, 0x0, 0x0,
    0xe, 0xff, 0xff, 0x60, 0x0, 0x0, 0x0, 0x4f,
    0xff, 0xff, 0x10, 0x0, 0x0, 0x0, 0x8f, 0xff,
    0xfd, 0x0, 0x0, 0x0, 0xb, 0xff, 0xff, 0xb0,
    0x0, 0x0, 0x0, 0x2, 0xff, 0xff, 0xf3, 0x0,
    0x0, 0x1, 0xff, 0xff, 0xf5, 0x0, 0x0, 0x0,
    0x0, 0xc, 0xff, 0xff, 0x90, 0x0, 0x0, 0x7f,
    0xff, 0xfe, 0x0, 0x0, 0x0, 0x0, 0x0, 0x6f,
    0xff, 0xff, 0x0, 0x0, 0xd, 0xff, 0xff, 0xc6,
    0x66, 0x66, 0x66, 0x66, 0x67, 0xff, 0xff, 0xf5,
    0x0, 0x4, 0xff, 0xff, 0xff, 0xff, 0xff, 0xff,
    0xff, 0xff, 0xff, 0xff, 0xff, 0xc0, 0x0, 0xaf,
    0xff, 0xff, 0xff, 0xff, 0xff, 0xff, 0xff, 0xff,
    0xff, 0xff, 0xff, 0x20, 0x1f, 0xff, 0xff, 0xff,
    0xff, 0xff, 0xff, 0xff, 0xff, 0xff, 0xff, 0xff,
    0xf8, 0x6, 0xff, 0xff, 0xff, 0xff, 0xff, 0xff,
    0xff, 0xff, 0xff, 0xff, 0xff, 0xff, 0xe0,

    /* U+0395 "Ε" */
    0xbf, 0xff, 0xff, 0xff, 0xff, 0xff, 0xff, 0xff,
    0xf6, 0xbf, 0xff, 0xff, 0xff, 0xff, 0xff, 0xff,
    0xff, 0xf6, 0xbf, 0xff, 0xff, 0xff, 0xff, 0xff,
    0xff, 0xff, 0xf6, 0xbf, 0xff, 0xff, 0xff, 0xff,
    0xff, 0xff, 0xff, 0xf6, 0xbf, 0xff, 0xfb, 0x66,
    0x66, 0x66, 0x66, 0x66, 0x62, 0xbf, 0xff, 0xf9,
    0x0, 0x0, 0x0, 0x0, 0x0, 0x0, 0xbf, 0xff,
    0xf9, 0x0, 0x0, 0x0, 0x0, 0x0, 0x0, 0xbf,
    0xff, 0xf9, 0x0, 0x0, 0x0, 0x0, 0x0, 0x0,
    0xbf, 0xff, 0xf9, 0x0, 0x0, 0x0, 0x0, 0x0,
    0x0, 0xbf, 0xff, 0xf9, 0x0, 0x0, 0x0, 0x0,
    0x0, 0x0, 0xbf, 0xff, 0xff, 0xff, 0xff, 0xff,
    0xff, 0xfb, 0x0, 0xbf, 0xff, 0xff, 0xff, 0xff,
    0xff, 0xff, 0xfb, 0x0, 0xbf, 0xff, 0xff, 0xff,
    0xff, 0xff, 0xff, 0xfb, 0x0, 0xbf, 0xff, 0xff,
    0xff, 0xff, 0xff, 0xff, 0xfb, 0x0, 0xbf, 0xff,
    0xfb, 0x44, 0x44, 0x44, 0x44, 0x42, 0x0, 0xbf,
    0xff, 0xf9, 0x0, 0x0, 0x0, 0x0, 0x0, 0x0,
    0xbf, 0xff, 0xf9, 0x0, 0x0, 0x0, 0x0, 0x0,
    0x0, 0xbf, 0xff, 0xf9, 0x0, 0x0, 0x0, 0x0,
    0x0, 0x0, 0xbf, 0xff, 0xf9, 0x0, 0x0, 0x0,
    0x0, 0x0, 0x0, 0xbf, 0xff, 0xf9, 0x0, 0x0,
    0x0, 0x0, 0x0, 0x0, 0xbf, 0xff, 0xf9, 0x0,
    0x0, 0x0, 0x0, 0x0, 0x0, 0xbf, 0xff, 0xfb,
    0x66, 0x66, 0x66, 0x66, 0x66, 0x62, 0xbf, 0xff,
    0xff, 0xff, 0xff, 0xff, 0xff, 0xff, 0xf7, 0xbf,
    0xff, 0xff, 0xff, 0xff, 0xff, 0xff, 0xff, 0xf7,
    0xbf, 0xff, 0xff, 0xff, 0xff, 0xff, 0xff, 0xff,
    0xf7, 0xbf, 0xff, 0xff, 0xff, 0xff, 0xff, 0xff,
    0xff, 0xf7,

    /* U+0396 "Ζ" */
    0xbf, 0xff, 0xff, 0xff, 0xff, 0xff, 0xff, 0xff,
    0xff, 0xf8, 0xbf, 0xff, 0xff, 0xff, 0xff, 0xff,
    0xff, 0xff, 0xff, 0xf8, 0xbf, 0xff, 0xff, 0xff,
    0xff, 0xff, 0xff, 0xff, 0xff, 0xf8, 0xbf, 0xff,
    0xff, 0xff, 0xff, 0xff, 0xff, 0xff, 0xff, 0xf3,
    0x46, 0x66, 0x66, 0x66, 0x66, 0x66, 0x8f, 0xff,
    0xff, 0x80, 0x0, 0x0, 0x0, 0x0, 0x0, 0x0,
    0xcf, 0xff, 0xfd, 0x0, 0x0, 0x0, 0x0, 0x0,
    0x0, 0x7, 0xff, 0xff, 0xf3, 0x0, 0x0, 0x0,
    0x0, 0x0, 0x0, 0x3f, 0xff, 0xff, 0x80, 0x0,
    0x0, 0x0, 0x0, 0x0, 0x0, 0xdf, 0xff, 0xfc,
    0x0, 0x0, 0x0, 0x0, 0x0, 0x0, 0x8, 0xff,
    0xff, 0xf2, 0x0, 0x0, 0x0, 0x0, 0x0, 0x0,
    0x3f, 0xff, 0xff, 0x70, 0x0, 0x0, 0x0, 0x0,
    0x0, 0x0, 0xdf, 0xff, 0xfc, 0x0, 0x0, 0x0,
    0x0, 0x0, 0x0, 0x9, 0xff, 0xff, 0xf2, 0x0,
    0x0, 0x0, 0x0, 0x0, 0x0, 0x4f, 0xff, 0xff,
    0x60, 0x0, 0x0, 0x0, 0x0, 0x0, 0x1, 0xef,
    0xff, 0xfb, 0x0, 0x0, 0x0, 0x0, 0x0, 0x0,
    0xa, 0xff, 0xff, 0xf1, 0x0, 0x0, 0x0, 0x0,
    0x0, 0x0, 0x5f, 0xff, 0xff, 0x50, 0x0, 0x0,
    0x0, 0x0, 0x0, 0x1, 0xef, 0xff, 0xfb, 0x0,
    0x0, 0x0, 0x0, 0x0, 0x0, 0xb, 0xff, 0xff,
    0xe1, 0x0, 0x0, 0x0, 0x0, 0x0, 0x0, 0x6f,
    0xff, 0xff, 0x50, 0x0, 0x0, 0x0, 0x0, 0x0,
    0x2, 0xff, 0xff, 0xfa, 0x0, 0x0, 0x0, 0x0,
    0x0, 0x0, 0xc, 0xff, 0xff, 0xf7, 0x66, 0x66,
    0x66, 0x66, 0x66, 0x64, 0x7f, 0xff, 0xff, 0xff,
    0xff, 0xff, 0xff, 0xff, 0xff, 0xfc, 0xbf, 0xff,
    0xff, 0xff, 0xff, 0xff, 0xff, 0xff, 0xff, 0xfc,
    0xbf, 0xff, 0xff, 0xff, 0xff, 0xff, 0xff, 0xff,
    0xff, 0xfc, 0xbf, 0xff, 0xff, 0xff, 0xff, 0xff,
    0xff, 0xff, 0xff, 0xfc,

    /* U+0397 "Η" */
    0xbf, 0xff, 0xf9, 0x0, 0x0, 0x0, 0x0, 0x2,
    0xff, 0xff, 0xf2, 0xbf, 0xff, 0xf9, 0x0, 0x0,
    0x0, 0x0, 0x2, 0xff, 0xff, 0xf2, 0xbf, 0xff,
    0xf9, 0x0, 0x0, 0x0, 0x0, 0x2, 0xff, 0xff,
    0xf2, 0xbf, 0xff, 0xf9, 0x0, 0x0, 0x0, 0x0,
    0x2, 0xff, 0xff, 0xf2, 0xbf, 0xff, 0xf9, 0x0,
    0x0, 0x0, 0x0, 0x2, 0xff, 0xff, 0xf2, 0xbf,
    0xff, 0xf9, 0x0, 0x0, 0x0, 0x0, 0x2, 0xff,
    0xff, 0xf2, 0xbf, 0xff, 0xf9, 0x0, 0x0, 0x0,
    0x0, 0x2, 0xff, 0xff, 0xf2, 0xbf, 0xff, 0xf9,
    0x0, 0x0, 0x0, 0x0, 0x2, 0xff, 0xff, 0xf2,
    0xbf, 0xff, 0xf9, 0x0, 0x0, 0x0, 0x0, 0x2,
    0xff, 0xff, 0xf2, 0xbf, 0xff, 0xf9, 0x0, 0x0,
    0x0, 0x0, 0x2, 0xff, 0xff, 0xf2, 0xbf, 0xff,
    0xff, 0xff, 0xff, 0xff, 0xff, 0xff, 0xff, 0xff,
    0xf2, 0xbf, 0xff, 0xff, 0xff, 0xff, 0xff, 0xff,
    0xff, 0xff, 0xff, 0xf2, 0xbf, 0xff, 0xff, 0xff,
    0xff, 0xff, 0xff, 0xff, 0xff, 0xff, 0xf2, 0xbf,
    0xff, 0xff, 0xff, 0xff, 0xff, 0xff, 0xff, 0xff,
    0xff, 0xf2, 0xbf, 0xff, 0xfb, 0x66, 0x66, 0x66,
    0x66, 0x67, 0xff, 0xff, 0xf2, 0xbf, 0xff, 0xf9,
    0x0, 0x0, 0x0, 0x0, 0x2, 0xff, 0xff, 0xf2,
    0xbf, 0xff, 0xf9, 0x0, 0x0, 0x0, 0x0, 0x2,
    0xff, 0xff, 0xf2, 0xbf, 0xff, 0xf9, 0x0, 0x0,
    0x0, 0x0, 0x2, 0xff, 0xff, 0xf2, 0xbf, 0xff,
    0xf9, 0x0, 0x0, 0x0, 0x0, 0x2, 0xff, 0xff,
    0xf2, 0xbf, 0xff, 0xf9, 0x0, 0x0, 0x0, 0x0,
    0x2, 0xff, 0xff, 0xf2, 0xbf, 0xff, 0xf9, 0x0,
    0x0, 0x0, 0x0, 0x2, 0xff, 0xff, 0xf2, 0xbf,
    0xff, 0xf9, 0x0, 0x0, 0x0, 0x0, 0x2, 0xff,
    0xff, 0xf2, 0xbf, 0xff, 0xf9, 0x0, 0x0, 0x0,
    0x0, 0x2, 0xff, 0xff, 0xf2, 0xbf, 0xff, 0xf9,
    0x0, 0x0, 0x0, 0x0, 0x2, 0xff, 0xff, 0xf2,
    0xbf, 0xff, 0xf9, 0x0, 0x0, 0x0, 0x0, 0x2,
    0xff, 0xff, 0xf2, 0xbf, 0xff, 0xf9, 0x0, 0x0,
    0x0, 0x0, 0x2, 0xff, 0xff, 0xf2,

    /* U+0398 "Θ" */
    0x0, 0x0, 0x0, 0x5, 0x9d, 0xef, 0xec, 0x83,
    0x0, 0x0, 0x0, 0x0, 0x0, 0x0, 0x5d, 0xff,
    0xff, 0xff, 0xff, 0xfb, 0x20, 0x0, 0x0, 0x0,
    0x0, 0x9f, 0xff, 0xff, 0xff, 0xff, 0xff, 0xff,
    0x40, 0x0, 0x0, 0x0, 0x9f, 0xff, 0xff, 0xff,
    0xff, 0xff, 0xff, 0xff, 0x50, 0x0, 0x0, 0x6f,
    0xff, 0xff, 0xfd, 0x98, 0xae, 0xff, 0xff, 0xfe,
    0x10, 0x0, 0xf, 0xff, 0xff, 0xf5, 0x0, 0x0,
    0x9, 0xff, 0xff, 0xfb, 0x0, 0x7, 0xff, 0xff,
    0xf4, 0x0, 0x0, 0x0, 0x9, 0xff, 0xff, 0xf2,
    0x0, 0xdf, 0xff, 0xfb, 0x0, 0x0, 0x0, 0x0,
    0x1f, 0xff, 0xff, 0x80, 0x1f, 0xff, 0xff, 0x40,
    0x0, 0x0, 0x0, 0x0, 0xaf, 0xff, 0xfc, 0x5,
    0xff, 0xff, 0xf1, 0x0, 0x0, 0x0, 0x0, 0x6,
    0xff, 0xff, 0xf0, 0x6f, 0xff, 0xfe, 0x0, 0x33,
    0x33, 0x33, 0x20, 0x3f, 0xff, 0xff, 0x18, 0xff,
    0xff, 0xd0, 0xe, 0xff, 0xff, 0xfd, 0x2, 0xff,
    0xff, 0xf2, 0x8f, 0xff, 0xfc, 0x0, 0xef, 0xff,
    0xff, 0xd0, 0x1f, 0xff, 0xff, 0x38, 0xff, 0xff,
    0xc0, 0xe, 0xff, 0xff, 0xfd, 0x1, 0xff, 0xff,
    0xf3, 0x8f, 0xff, 0xfd, 0x0, 0xef, 0xff, 0xff,
    0xd0, 0x2f, 0xff, 0xff, 0x26, 0xff, 0xff, 0xe0,
    0x0, 0x0, 0x0, 0x0, 0x3, 0xff, 0xff, 0xf1,
    0x5f, 0xff, 0xff, 0x10, 0x0, 0x0, 0x0, 0x0,
    0x6f, 0xff, 0xff, 0x1, 0xff, 0xff, 0xf5, 0x0,
    0x0, 0x0, 0x0, 0xa, 0xff, 0xff, 0xc0, 0xd,
    0xff, 0xff, 0xb0, 0x0, 0x0, 0x0, 0x1, 0xff,
    0xff, 0xf8, 0x0, 0x7f, 0xff, 0xff, 0x40, 0x0,
    0x0, 0x0, 0x9f, 0xff, 0xff, 0x20, 0x0, 0xff,
    0xff, 0xff, 0x50, 0x0, 0x0, 0x8f, 0xff, 0xff,
    0xb0, 0x0, 0x6, 0xff, 0xff, 0xff, 0xd9, 0x89,
    0xef, 0xff, 0xff, 0xf2, 0x0, 0x0, 0x9, 0xff,
    0xff, 0xff, 0xff, 0xff, 0xff, 0xff, 0xf5, 0x0,
    0x0, 0x0, 0x9, 0xff, 0xff, 0xff, 0xff, 0xff,
    0xff, 0xf5, 0x0, 0x0, 0x0, 0x0, 0x5, 0xdf,
    0xff, 0xff, 0xff, 0xff, 0xc3, 0x0, 0x0, 0x0,
    0x0, 0x0, 0x0, 0x59, 0xde, 0xfe, 0xc8, 0x30,
    0x0, 0x0, 0x0,

    /* U+0399 "Ι" */
    0x6f, 0xff, 0xfe, 0x6f, 0xff, 0xfe, 0x6f, 0xff,
    0xfe, 0x6f, 0xff, 0xfe, 0x6f, 0xff, 0xfe, 0x6f,
    0xff, 0xfe, 0x6f, 0xff, 0xfe, 0x6f, 0xff, 0xfe,
    0x6f, 0xff, 0xfe, 0x6f, 0xff, 0xfe, 0x6f, 0xff,
    0xfe, 0x6f, 0xff, 0xfe, 0x6f, 0xff, 0xfe, 0x6f,
    0xff, 0xfe, 0x6f, 0xff, 0xfe, 0x6f, 0xff, 0xfe,
    0x6f, 0xff, 0xfe, 0x6f, 0xff, 0xfe, 0x6f, 0xff,
    0xfe, 0x6f, 0xff, 0xfe, 0x6f, 0xff, 0xfe, 0x6f,
    0xff, 0xfe, 0x6f, 0xff, 0xfe, 0x6f, 0xff, 0xfe,
    0x6f, 0xff, 0xfe, 0x6f, 0xff, 0xfe,

    /* U+039A "Κ" */
    0xbf, 0xff, 0xf9, 0x0, 0x0, 0x0, 0x1, 0xef,
    0xff, 0xff, 0x70, 0xbf, 0xff, 0xf9, 0x0, 0x0,
    0x0, 0xb, 0xff, 0xff, 0xfb, 0x0, 0xbf, 0xff,
    0xf9, 0x0, 0x0, 0x0, 0x8f, 0xff, 0xff, 0xd1,
    0x0, 0xbf, 0xff, 0xf9, 0x0, 0x0, 0x4, 0xff,
    0xff, 0xff, 0x20, 0x0, 0xbf, 0xff, 0xf9, 0x0,
    0x0, 0x1e, 0xff, 0xff, 0xf5, 0x0, 0x0, 0xbf,
    0xff, 0xf9, 0x0, 0x0, 0xcf, 0xff, 0xff, 0x80,
    0x0, 0x0, 0xbf, 0xff, 0xf9, 0x0, 0x9, 0xff,
    0xff, 0xfc, 0x0, 0x0, 0x0, 0xbf, 0xff, 0xf9,
    0x0, 0x5f, 0xff, 0xff, 0xe1, 0x0, 0x0, 0x0,
    0xbf, 0xff, 0xf9, 0x2, 0xff, 0xff, 0xff, 0x30,
    0x0, 0x0, 0x0, 0xbf, 0xff, 0xf9, 0xc, 0xff,
    0xff, 0xf6, 0x0, 0x0, 0x0, 0x0, 0xbf, 0xff,
    0xf9, 0x8f, 0xff, 0xff, 0x90, 0x0, 0x0, 0x0,
    0x0, 0xbf, 0xff, 0xfc, 0xff, 0xff, 0xff, 0x0,
    0x0, 0x0, 0x0, 0x0, 0xbf, 0xff, 0xff, 0xff,
    0xff, 0xff, 0x70, 0x0, 0x0, 0x0, 0x0, 0xbf,
    0xff, 0xff, 0xff, 0xff, 0xff, 0xf2, 0x0, 0x0,
    0x0, 0x0, 0xbf, 0xff, 0xff, 0xff, 0xff, 0xff,
    0xfb, 0x0, 0x0, 0x0, 0x0, 0xbf, 0xff, 0xff,
    0xff, 0xdf, 0xff, 0xff, 0x60, 0x0, 0x0, 0x0,
    0xbf, 0xff, 0xff, 0xf7, 0x2f, 0xff, 0xff, 0xe1,
    0x0, 0x0, 0x0, 0xbf, 0xff, 0xff, 0x80, 0x7,
    0xff, 0xff, 0xfa, 0x0, 0x0, 0x0, 0xbf, 0xff,
    0xfb, 0x0, 0x0, 0xdf, 0xff, 0xff, 0x50, 0x0,
    0x0, 0xbf, 0xff, 0xf9, 0x0, 0x0, 0x3f, 0xff,
    0xff, 0xe1, 0x0, 0x0, 0xbf, 0xff, 0xf9, 0x0,
    0x0, 0x9, 0xff, 0xff, 0xf9, 0x0, 0x0, 0xbf,
    0xff, 0xf9, 0x0, 0x0, 0x0, 0xef, 0xff, 0xff,
    0x40, 0x0, 0xbf, 0xff, 0xf9, 0x0, 0x0, 0x0,
    0x5f, 0xff, 0xff, 0xd0, 0x0, 0xbf, 0xff, 0xf9,
    0x0, 0x0, 0x0, 0xa, 0xff, 0xff, 0xf8, 0x0,
    0xbf, 0xff, 0xf9, 0x0, 0x0, 0x0, 0x1, 0xff,
    0xff, 0xff, 0x30, 0xbf, 0xff, 0xf9, 0x0, 0x0,
    0x0, 0x0, 0x6f, 0xff, 0xff, 0xd0,

    /* U+039B "Λ" */
    0x0, 0x0, 0x0, 0x0, 0x4f, 0xff, 0xff, 0x80,
    0x0, 0x0, 0x0, 0x0, 0x0, 0x0, 0x0, 0x9,
    0xff, 0xff, 0xfd, 0x0, 0x0, 0x0, 0x0, 0x0,
    0x0, 0x0, 0x0, 0xef, 0xff, 0xff, 0xf3, 0x0,
    0x0, 0x0, 0x0, 0x0, 0x0, 0x0, 0x4f, 0xff,
    0xff, 0xff, 0x80, 0x0, 0x0, 0x0, 0x0, 0x0,
    0x0, 0x9, 0xff, 0xff, 0xff, 0xfd, 0x0, 0x0,
    0x0, 0x0, 0x0, 0x0, 0x0, 0xef, 0xff, 0xff,
    0xff, 0xf3, 0x0, 0x0, 0x0, 0x0, 0x0, 0x0,
    0x4f, 0xff, 0xff, 0xff, 0xff, 0x80, 0x0, 0x0,
    0x0, 0x0, 0x0, 0x9, 0xff, 0xff, 0xdf, 0xff,
    0xfd, 0x0, 0x0, 0x0, 0x0, 0x0, 0x0, 0xef,
    0xff, 0xf5, 0xff, 0xff, 0xf3, 0x0, 0x0, 0x0,
    0x0, 0x0, 0x4f, 0xff, 0xff, 0xb, 0xff, 0xff,
    0x80, 0x0, 0x0, 0x0, 0x0, 0x9, 0xff, 0xff,
    0xa0, 0x6f, 0xff, 0xfd, 0x0, 0x0, 0x0, 0x0,
    0x0, 0xef, 0xff, 0xf6, 0x1, 0xff, 0xff, 0xf3,
    0x0, 0x0, 0x0, 0x0, 0x3f, 0xff, 0xff, 0x10,
    0xc, 0xff, 0xff, 0x80, 0x0, 0x0, 0x0, 0x9,
    0xff, 0xff, 0xc0, 0x0, 0x8f, 0xff, 0xfd, 0x0,
    0x0, 0x0, 0x0, 0xef, 0xff, 0xf7, 0x0, 0x3,
    0xff, 0xff, 0xf2, 0x0, 0x0, 0x0, 0x3f, 0xff,
    0xff, 0x20, 0x0, 0xe, 0xff, 0xff, 0x80, 0x0,
    0x0, 0x9, 0xff, 0xff, 0xd0, 0x0, 0x0, 0x9f,
    0xff, 0xfd, 0x0, 0x0, 0x0, 0xef, 0xff, 0xf9,
    0x0, 0x0, 0x4, 0xff, 0xff, 0xf2, 0x0, 0x0,
    0x3f, 0xff, 0xff, 0x40, 0x0, 0x0, 0xf, 0xff,
    0xff, 0x80, 0x0, 0x8, 0xff, 0xff, 0xf0, 0x0,
    0x0, 0x0, 0xbf, 0xff, 0xfd, 0x0, 0x0, 0xef,
    0xff, 0xfa, 0x0, 0x0, 0x0, 0x6, 0xff, 0xff,
    0xf2, 0x0, 0x3f, 0xff, 0xff, 0x50, 0x0, 0x0,
    0x0, 0x1f, 0xff, 0xff, 0x80, 0x8, 0xff, 0xff,
    0xf1, 0x0, 0x0, 0x0, 0x0, 0xcf, 0xff, 0xfd,
    0x0, 0xef, 0xff, 0xfc, 0x0, 0x0, 0x0, 0x0,
    0x7, 0xff, 0xff, 0xf2, 0x3f, 0xff, 0xff, 0x70,
    0x0, 0x0, 0x0, 0x0, 0x3f, 0xff, 0xff, 0x88,
    0xff, 0xff, 0xf2, 0x0, 0x0, 0x0, 0x0, 0x0,
    0xef, 0xff, 0xfd,

    /* U+039C "Μ" */
    0xbf, 0xff, 0xff, 0xf5, 0x0, 0x0, 0x0, 0x0,
    0x0, 0x0, 0xdf, 0xff, 0xff, 0xf3, 0xbf, 0xff,
    0xff, 0xfb, 0x0, 0x0, 0x0, 0x0, 0x0, 0x3,
    0xff, 0xff, 0xff, 0xf3, 0xbf, 0xff, 0xff, 0xff,
    0x10, 0x0, 0x0, 0x0, 0x0, 0x8, 0xff, 0xff,
    0xff, 0xf3, 0xbf, 0xff, 0xff, 0xff, 0x60, 0x0,
    0x0, 0x0, 0x0, 0xe, 0xff, 0xff, 0xff, 0xf3,
    0xbf, 0xff, 0xff, 0xff, 0xb0, 0x0, 0x0, 0x0,
    0x0, 0x3f, 0xff, 0xff, 0xff, 0xf3, 0xbf, 0xff,
    0xff, 0xff, 0xf1, 0x0, 0x0, 0x0, 0x0, 0x9f,
    0xff, 0xff, 0xff, 0xf3, 0xbf, 0xff, 0xff, 0xff,
    0xf6, 0x0, 0x0, 0x0, 0x0, 0xef, 0xff, 0xff,
    0xff, 0xf3, 0xbf, 0xff, 0xfb, 0xff, 0xfc, 0x0,
    0x0, 0x0, 0x4, 0xff, 0xff, 0xbf, 0xff, 0xf3,
    0xbf, 0xff, 0xf6, 0xff, 0xff, 0x10, 0x0, 0x0,
    0x9, 0xff, 0xfc, 0xaf, 0xff, 0xf3, 0xbf, 0xff,
    0xf3, 0xef, 0xff, 0x70, 0x0, 0x0, 0xe, 0xff,
    0xf7, 0xaf, 0xff, 0xf3, 0xbf, 0xff, 0xf3, 0x9f,
    0xff, 0xc0, 0x0, 0x0, 0x4f, 0xff, 0xf1, 0xbf,
    0xff, 0xf3, 0xbf, 0xff, 0xf4, 0x3f, 0xff, 0xf2,
    0x0, 0x0, 0xaf, 0xff, 0xb0, 0xcf, 0xff, 0xf3,
    0xbf, 0xff, 0xf4, 0xd, 0xff, 0xf7, 0x0, 0x0,
    0xff, 0xff, 0x50, 0xcf, 0xff, 0xf3, 0xbf, 0xff,
    0xf5, 0x8, 0xff, 0xfc, 0x0, 0x5, 0xff, 0xff,
    0x0, 0xdf, 0xff, 0xf3, 0xbf, 0xff, 0xf6, 0x2,
    0xff, 0xff, 0x20, 0xa, 0xff, 0xfa, 0x0, 0xef,
    0xff, 0xf3, 0xbf, 0xff, 0xf6, 0x0, 0xcf, 0xff,
    0x70, 0xf, 0xff, 0xf4, 0x0, 0xef, 0xff, 0xf3,
    0xbf, 0xff, 0xf7, 0x0, 0x7f, 0xff, 0xd0, 0x5f,
    0xff, 0xe0, 0x0, 0xff, 0xff, 0xf3, 0xbf, 0xff,
    0xf8, 0x0, 0x1f, 0xff, 0xf2, 0xaf, 0xff, 0x90,
    0x0, 0xff, 0xff, 0xf3, 0xbf, 0xff, 0xf8, 0x0,
    0xb, 0xff, 0xf9, 0xff, 0xff, 0x30, 0x0, 0xff,
    0xff, 0xf3, 0xbf, 0xff, 0xf9, 0x0, 0x6, 0xff,
    0xff, 0xff, 0xfd, 0x0, 0x1, 0xff, 0xff, 0xf3,
    0xbf, 0xff, 0xf9, 0x0, 0x0, 0xff, 0xff, 0xff,
    0xf8, 0x0, 0x1, 0xff, 0xff, 0xf3, 0xbf, 0xff,
    0xf9, 0x0, 0x0, 0xaf, 0xff, 0xff, 0xf2, 0x0,
    0x1, 0xff, 0xff, 0xf3, 0xbf, 0xff, 0xf9, 0x0,
    0x0, 0x5f, 0xff, 0xff, 0xc0, 0x0, 0x1, 0xff,
    0xff, 0xf3, 0xbf, 0xff, 0xf9, 0x0, 0x0, 0xe,
    0xff, 0xff, 0x70, 0x0, 0x1, 0xff, 0xff, 0xf3,
    0xbf, 0xff, 0xf9, 0x0, 0x0, 0x9, 0xff, 0xff,
    0x10, 0x0, 0x1, 0xff, 0xff, 0xf3, 0xbf, 0xff,
    0xf9, 0x0, 0x0, 0x3, 0xff, 0xfb, 0x0, 0x0,
    0x1, 0xff, 0xff, 0xf3,

    /* U+039D "Ν" */
    0xbf, 0xff, 0xfd, 0x0, 0x0, 0x0, 0x0, 0x2,
    0xff, 0xff, 0xf1, 0xbf, 0xff, 0xff, 0x70, 0x0,
    0x0, 0x0, 0x2, 0xff, 0xff, 0xf1, 0xbf, 0xff,
    0xff, 0xf1, 0x0, 0x0, 0x0, 0x2, 0xff, 0xff,
    0xf1, 0xbf, 0xff, 0xff, 0xfa, 0x0, 0x0, 0x0,
    0x2, 0xff, 0xff, 0xf1, 0xbf, 0xff, 0xff, 0xff,
    0x40, 0x0, 0x0, 0x2, 0xff, 0xff, 0xf1, 0xbf,
    0xff, 0xff, 0xff, 0xd0, 0x0, 0x0, 0x2, 0xff,
    0xff, 0xf1, 0xbf, 0xff, 0xff, 0xff, 0xf7, 0x0,
    0x0, 0x2, 0xff, 0xff, 0xf1, 0xbf, 0xff, 0xff,
    0xff, 0xff, 0x10, 0x0, 0x2, 0xff, 0xff, 0xf1,
    0xbf, 0xff, 0xff, 0xff, 0xff, 0xa0, 0x0, 0x2,
    0xff, 0xff, 0xf1, 0xbf, 0xff, 0xfa, 0xff, 0xff,
    0xf4, 0x0, 0x2, 0xff, 0xff, 0xf1, 0xbf, 0xff,
    0xf9, 0x7f, 0xff, 0xfd, 0x0, 0x2, 0xff, 0xff,
    0xf1, 0xbf, 0xff, 0xf9, 0xd, 0xff, 0xff, 0x70,
    0x2, 0xff, 0xff, 0xf1, 0xbf, 0xff, 0xf9, 0x4,
    0xff, 0xff, 0xf1, 0x2, 0xff, 0xff, 0xf1, 0xbf,
    0xff, 0xf9, 0x0, 0xaf, 0xff, 0xfa, 0x2, 0xff,
    0xff, 0xf1, 0xbf, 0xff, 0xf9, 0x0, 0x1f, 0xff,
    0xff, 0x42, 0xff, 0xff, 0xf1, 0xbf, 0xff, 0xf9,
    0x0, 0x7, 0xff, 0xff, 0xd2, 0xff, 0xff, 0xf1,
    0xbf, 0xff, 0xf9, 0x0, 0x0, 0xdf, 0xff, 0xf9,
    0xff, 0xff, 0xf1, 0xbf, 0xff, 0xf9, 0x0, 0x0,
    0x4f, 0xff, 0xff, 0xff, 0xff, 0xf1, 0xbf, 0xff,
    0xf9, 0x0, 0x0, 0xa, 0xff, 0xff, 0xff, 0xff,
    0xf1, 0xbf, 0xff, 0xf9, 0x0, 0x0, 0x1, 0xff,
    0xff, 0xff, 0xff, 0xf1, 0xbf, 0xff, 0xf9, 0x0,
    0x0, 0x0, 0x7f, 0xff, 0xff, 0xff, 0xf1, 0xbf,
    0xff, 0xf9, 0x0, 0x0, 0x0, 0xd, 0xff, 0xff,
    0xff, 0xf1, 0xbf, 0xff, 0xf9, 0x0, 0x0, 0x0,
    0x4, 0xff, 0xff, 0xff, 0xf1, 0xbf, 0xff, 0xf9,
    0x0, 0x0, 0x0, 0x0, 0xaf, 0xff, 0xff, 0xf1,
    0xbf, 0xff, 0xf9, 0x0, 0x0, 0x0, 0x0, 0x1f,
    0xff, 0xff, 0xf1, 0xbf, 0xff, 0xf9, 0x0, 0x0,
    0x0, 0x0, 0x7, 0xff, 0xff, 0xf1,

    /* U+039E "Ξ" */
    0xe, 0xff, 0xff, 0xff, 0xff, 0xff, 0xff, 0xff,
    0xf3, 0xe, 0xff, 0xff, 0xff, 0xff, 0xff, 0xff,
    0xff, 0xf3, 0xe, 0xff, 0xff, 0xff, 0xff, 0xff,
    0xff, 0xff, 0xf3, 0xe, 0xff, 0xff, 0xff, 0xff,
    0xff, 0xff, 0xff, 0xf3, 0x5, 0x66, 0x66, 0x66,
    0x66, 0x66, 0x66, 0x66, 0x61, 0x0, 0x0, 0x0,
    0x0, 0x0, 0x0, 0x0, 0x0, 0x0, 0x0, 0x0,
    0x0, 0x0, 0x0, 0x0, 0x0, 0x0, 0x0, 0x0,
    0x0, 0x0, 0x0, 0x0, 0x0, 0x0, 0x0, 0x0,
    0x0, 0x0, 0x0, 0x0, 0x0, 0x0, 0x0, 0x0,
    0x0, 0x0, 0x0, 0x0, 0x0, 0x0, 0x0, 0x0,
    0x0, 0x0, 0x0, 0x13, 0x33, 0x33, 0x33, 0x33,
    0x33, 0x33, 0x0, 0x0, 0x5f, 0xff, 0xff, 0xff,
    0xff, 0xff, 0xff, 0x0, 0x0, 0x5f, 0xff, 0xff,
    0xff, 0xff, 0xff, 0xff, 0x0, 0x0, 0x5f, 0xff,
    0xff, 0xff, 0xff, 0xff, 0xff, 0x0, 0x0, 0x5f,
    0xff, 0xff, 0xff, 0xff, 0xff, 0xff, 0x0, 0x0,
    0x0, 0x0, 0x0, 0x0, 0x0, 0x0, 0x0, 0x0,
    0x0, 0x0, 0x0, 0x0, 0x0, 0x0, 0x0, 0x0,
    0x0, 0x0, 0x0, 0x0, 0x0, 0x0, 0x0, 0x0,
    0x0, 0x0, 0x0, 0x0, 0x0, 0x0, 0x0, 0x0,
    0x0, 0x0, 0x0, 0x0, 0x0, 0x0, 0x0, 0x0,
    0x0, 0x0, 0x0, 0x0, 0x0, 0x0, 0x0, 0x0,
    0x0, 0x0, 0x0, 0x0, 0x0, 0x26, 0x66, 0x66,
    0x66, 0x66, 0x66, 0x66, 0x66, 0x66, 0x5f, 0xff,
    0xff, 0xff, 0xff, 0xff, 0xff, 0xff, 0xff, 0x5f,
    0xff, 0xff, 0xff, 0xff, 0xff, 0xff, 0xff, 0xff,
    0x5f, 0xff, 0xff, 0xff, 0xff, 0xff, 0xff, 0xff,
    0xff, 0x5f, 0xff, 0xff, 0xff, 0xff, 0xff, 0xff,
    0xff, 0xff,

    /* U+039F "Ο" */
    0x0, 0x0, 0x0, 0x4, 0x9d, 0xef, 0xec, 0x83,
    0x0, 0x0, 0x0, 0x0, 0x0, 0x0, 0x4d, 0xff,
    0xff, 0xff, 0xff, 0xfc, 0x30, 0x0, 0x0, 0x0,
    0x0, 0x8f, 0xff, 0xff, 0xff, 0xff, 0xff, 0xff,
    0x50, 0x0, 0x0, 0x0, 0x8f, 0xff, 0xff, 0xff,
    0xff, 0xff, 0xff, 0xff, 0x60, 0x0, 0x0, 0x4f,
    0xff, 0xff, 0xfd, 0x98, 0xae, 0xff, 0xff, 0xff,
    0x20, 0x0, 0xe, 0xff, 0xff, 0xf5, 0x0, 0x0,
    0x8, 0xff, 0xff, 0xfc, 0x0, 0x6, 0xff, 0xff,
    0xf5, 0x0, 0x0, 0x0, 0x8, 0xff, 0xff, 0xf3,
    0x0, 0xcf, 0xff, 0xfc, 0x0, 0x0, 0x0, 0x0,
    0xe, 0xff, 0xff, 0x90, 0xf, 0xff, 0xff, 0x60,
    0x0, 0x0, 0x0, 0x0, 0x8f, 0xff, 0xfd, 0x3,
    0xff, 0xff, 0xf2, 0x0, 0x0, 0x0, 0x0, 0x4,
    0xff, 0xff, 0xf1, 0x5f, 0xff, 0xff, 0x0, 0x0,
    0x0, 0x0, 0x0, 0x2f, 0xff, 0xff, 0x36, 0xff,
    0xff, 0xe0, 0x0, 0x0, 0x0, 0x0, 0x1, 0xff,
    0xff, 0xf4, 0x7f, 0xff, 0xfd, 0x0, 0x0, 0x0,
    0x0, 0x0, 0xf, 0xff, 0xff, 0x57, 0xff, 0xff,
    0xd0, 0x0, 0x0, 0x0, 0x0, 0x0, 0xff, 0xff,
    0xf5, 0x6f, 0xff, 0xfe, 0x0, 0x0, 0x0, 0x0,
    0x0, 0x1f, 0xff, 0xff, 0x45, 0xff, 0xff, 0xf0,
    0x0, 0x0, 0x0, 0x0, 0x2, 0xff, 0xff, 0xf3,
    0x3f, 0xff, 0xff, 0x20, 0x0, 0x0, 0x0, 0x0,
    0x4f, 0xff, 0xff, 0x10, 0xff, 0xff, 0xf6, 0x0,
    0x0, 0x0, 0x0, 0x8, 0xff, 0xff, 0xd0, 0xc,
    0xff, 0xff, 0xc0, 0x0, 0x0, 0x0, 0x0, 0xef,
    0xff, 0xf9, 0x0, 0x6f, 0xff, 0xff, 0x50, 0x0,
    0x0, 0x0, 0x8f, 0xff, 0xff, 0x30, 0x0, 0xef,
    0xff, 0xff, 0x60, 0x0, 0x0, 0x7f, 0xff, 0xff,
    0xc0, 0x0, 0x5, 0xff, 0xff, 0xff, 0xd9, 0x89,
    0xef, 0xff, 0xff, 0xf3, 0x0, 0x0, 0x8, 0xff,
    0xff, 0xff, 0xff, 0xff, 0xff, 0xff, 0xf6, 0x0,
    0x0, 0x0, 0x8, 0xff, 0xff, 0xff, 0xff, 0xff,
    0xff, 0xf6, 0x0, 0x0, 0x0, 0x0, 0x4, 0xdf,
    0xff, 0xff, 0xff, 0xff, 0xc3, 0x0, 0x0, 0x0,
    0x0, 0x0, 0x0, 0x49, 0xde, 0xfe, 0xc9, 0x40,
    0x0, 0x0, 0x0,

    /* U+03A0 "Π" */
    0xaf, 0xff, 0xff, 0xff, 0xff, 0xff, 0xff, 0xff,
    0xff, 0xff, 0xf2, 0xaf, 0xff, 0xff, 0xff, 0xff,
    0xff, 0xff, 0xff, 0xff, 0xff, 0xf2, 0xaf, 0xff,
    0xff, 0xff, 0xff, 0xff, 0xff, 0xff, 0xff, 0xff,
    0xf2, 0xaf, 0xff, 0xff, 0xff, 0xff, 0xff, 0xff,
    0xff, 0xff, 0xff, 0xf2, 0xaf, 0xff, 0xfc, 0x66,
    0x66, 0x66, 0x66, 0x67, 0xff, 0xff, 0xf2, 0xaf,
    0xff, 0xf9, 0x0, 0x0, 0x0, 0x0, 0x2, 0xff,
    0xff, 0xf2, 0xaf, 0xff, 0xf9, 0x0, 0x0, 0x0,
    0x0, 0x2, 0xff, 0xff, 0xf2, 0xaf, 0xff, 0xf9,
    0x0, 0x0, 0x0, 0x0, 0x2, 0xff, 0xff, 0xf2,
    0xaf, 0xff, 0xf9, 0x0, 0x0, 0x0, 0x0, 0x2,
    0xff, 0xff, 0xf2, 0xaf, 0xff, 0xf9, 0x0, 0x0,
    0x0, 0x0, 0x2, 0xff, 0xff, 0xf2, 0xaf, 0xff,
    0xf9, 0x0, 0x0, 0x0, 0x0, 0x2, 0xff, 0xff,
    0xf2, 0xaf, 0xff, 0xf9, 0x0, 0x0, 0x0, 0x0,
    0x2, 0xff, 0xff, 0xf2, 0xaf, 0xff, 0xf9, 0x0,
    0x0, 0x0, 0x0, 0x2, 0xff, 0xff, 0xf2, 0xaf,
    0xff, 0xf9, 0x0, 0x0, 0x0, 0x0, 0x2, 0xff,
    0xff, 0xf2, 0xaf, 0xff, 0xf9, 0x0, 0x0, 0x0,
    0x0, 0x2, 0xff, 0xff, 0xf2, 0xaf, 0xff, 0xf9,
    0x0, 0x0, 0x0, 0x0, 0x2, 0xff, 0xff, 0xf2,
    0xaf, 0xff, 0xf9, 0x0, 0x0, 0x0, 0x0, 0x2,
    0xff, 0xff, 0xf2, 0xaf, 0xff, 0xf9, 0x0, 0x0,
    0x0, 0x0, 0x2, 0xff, 0xff, 0xf2, 0xaf, 0xff,
    0xf9, 0x0, 0x0, 0x0, 0x0, 0x2, 0xff, 0xff,
    0xf2, 0xaf, 0xff, 0xf9, 0x0, 0x0, 0x0, 0x0,
    0x2, 0xff, 0xff, 0xf2, 0xaf, 0xff, 0xf9, 0x0,
    0x0, 0x0, 0x0, 0x2, 0xff, 0xff, 0xf2, 0xaf,
    0xff, 0xf9, 0x0, 0x0, 0x0, 0x0, 0x2, 0xff,
    0xff, 0xf2, 0xaf, 0xff, 0xf9, 0x0, 0x0, 0x0,
    0x0, 0x2, 0xff, 0xff, 0xf2, 0xaf, 0xff, 0xf9,
    0x0, 0x0, 0x0, 0x0, 0x2, 0xff, 0xff, 0xf2,
    0xaf, 0xff, 0xf9, 0x0, 0x0, 0x0, 0x0, 0x2,
    0xff, 0xff, 0xf2, 0xaf, 0xff, 0xf9, 0x0, 0x0,
    0x0, 0x0, 0x2, 0xff, 0xff, 0xf2,

    /* U+03A1 "Ρ" */
    0xbf, 0xff, 0xff, 0xff, 0xff, 0xfe, 0xd9, 0x50,
    0x0, 0x0, 0xbf, 0xff, 0xff, 0xff, 0xff, 0xff,
    0xff, 0xfd, 0x40, 0x0, 0xbf, 0xff, 0xff, 0xff,
    0xff, 0xff, 0xff, 0xff, 0xf7, 0x0, 0xbf, 0xff,
    0xff, 0xff, 0xff, 0xff, 0xff, 0xff, 0xff, 0x50,
    0xbf, 0xff, 0xfb, 0x66, 0x66, 0x68, 0xdf, 0xff,
    0xff, 0xe0, 0xbf, 0xff, 0xf9, 0x0, 0x0, 0x0,
    0x9, 0xff, 0xff, 0xf6, 0xbf, 0xff, 0xf9, 0x0,
    0x0, 0x0, 0x0, 0xef, 0xff, 0xfb, 0xbf, 0xff,
    0xf9, 0x0, 0x0, 0x0, 0x0, 0x9f, 0xff, 0xfd,
    0xbf, 0xff, 0xf9, 0x0, 0x0, 0x0, 0x0, 0x7f,
    0xff, 0xfe, 0xbf, 0xff, 0xf9, 0x0, 0x0, 0x0,
    0x0, 0xaf, 0xff, 0xfc, 0xbf, 0xff, 0xf9, 0x0,
    0x0, 0x0, 0x2, 0xff, 0xff, 0xfa, 0xbf, 0xff,
    0xf9, 0x0, 0x0, 0x1, 0x5e, 0xff, 0xff, 0xf4,
    0xbf, 0xff, 0xff, 0xff, 0xff, 0xff, 0xff, 0xff,
    0xff, 0xc0, 0xbf, 0xff, 0xff, 0xff, 0xff, 0xff,
    0xff, 0xff, 0xfe, 0x20, 0xbf, 0xff, 0xff, 0xff,
    0xff, 0xff, 0xff, 0xff, 0xc2, 0x0, 0xbf, 0xff,
    0xff, 0xff, 0xff, 0xff, 0xff, 0xc5, 0x0, 0x0,
    0xbf, 0xff, 0xfb, 0x66, 0x66, 0x65, 0x30, 0x0,
    0x0, 0x0, 0xbf, 0xff, 0xf9, 0x0, 0x0, 0x0,
    0x0, 0x0, 0x0, 0x0, 0xbf, 0xff, 0xf9, 0x0,
    0x0, 0x0, 0x0, 0x0, 0x0, 0x0, 0xbf, 0xff,
    0xf9, 0x0, 0x0, 0x0, 0x0, 0x0, 0x0, 0x0,
    0xbf, 0xff, 0xf9, 0x0, 0x0, 0x0, 0x0, 0x0,
    0x0, 0x0, 0xbf, 0xff, 0xf9, 0x0, 0x0, 0x0,
    0x0, 0x0, 0x0, 0x0, 0xbf, 0xff, 0xf9, 0x0,
    0x0, 0x0, 0x0, 0x0, 0x0, 0x0, 0xbf, 0xff,
    0xf9, 0x0, 0x0, 0x0, 0x0, 0x0, 0x0, 0x0,
    0xbf, 0xff, 0xf9, 0x0, 0x0, 0x0, 0x0, 0x0,
    0x0, 0x0, 0xbf, 0xff, 0xf9, 0x0, 0x0, 0x0,
    0x0, 0x0, 0x0, 0x0,

    /* U+03A3 "Σ" */
    0xbf, 0xff, 0xff, 0xff, 0xff, 0xff, 0xff, 0xff,
    0xff, 0xb, 0xff, 0xff, 0xff, 0xff, 0xff, 0xff,
    0xff, 0xff, 0xf0, 0xbf, 0xff, 0xff, 0xff, 0xff,
    0xff, 0xff, 0xff, 0xff, 0x2, 0xff, 0xff, 0xff,
    0xff, 0xff, 0xff, 0xff, 0xff, 0xf0, 0x6, 0xff,
    0xff, 0xfd, 0x66, 0x66, 0x66, 0x66, 0x66, 0x0,
    0xa, 0xff, 0xff, 0xf5, 0x0, 0x0, 0x0, 0x0,
    0x0, 0x0, 0xd, 0xff, 0xff, 0xe1, 0x0, 0x0,
    0x0, 0x0, 0x0, 0x0, 0x2f, 0xff, 0xff, 0xc0,
    0x0, 0x0, 0x0, 0x0, 0x0, 0x0, 0x5f, 0xff,
    0xff, 0x80, 0x0, 0x0, 0x0, 0x0, 0x0, 0x0,
    0x9f, 0xff, 0xff, 0x30, 0x0, 0x0, 0x0, 0x0,
    0x0, 0x0, 0xcf, 0xff, 0xfe, 0x10, 0x0, 0x0,
    0x0, 0x0, 0x0, 0x2, 0xef, 0xff, 0xfb, 0x0,
    0x0, 0x0, 0x0, 0x0, 0x0, 0x5, 0xff, 0xff,
    0xf6, 0x0, 0x0, 0x0, 0x0, 0x0, 0x0, 0x7f,
    0xff, 0xff, 0x40, 0x0, 0x0, 0x0, 0x0, 0x0,
    0x3f, 0xff, 0xff, 0x80, 0x0, 0x0, 0x0, 0x0,
    0x0, 0x1e, 0xff, 0xff, 0xc0, 0x0, 0x0, 0x0,
    0x0, 0x0, 0xb, 0xff, 0xff, 0xf2, 0x0, 0x0,
    0x0, 0x0, 0x0, 0x7, 0xff, 0xff, 0xf6, 0x0,
    0x0, 0x0, 0x0, 0x0, 0x3, 0xff, 0xff, 0xfa,
    0x0, 0x0, 0x0, 0x0, 0x0, 0x1, 0xdf, 0xff,
    0xfe, 0x10, 0x0, 0x0, 0x0, 0x0, 0x0, 0xaf,
    0xff, 0xff, 0x40, 0x0, 0x0, 0x0, 0x0, 0x0,
    0x6f, 0xff, 0xff, 0xc6, 0x66, 0x66, 0x66, 0x66,
    0x62, 0x3f, 0xff, 0xff, 0xff, 0xff, 0xff, 0xff,
    0xff, 0xff, 0x7b, 0xff, 0xff, 0xff, 0xff, 0xff,
    0xff, 0xff, 0xff, 0xf7, 0xbf, 0xff, 0xff, 0xff,
    0xff, 0xff, 0xff, 0xff, 0xff, 0x7b, 0xff, 0xff,
    0xff, 0xff, 0xff, 0xff, 0xff, 0xff, 0xf7,

    /* U+03A4 "Τ" */
    0x4f, 0xff, 0xff, 0xff, 0xff, 0xff, 0xff, 0xff,
    0xff, 0xff, 0xf8, 0x4f, 0xff, 0xff, 0xff, 0xff,
    0xff, 0xff, 0xff, 0xff, 0xff, 0xf8, 0x4f, 0xff,
    0xff, 0xff, 0xff, 0xff, 0xff, 0xff, 0xff, 0xff,
    0xf8, 0x4f, 0xff, 0xff, 0xff, 0xff, 0xff, 0xff,
    0xff, 0xff, 0xff, 0xf8, 0x16, 0x66, 0x66, 0x66,
    0xbf, 0xff, 0xfd, 0x66, 0x66, 0x66, 0x63, 0x0,
    0x0, 0x0, 0x0, 0x8f, 0xff, 0xfb, 0x0, 0x0,
    0x0, 0x0, 0x0, 0x0, 0x0, 0x0, 0x8f, 0xff,
    0xfb, 0x0, 0x0, 0x0, 0x0, 0x0, 0x0, 0x0,
    0x0, 0x8f, 0xff, 0xfb, 0x0, 0x0, 0x0, 0x0,
    0x0, 0x0, 0x0, 0x0, 0x8f, 0xff, 0xfb, 0x0,
    0x0, 0x0, 0x0, 0x0, 0x0, 0x0, 0x0, 0x8f,
    0xff, 0xfb, 0x0, 0x0, 0x0, 0x0, 0x0, 0x0,
    0x0, 0x0, 0x8f, 0xff, 0xfb, 0x0, 0x0, 0x0,
    0x0, 0x0, 0x0, 0x0, 0x0, 0x8f, 0xff, 0xfb,
    0x0, 0x0, 0x0, 0x0, 0x0, 0x0, 0x0, 0x0,
    0x8f, 0xff, 0xfb, 0x0, 0x0, 0x0, 0x0, 0x0,
    0x0, 0x0, 0x0, 0x8f, 0xff, 0xfb, 0x0, 0x0,
    0x0, 0x0, 0x0, 0x0, 0x0, 0x0, 0x8f, 0xff,
    0xfb, 0x0, 0x0, 0x0, 0x0, 0x0, 0x0, 0x0,
    0x0, 0x8f, 0xff, 0xfb, 0x0, 0x0, 0x0, 0x0,
    0x0, 0x0, 0x0, 0x0, 0x8f, 0xff, 0xfb, 0x0,
    0x0, 0x0, 0x0, 0x0, 0x0, 0x0, 0x0, 0x8f,
    0xff, 0xfb, 0x0, 0x0, 0x0, 0x0, 0x0, 0x0,
    0x0, 0x0, 0x8f, 0xff, 0xfb, 0x0, 0x0, 0x0,
    0x0, 0x0, 0x0, 0x0, 0x0, 0x8f, 0xff, 0xfb,
    0x0, 0x0, 0x0, 0x0, 0x0, 0x0, 0x0, 0x0,
    0x8f, 0xff, 0xfb, 0x0, 0x0, 0x0, 0x0, 0x0,
    0x0, 0x0, 0x0, 0x8f, 0xff, 0xfb, 0x0, 0x0,
    0x0, 0x0, 0x0, 0x0, 0x0, 0x0, 0x8f, 0xff,
    0xfb, 0x0, 0x0, 0x0, 0x0, 0x0, 0x0, 0x0,
    0x0, 0x8f, 0xff, 0xfb, 0x0, 0x0, 0x0, 0x0,
    0x0, 0x0, 0x0, 0x0, 0x8f, 0xff, 0xfb, 0x0,
    0x0, 0x0, 0x0, 0x0, 0x0, 0x0, 0x0, 0x8f,
    0xff, 0xfb, 0x0, 0x0, 0x0, 0x0,

    /* U+03A5 "Υ" */
    0xbf, 0xff, 0xff, 0x10, 0x0, 0x0, 0x0, 0x0,
    0xcf, 0xff, 0xfe, 0x3, 0xff, 0xff, 0xf7, 0x0,
    0x0, 0x0, 0x0, 0x3f, 0xff, 0xff, 0x70, 0xb,
    0xff, 0xff, 0xe0, 0x0, 0x0, 0x0, 0xb, 0xff,
    0xff, 0xe0, 0x0, 0x3f, 0xff, 0xff, 0x60, 0x0,
    0x0, 0x2, 0xff, 0xff, 0xf7, 0x0, 0x0, 0xaf,
    0xff, 0xfd, 0x0, 0x0, 0x0, 0x9f, 0xff, 0xfe,
    0x0, 0x0, 0x2, 0xff, 0xff, 0xf4, 0x0, 0x0,
    0x1f, 0xff, 0xff, 0x60, 0x0, 0x0, 0xa, 0xff,
    0xff, 0xc0, 0x0, 0x8, 0xff, 0xff, 0xe0, 0x0,
    0x0, 0x0, 0x2f, 0xff, 0xff, 0x30, 0x0, 0xef,
    0xff, 0xf6, 0x0, 0x0, 0x0, 0x0, 0xaf, 0xff,
    0xfa, 0x0, 0x6f, 0xff, 0xfe, 0x0, 0x0, 0x0,
    0x0, 0x2, 0xff, 0xff, 0xf2, 0xd, 0xff, 0xff,
    0x60, 0x0, 0x0, 0x0, 0x0, 0xa, 0xff, 0xff,
    0x95, 0xff, 0xff, 0xd0, 0x0, 0x0, 0x0, 0x0,
    0x0, 0x2f, 0xff, 0xff, 0xcf, 0xff, 0xf6, 0x0,
    0x0, 0x0, 0x0, 0x0, 0x0, 0x9f, 0xff, 0xff,
    0xff, 0xfd, 0x0, 0x0, 0x0, 0x0, 0x0, 0x0,
    0x2, 0xff, 0xff, 0xff, 0xff, 0x50, 0x0, 0x0,
    0x0, 0x0, 0x0, 0x0, 0x9, 0xff, 0xff, 0xff,
    0xd0, 0x0, 0x0, 0x0, 0x0, 0x0, 0x0, 0x0,
    0x1f, 0xff, 0xff, 0xf5, 0x0, 0x0, 0x0, 0x0,
    0x0, 0x0, 0x0, 0x0, 0xaf, 0xff, 0xfd, 0x0,
    0x0, 0x0, 0x0, 0x0, 0x0, 0x0, 0x0, 0x8,
    0xff, 0xff, 0xc0, 0x0, 0x0, 0x0, 0x0, 0x0,
    0x0, 0x0, 0x0, 0x8f, 0xff, 0xfc, 0x0, 0x0,
    0x0, 0x0, 0x0, 0x0, 0x0, 0x0, 0x8, 0xff,
    0xff, 0xc0, 0x0, 0x0, 0x0, 0x0, 0x0, 0x0,
    0x0, 0x0, 0x8f, 0xff, 0xfc, 0x0, 0x0, 0x0,
    0x0, 0x0, 0x0, 0x0, 0x0, 0x8, 0xff, 0xff,
    0xc0, 0x0, 0x0, 0x0, 0x0, 0x0, 0x0, 0x0,
    0x0, 0x8f, 0xff, 0xfc, 0x0, 0x0, 0x0, 0x0,
    0x0, 0x0, 0x0, 0x0, 0x8, 0xff, 0xff, 0xc0,
    0x0, 0x0, 0x0, 0x0, 0x0, 0x0, 0x0, 0x0,
    0x8f, 0xff, 0xfc, 0x0, 0x0, 0x0, 0x0, 0x0,
    0x0, 0x0, 0x0, 0x8, 0xff, 0xff, 0xc0, 0x0,
    0x0, 0x0, 0x0,

    /* U+03A6 "Φ" */
    0x0, 0x0, 0x0, 0x0, 0x0, 0xaf, 0xff, 0xfa,
    0x0, 0x0, 0x0, 0x0, 0x0, 0x0, 0x0, 0x0,
    0x0, 0x0, 0xaf, 0xff, 0xfa, 0x0, 0x0, 0x0,
    0x0, 0x0, 0x0, 0x0, 0x0, 0x0, 0x0, 0xaf,
    0xff, 0xfa, 0x0, 0x0, 0x0, 0x0, 0x0, 0x0,
    0x0, 0x0, 0x5a, 0xde, 0xff, 0xff, 0xff, 0xed,
    0x95, 0x0, 0x0, 0x0, 0x0, 0x0, 0x5d, 0xff,
    0xff, 0xff, 0xff, 0xff, 0xff, 0xff, 0xd4, 0x0,
    0x0, 0x0, 0x8, 0xff, 0xff, 0xff, 0xff, 0xff,
    0xff, 0xff, 0xff, 0xff, 0x80, 0x0, 0x0, 0x7f,
    0xff, 0xff, 0xff, 0xff, 0xff, 0xff, 0xff, 0xff,
    0xff, 0xf6, 0x0, 0x3, 0xff, 0xff, 0xff, 0xfd,
    0xef, 0xff, 0xfe, 0xdf, 0xff, 0xff, 0xff, 0x20,
    0xb, 0xff, 0xff, 0xf9, 0x10, 0xaf, 0xff, 0xfa,
    0x1, 0x9f, 0xff, 0xff, 0xa0, 0x2f, 0xff, 0xff,
    0x80, 0x0, 0xaf, 0xff, 0xfa, 0x0, 0x9, 0xff,
    0xff, 0xf1, 0x6f, 0xff, 0xfe, 0x0, 0x0, 0xaf,
    0xff, 0xfa, 0x0, 0x0, 0xff, 0xff, 0xf5, 0x9f,
    0xff, 0xfa, 0x0, 0x0, 0xaf, 0xff, 0xfa, 0x0,
    0x0, 0xbf, 0xff, 0xf7, 0xaf, 0xff, 0xf8, 0x0,
    0x0, 0xaf, 0xff, 0xfa, 0x0, 0x0, 0x9f, 0xff,
    0xf9, 0xaf, 0xff, 0xf8, 0x0, 0x0, 0xaf, 0xff,
    0xfa, 0x0, 0x0, 0x9f, 0xff, 0xf9, 0x9f, 0xff,
    0xf9, 0x0, 0x0, 0xaf, 0xff, 0xfa, 0x0, 0x0,
    0xaf, 0xff, 0xf8, 0x7f, 0xff, 0xfe, 0x0, 0x0,
    0xaf, 0xff, 0xfa, 0x0, 0x0, 0xef, 0xff, 0xf5,
    0x3f, 0xff, 0xff, 0x60, 0x0, 0xaf, 0xff, 0xfa,
    0x0, 0x7, 0xff, 0xff, 0xf1, 0xd, 0xff, 0xff,
    0xf7, 0x0, 0xaf, 0xff, 0xfa, 0x0, 0x8f, 0xff,
    0xff, 0xb0, 0x5, 0xff, 0xff, 0xff, 0xfc, 0xef,
    0xff, 0xfe, 0xcf, 0xff, 0xff, 0xff, 0x30, 0x0,
    0x9f, 0xff, 0xff, 0xff, 0xff, 0xff, 0xff, 0xff,
    0xff, 0xff, 0xf7, 0x0, 0x0, 0xa, 0xff, 0xff,
    0xff, 0xff, 0xff, 0xff, 0xff, 0xff, 0xff, 0x90,
    0x0, 0x0, 0x0, 0x6e, 0xff, 0xff, 0xff, 0xff,
    0xff, 0xff, 0xff, 0xe5, 0x0, 0x0, 0x0, 0x0,
    0x0, 0x6a, 0xde, 0xff, 0xff, 0xff, 0xed, 0xa5,
    0x0, 0x0, 0x0, 0x0, 0x0, 0x0, 0x0, 0x0,
    0xaf, 0xff, 0xfa, 0x0, 0x0, 0x0, 0x0, 0x0,
    0x0, 0x0, 0x0, 0x0, 0x0, 0xaf, 0xff, 0xfa,
    0x0, 0x0, 0x0, 0x0, 0x0, 0x0, 0x0, 0x0,
    0x0, 0x0, 0xaf, 0xff, 0xfa, 0x0, 0x0, 0x0,
    0x0, 0x0,

    /* U+03A7 "Χ" */
    0x2f, 0xff, 0xff, 0xe0, 0x0, 0x0, 0x0, 0x1,
    0xff, 0xff, 0xff, 0x10, 0x8f, 0xff, 0xff, 0x70,
    0x0, 0x0, 0x0, 0x8f, 0xff, 0xff, 0x70, 0x0,
    0xef, 0xff, 0xfe, 0x10, 0x0, 0x0, 0x1f, 0xff,
    0xff, 0xd0, 0x0, 0x6, 0xff, 0xff, 0xf8, 0x0,
    0x0, 0x9, 0xff, 0xff, 0xf4, 0x0, 0x0, 0xc,
    0xff, 0xff, 0xf1, 0x0, 0x2, 0xff, 0xff, 0xfb,
    0x0, 0x0, 0x0, 0x3f, 0xff, 0xff, 0x90, 0x0,
    0xbf, 0xff, 0xff, 0x20, 0x0, 0x0, 0x0, 0xaf,
    0xff, 0xff, 0x20, 0x3f, 0xff, 0xff, 0x80, 0x0,
    0x0, 0x0, 0x1, 0xff, 0xff, 0xfa, 0xc, 0xff,
    0xff, 0xe1, 0x0, 0x0, 0x0, 0x0, 0x7, 0xff,
    0xff, 0xf8, 0xff, 0xff, 0xf6, 0x0, 0x0, 0x0,
    0x0, 0x0, 0xe, 0xff, 0xff, 0xff, 0xff, 0xfd,
    0x0, 0x0, 0x0, 0x0, 0x0, 0x0, 0x5f, 0xff,
    0xff, 0xff, 0xff, 0x40, 0x0, 0x0, 0x0, 0x0,
    0x0, 0x0, 0xcf, 0xff, 0xff, 0xff, 0xa0, 0x0,
    0x0, 0x0, 0x0, 0x0, 0x0, 0x3, 0xff, 0xff,
    0xff, 0xf2, 0x0, 0x0, 0x0, 0x0, 0x0, 0x0,
    0x0, 0x4f, 0xff, 0xff, 0xff, 0x30, 0x0, 0x0,
    0x0, 0x0, 0x0, 0x0, 0xd, 0xff, 0xff, 0xff,
    0xfc, 0x0, 0x0, 0x0, 0x0, 0x0, 0x0, 0x7,
    0xff, 0xff, 0xff, 0xff, 0xf6, 0x0, 0x0, 0x0,
    0x0, 0x0, 0x1, 0xff, 0xff, 0xff, 0xff, 0xff,
    0xe0, 0x0, 0x0, 0x0, 0x0, 0x0, 0xaf, 0xff,
    0xff, 0x5f, 0xff, 0xff, 0x80, 0x0, 0x0, 0x0,
    0x0, 0x3f, 0xff, 0xff, 0x90, 0xaf, 0xff, 0xff,
    0x20, 0x0, 0x0, 0x0, 0xc, 0xff, 0xff, 0xf1,
    0x2, 0xff, 0xff, 0xfb, 0x0, 0x0, 0x0, 0x6,
    0xff, 0xff, 0xf8, 0x0, 0x9, 0xff, 0xff, 0xf4,
    0x0, 0x0, 0x0, 0xef, 0xff, 0xfe, 0x0, 0x0,
    0x1f, 0xff, 0xff, 0xd0, 0x0, 0x0, 0x8f, 0xff,
    0xff, 0x60, 0x0, 0x0, 0x8f, 0xff, 0xff, 0x70,
    0x0, 0x2f, 0xff, 0xff, 0xd0, 0x0, 0x0, 0x0,
    0xef, 0xff, 0xff, 0x10, 0xb, 0xff, 0xff, 0xf5,
    0x0, 0x0, 0x0, 0x7, 0xff, 0xff, 0xfa, 0x4,
    0xff, 0xff, 0xfc, 0x0, 0x0, 0x0, 0x0, 0xe,
    0xff, 0xff, 0xf3,

    /* U+03A8 "Ψ" */
    0x1f, 0xff, 0xff, 0x30, 0x0, 0x8f, 0xff, 0xfc,
    0x0, 0x2, 0xff, 0xff, 0xf3, 0x1f, 0xff, 0xff,
    0x30, 0x0, 0x8f, 0xff, 0xfc, 0x0, 0x2, 0xff,
    0xff, 0xf3, 0x1f, 0xff, 0xff, 0x30, 0x0, 0x8f,
    0xff, 0xfc, 0x0, 0x2, 0xff, 0xff, 0xf3, 0x1f,
    0xff, 0xff, 0x30, 0x0, 0x8f, 0xff, 0xfc, 0x0,
    0x2, 0xff, 0xff, 0xf3, 0x1f, 0xff, 0xff, 0x30,
    0x0, 0x8f, 0xff, 0xfc, 0x0, 0x2, 0xff, 0xff,
    0xf3, 0x1f, 0xff, 0xff, 0x30, 0x0, 0x8f, 0xff,
    0xfc, 0x0, 0x2, 0xff, 0xff, 0xf3, 0x1f, 0xff,
    0xff, 0x30, 0x0, 0x8f, 0xff, 0xfc, 0x0, 0x2,
    0xff, 0xff, 0xf3, 0x1f, 0xff, 0xff, 0x30, 0x0,
    0x8f, 0xff, 0xfc, 0x0, 0x2, 0xff, 0xff, 0xf3,
    0xf, 0xff, 0xff, 0x30, 0x0, 0x8f, 0xff, 0xfc,
    0x0, 0x2, 0xff, 0xff, 0xf2, 0xf, 0xff, 0xff,
    0x40, 0x0, 0x8f, 0xff, 0xfc, 0x0, 0x3, 0xff,
    0xff, 0xf1, 0xe, 0xff, 0xff, 0x60, 0x0, 0x8f,
    0xff, 0xfc, 0x0, 0x5, 0xff, 0xff, 0xf0, 0xb,
    0xff, 0xff, 0xb0, 0x0, 0x8f, 0xff, 0xfc, 0x0,
    0x9, 0xff, 0xff, 0xc0, 0x6, 0xff, 0xff, 0xf3,
    0x0, 0x8f, 0xff, 0xfc, 0x0, 0x1f, 0xff, 0xff,
    0x80, 0x1, 0xff, 0xff, 0xfe, 0x30, 0x8f, 0xff,
    0xfc, 0x1, 0xcf, 0xff, 0xff, 0x10, 0x0, 0x7f,
    0xff, 0xff, 0xfa, 0xbf, 0xff, 0xfd, 0x8e, 0xff,
    0xff, 0xf9, 0x0, 0x0, 0xb, 0xff, 0xff, 0xff,
    0xff, 0xff, 0xff, 0xff, 0xff, 0xff, 0xc0, 0x0,
    0x0, 0x0, 0xbf, 0xff, 0xff, 0xff, 0xff, 0xff,
    0xff, 0xff, 0xfc, 0x10, 0x0, 0x0, 0x0, 0x7,
    0xff, 0xff, 0xff, 0xff, 0xff, 0xff, 0xff, 0x70,
    0x0, 0x0, 0x0, 0x0, 0x0, 0x6, 0xbe, 0xff,
    0xff, 0xff, 0xeb, 0x61, 0x0, 0x0, 0x0, 0x0,
    0x0, 0x0, 0x0, 0x0, 0x8f, 0xff, 0xfc, 0x0,
    0x0, 0x0, 0x0, 0x0, 0x0, 0x0, 0x0, 0x0,
    0x0, 0x8f, 0xff, 0xfc, 0x0, 0x0, 0x0, 0x0,
    0x0, 0x0, 0x0, 0x0, 0x0, 0x0, 0x8f, 0xff,
    0xfc, 0x0, 0x0, 0x0, 0x0, 0x0, 0x0, 0x0,
    0x0, 0x0, 0x0, 0x8f, 0xff, 0xfc, 0x0, 0x0,
    0x0, 0x0, 0x0, 0x0, 0x0, 0x0, 0x0, 0x0,
    0x8f, 0xff, 0xfc, 0x0, 0x0, 0x0, 0x0, 0x0,
    0x0, 0x0, 0x0, 0x0, 0x0, 0x8f, 0xff, 0xfc,
    0x0, 0x0, 0x0, 0x0, 0x0, 0x0, 0x0, 0x0,
    0x0, 0x0, 0x8f, 0xff, 0xfc, 0x0, 0x0, 0x0,
    0x0, 0x0,

    /* U+03A9 "Ω" */
    0x0, 0x0, 0x0, 0x16, 0xbd, 0xff, 0xda, 0x60,
    0x0, 0x0, 0x0, 0x0, 0x0, 0x8, 0xff, 0xff,
    0xff, 0xff, 0xfe, 0x60, 0x0, 0x0, 0x0, 0x0,
    0xbf, 0xff, 0xff, 0xff, 0xff, 0xff, 0xfa, 0x0,
    0x0, 0x0, 0xb, 0xff, 0xff, 0xff, 0xff, 0xff,
    0xff, 0xff, 0xa0, 0x0, 0x0, 0x7f, 0xff, 0xff,
    0xfb, 0x88, 0xcf, 0xff, 0xff, 0xf6, 0x0, 0x1,
    0xff, 0xff, 0xff, 0x50, 0x0, 0x7, 0xff, 0xff,
    0xfe, 0x0, 0x7, 0xff, 0xff, 0xf9, 0x0, 0x0,
    0x0, 0xaf, 0xff, 0xff, 0x50, 0xc, 0xff, 0xff,
    0xf2, 0x0, 0x0, 0x0, 0x4f, 0xff, 0xff, 0xa0,
    0xf, 0xff, 0xff, 0xe0, 0x0, 0x0, 0x0, 0xf,
    0xff, 0xff, 0xe0, 0x1f, 0xff, 0xff, 0xc0, 0x0,
    0x0, 0x0, 0xd, 0xff, 0xff, 0xf0, 0x2f, 0xff,
    0xff, 0xb0, 0x0, 0x0, 0x0, 0xc, 0xff, 0xff,
    0xf1, 0x3f, 0xff, 0xff, 0xb0, 0x0, 0x0, 0x0,
    0xc, 0xff, 0xff, 0xf1, 0x2f, 0xff, 0xff, 0xb0,
    0x0, 0x0, 0x0, 0xc, 0xff, 0xff, 0xf1, 0x1f,
    0xff, 0xff, 0xb0, 0x0, 0x0, 0x0, 0xd, 0xff,
    0xff, 0xf0, 0xf, 0xff, 0xff, 0xc0, 0x0, 0x0,
    0x0, 0xd, 0xff, 0xff, 0xe0, 0xc, 0xff, 0xff,
    0xd0, 0x0, 0x0, 0x0, 0xf, 0xff, 0xff, 0xa0,
    0x7, 0xff, 0xff, 0xf0, 0x0, 0x0, 0x0, 0x1f,
    0xff, 0xff, 0x50, 0x1, 0xff, 0xff, 0xf3, 0x0,
    0x0, 0x0, 0x4f, 0xff, 0xfe, 0x0, 0x0, 0x7f,
    0xff, 0xf8, 0x0, 0x0, 0x0, 0xaf, 0xff, 0xf5,
    0x0, 0x0, 0xd, 0xff, 0xff, 0x10, 0x0, 0x2,
    0xff, 0xff, 0xc0, 0x0, 0x0, 0x2, 0xef, 0xff,
    0xb0, 0x0, 0xc, 0xff, 0xfd, 0x10, 0x0, 0x6,
    0x77, 0xaf, 0xff, 0xfd, 0x0, 0xdf, 0xff, 0xf9,
    0x77, 0x50, 0xe, 0xff, 0xff, 0xff, 0xff, 0x11,
    0xff, 0xff, 0xff, 0xff, 0xc0, 0xe, 0xff, 0xff,
    0xff, 0xff, 0x11, 0xff, 0xff, 0xff, 0xff, 0xc0,
    0xe, 0xff, 0xff, 0xff, 0xff, 0x11, 0xff, 0xff,
    0xff, 0xff, 0xc0, 0xe, 0xff, 0xff, 0xff, 0xff,
    0x11, 0xff, 0xff, 0xff, 0xff, 0xc0,

    /* U+03AA "Ϊ" */
    0x2, 0x88, 0x10, 0x0, 0x0, 0x59, 0x50, 0x2f,
    0xff, 0xe1, 0x0, 0x8, 0xff, 0xf8, 0x7f, 0xff,
    0xf5, 0x0, 0xd, 0xff, 0xfe, 0x4f, 0xff, 0xf2,
    0x0, 0xb, 0xff, 0xfc, 0x8, 0xee, 0x60, 0x0,
    0x2, 0xcf, 0xc2, 0x0, 0x0, 0x0, 0x0, 0x0,
    0x0, 0x0, 0x0, 0x0, 0x0, 0x0, 0x0, 0x0,
    0x0, 0x0, 0x0, 0x6f, 0xff, 0xfe, 0x0, 0x0,
    0x0, 0x0, 0x6f, 0xff, 0xfe, 0x0, 0x0, 0x0,
    0x0, 0x6f, 0xff, 0xfe, 0x0, 0x0, 0x0, 0x0,
    0x6f, 0xff, 0xfe, 0x0, 0x0, 0x0, 0x0, 0x6f,
    0xff, 0xfe, 0x0, 0x0, 0x0, 0x0, 0x6f, 0xff,
    0xfe, 0x0, 0x0, 0x0, 0x0, 0x6f, 0xff, 0xfe,
    0x0, 0x0, 0x0, 0x0, 0x6f, 0xff, 0xfe, 0x0,
    0x0, 0x0, 0x0, 0x6f, 0xff, 0xfe, 0x0, 0x0,
    0x0, 0x0, 0x6f, 0xff, 0xfe, 0x0, 0x0, 0x0,
    0x0, 0x6f, 0xff, 0xfe, 0x0, 0x0, 0x0, 0x0,
    0x6f, 0xff, 0xfe, 0x0, 0x0, 0x0, 0x0, 0x6f,
    0xff, 0xfe, 0x0, 0x0, 0x0, 0x0, 0x6f, 0xff,
    0xfe, 0x0, 0x0, 0x0, 0x0, 0x6f, 0xff, 0xfe,
    0x0, 0x0, 0x0, 0x0, 0x6f, 0xff, 0xfe, 0x0,
    0x0, 0x0, 0x0, 0x6f, 0xff, 0xfe, 0x0, 0x0,
    0x0, 0x0, 0x6f, 0xff, 0xfe, 0x0, 0x0, 0x0,
    0x0, 0x6f, 0xff, 0xfe, 0x0, 0x0, 0x0, 0x0,
    0x6f, 0xff, 0xfe, 0x0, 0x0, 0x0, 0x0, 0x6f,
    0xff, 0xfe, 0x0, 0x0, 0x0, 0x0, 0x6f, 0xff,
    0xfe, 0x0, 0x0, 0x0, 0x0, 0x6f, 0xff, 0xfe,
    0x0, 0x0, 0x0, 0x0, 0x6f, 0xff, 0xfe, 0x0,
    0x0, 0x0, 0x0, 0x6f, 0xff, 0xfe, 0x0, 0x0,
    0x0, 0x0, 0x6f, 0xff, 0xfe, 0x0, 0x0,

    /* U+03AB "Ϋ" */
    0x0, 0x0, 0x3, 0x87, 0x10, 0x0, 0x0, 0x69,
    0x50, 0x0, 0x0, 0x0, 0x0, 0x3, 0xff, 0xfd,
    0x0, 0x0, 0x9f, 0xff, 0x70, 0x0, 0x0, 0x0,
    0x0, 0x8f, 0xff, 0xf3, 0x0, 0xe, 0xff, 0xfd,
    0x0, 0x0, 0x0, 0x0, 0x5, 0xff, 0xff, 0x10,
    0x0, 0xcf, 0xff, 0xa0, 0x0, 0x0, 0x0, 0x0,
    0x9, 0xee, 0x50, 0x0, 0x2, 0xcf, 0xb1, 0x0,
    0x0, 0x0, 0x0, 0x0, 0x0, 0x0, 0x0, 0x0,
    0x0, 0x0, 0x0, 0x0, 0x0, 0x0, 0x0, 0x0,
    0x0, 0x0, 0x0, 0x0, 0x0, 0x0, 0x0, 0x0,
    0xb, 0xff, 0xff, 0xf1, 0x0, 0x0, 0x0, 0x0,
    0xc, 0xff, 0xff, 0xe0, 0x3f, 0xff, 0xff, 0x70,
    0x0, 0x0, 0x0, 0x3, 0xff, 0xff, 0xf7, 0x0,
    0xbf, 0xff, 0xfe, 0x0, 0x0, 0x0, 0x0, 0xbf,
    0xff, 0xfe, 0x0, 0x3, 0xff, 0xff, 0xf6, 0x0,
    0x0, 0x0, 0x2f, 0xff, 0xff, 0x70, 0x0, 0xa,
    0xff, 0xff, 0xd0, 0x0, 0x0, 0x9, 0xff, 0xff,
    0xe0, 0x0, 0x0, 0x2f, 0xff, 0xff, 0x40, 0x0,
    0x1, 0xff, 0xff, 0xf6, 0x0, 0x0, 0x0, 0xaf,
    0xff, 0xfc, 0x0, 0x0, 0x8f, 0xff, 0xfe, 0x0,
    0x0, 0x0, 0x2, 0xff, 0xff, 0xf3, 0x0, 0xe,
    0xff, 0xff, 0x60, 0x0, 0x0, 0x0, 0xa, 0xff,
    0xff, 0xa0, 0x6, 0xff, 0xff, 0xe0, 0x0, 0x0,
    0x0, 0x0, 0x2f, 0xff, 0xff, 0x20, 0xdf, 0xff,
    0xf6, 0x0, 0x0, 0x0, 0x0, 0x0, 0xaf, 0xff,
    0xf9, 0x5f, 0xff, 0xfd, 0x0, 0x0, 0x0, 0x0,
    0x0, 0x2, 0xff, 0xff, 0xfc, 0xff, 0xff, 0x60,
    0x0, 0x0, 0x0, 0x0, 0x0, 0x9, 0xff, 0xff,
    0xff, 0xff, 0xd0, 0x0, 0x0, 0x0, 0x0, 0x0,
    0x0, 0x2f, 0xff, 0xff, 0xff, 0xf5, 0x0, 0x0,
    0x0, 0x0, 0x0, 0x0, 0x0, 0x9f, 0xff, 0xff,
    0xfd, 0x0, 0x0, 0x0, 0x0, 0x0, 0x0, 0x0,
    0x1, 0xff, 0xff, 0xff, 0x50, 0x0, 0x0, 0x0,
    0x0, 0x0, 0x0, 0x0, 0xa, 0xff, 0xff, 0xd0,
    0x0, 0x0, 0x0, 0x0, 0x0, 0x0, 0x0, 0x0,
    0x8f, 0xff, 0xfc, 0x0, 0x0, 0x0, 0x0, 0x0,
    0x0, 0x0, 0x0, 0x8, 0xff, 0xff, 0xc0, 0x0,
    0x0, 0x0, 0x0, 0x0, 0x0, 0x0, 0x0, 0x8f,
    0xff, 0xfc, 0x0, 0x0, 0x0, 0x0, 0x0, 0x0,
    0x0, 0x0, 0x8, 0xff, 0xff, 0xc0, 0x0, 0x0,
    0x0, 0x0, 0x0, 0x0, 0x0, 0x0, 0x8f, 0xff,
    0xfc, 0x0, 0x0, 0x0, 0x0, 0x0, 0x0, 0x0,
    0x0, 0x8, 0xff, 0xff, 0xc0, 0x0, 0x0, 0x0,
    0x0, 0x0, 0x0, 0x0, 0x0, 0x8f, 0xff, 0xfc,
    0x0, 0x0, 0x0, 0x0, 0x0, 0x0, 0x0, 0x0,
    0x8, 0xff, 0xff, 0xc0, 0x0, 0x0, 0x0, 0x0,
    0x0, 0x0, 0x0, 0x0, 0x8f, 0xff, 0xfc, 0x0,
    0x0, 0x0, 0x0, 0x0,

    /* U+03AC "ά" */
    0x0, 0x0, 0x0, 0x0, 0x2, 0x44, 0x43, 0x0,
    0x0, 0x0, 0x0, 0x0, 0x0, 0x0, 0xd, 0xff,
    0xf9, 0x0, 0x0, 0x0, 0x0, 0x0, 0x0, 0x0,
    0xf, 0xff, 0xf2, 0x0, 0x0, 0x0, 0x0, 0x0,
    0x0, 0x0, 0x3f, 0xff, 0xa0, 0x0, 0x0, 0x0,
    0x0, 0x0, 0x0, 0x0, 0x7f, 0xff, 0x30, 0x0,
    0x0, 0x0, 0x0, 0x0, 0x0, 0x0, 0xaf, 0xfc,
    0x0, 0x0, 0x0, 0x0, 0x0, 0x0, 0x0, 0x0,
    0xdf, 0xf4, 0x0, 0x0, 0x0, 0x0, 0x0, 0x0,
    0x0, 0x0, 0x0, 0x0, 0x0, 0x0, 0x0, 0x0,
    0x0, 0x0, 0x0, 0x0, 0x0, 0x0, 0x0, 0x0,
    0x0, 0x0, 0x0, 0x0, 0x0, 0x0, 0x0, 0x0,
    0x0, 0x0, 0x0, 0x0, 0x0, 0x0, 0x3a, 0xdf,
    0xea, 0x30, 0x5f, 0xff, 0xf2, 0x0, 0x0, 0x8,
    0xff, 0xff, 0xff, 0xf6, 0x8f, 0xff, 0xf2, 0x0,
    0x0, 0x7f, 0xff, 0xff, 0xff, 0xff, 0xdf, 0xff,
    0xf2, 0x0, 0x2, 0xff, 0xff, 0xff, 0xff, 0xff,
    0xff, 0xff, 0xf2, 0x0, 0xa, 0xff, 0xff, 0xf9,
    0x44, 0x9f, 0xff, 0xff, 0xf2, 0x0, 0xf, 0xff,
    0xff, 0x80, 0x0, 0x5, 0xff, 0xff, 0xf2, 0x0,
    0x4f, 0xff, 0xff, 0x0, 0x0, 0x0, 0xff, 0xff,
    0xf2, 0x0, 0x7f, 0xff, 0xfb, 0x0, 0x0, 0x0,
    0xff, 0xff, 0xf2, 0x0, 0x9f, 0xff, 0xf8, 0x0,
    0x0, 0x0, 0xff, 0xff, 0xf2, 0x0, 0xaf, 0xff,
    0xf7, 0x0, 0x0, 0x0, 0xff, 0xff, 0xf2, 0x0,
    0xbf, 0xff, 0xf6, 0x0, 0x0, 0x0, 0xff, 0xff,
    0xf2, 0x0, 0xaf, 0xff, 0xf8, 0x0, 0x0, 0x0,
    0xff, 0xff, 0xf2, 0x0, 0x9f, 0xff, 0xfa, 0x0,
    0x0, 0x0, 0xff, 0xff, 0xf2, 0x0, 0x6f, 0xff,
    0xfe, 0x0, 0x0, 0x0, 0xff, 0xff, 0xf2, 0x0,
    0x2f, 0xff, 0xff, 0x60, 0x0, 0x5, 0xff, 0xff,
    0xf4, 0x0, 0xc, 0xff, 0xff, 0xfa, 0x66, 0xaf,
    0xff, 0xff, 0xfc, 0x40, 0x4, 0xff, 0xff, 0xff,
    0xff, 0xff, 0xff, 0xff, 0xff, 0xd0, 0x0, 0xaf,
    0xff, 0xff, 0xff, 0xff, 0x5f, 0xff, 0xff, 0xf0,
    0x0, 0xa, 0xff, 0xff, 0xff, 0xf6, 0x7, 0xff,
    0xff, 0xf1, 0x0, 0x0, 0x4a, 0xef, 0xea, 0x30,
    0x0, 0x5c, 0xff, 0xc1,

    /* U+03AD "έ" */
    0x0, 0x0, 0x0, 0x0, 0x14, 0x44, 0x41, 0x0,
    0x0, 0x0, 0x0, 0x0, 0x0, 0x7f, 0xff, 0xe0,
    0x0, 0x0, 0x0, 0x0, 0x0, 0x0, 0xaf, 0xff,
    0x80, 0x0, 0x0, 0x0, 0x0, 0x0, 0x0, 0xdf,
    0xff, 0x10, 0x0, 0x0, 0x0, 0x0, 0x0, 0x1,
    0xff, 0xf9, 0x0, 0x0, 0x0, 0x0, 0x0, 0x0,
    0x4, 0xff, 0xf2, 0x0, 0x0, 0x0, 0x0, 0x0,
    0x0, 0x7, 0xff, 0xa0, 0x0, 0x0, 0x0, 0x0,
    0x0, 0x0, 0x0, 0x0, 0x0, 0x0, 0x0, 0x0,
    0x0, 0x0, 0x0, 0x0, 0x0, 0x0, 0x0, 0x0,
    0x0, 0x0, 0x0, 0x0, 0x0, 0x0, 0x0, 0x0,
    0x0, 0x0, 0x0, 0x0, 0x27, 0xbd, 0xff, 0xec,
    0x94, 0x0, 0x0, 0x0, 0x9, 0xff, 0xff, 0xff,
    0xff, 0xff, 0xc2, 0x0, 0x0, 0xdf, 0xff, 0xff,
    0xff, 0xff, 0xff, 0xff, 0x30, 0x8, 0xff, 0xff,
    0xff, 0xff, 0xff, 0xff, 0xff, 0xe0, 0xe, 0xff,
    0xff, 0xd4, 0x0, 0x28, 0xff, 0xff, 0xf4, 0xf,
    0xff, 0xff, 0x30, 0x0, 0x0, 0xae, 0xee, 0xe6,
    0xe, 0xff, 0xff, 0x20, 0x0, 0x0, 0x0, 0x0,
    0x0, 0x7, 0xff, 0xff, 0xc3, 0x0, 0x0, 0x0,
    0x0, 0x0, 0x0, 0xaf, 0xff, 0xff, 0xff, 0xff,
    0x80, 0x0, 0x0, 0x0, 0x5, 0xff, 0xff, 0xff,
    0xff, 0x80, 0x0, 0x0, 0x0, 0x6e, 0xff, 0xff,
    0xff, 0xff, 0x80, 0x0, 0x0, 0x7, 0xff, 0xff,
    0xfc, 0x98, 0x88, 0x40, 0x0, 0x0, 0xf, 0xff,
    0xff, 0x40, 0x0, 0x0, 0x0, 0x0, 0x0, 0x3f,
    0xff, 0xfc, 0x0, 0x0, 0x0, 0x1, 0x11, 0x11,
    0x4f, 0xff, 0xfe, 0x0, 0x0, 0x0, 0x7f, 0xff,
    0xfc, 0x2f, 0xff, 0xff, 0xc3, 0x0, 0x17, 0xff,
    0xff, 0xf9, 0xb, 0xff, 0xff, 0xff, 0xff, 0xff,
    0xff, 0xff, 0xf2, 0x1, 0xdf, 0xff, 0xff, 0xff,
    0xff, 0xff, 0xff, 0x60, 0x0, 0x19, 0xff, 0xff,
    0xff, 0xff, 0xff, 0xd4, 0x0, 0x0, 0x0, 0x17,
    0xbd, 0xff, 0xed, 0x94, 0x0, 0x0,

    /* U+03AE "ή" */
    0x0, 0x0, 0x0, 0x0, 0x14, 0x44, 0x40, 0x0,
    0x0, 0x0, 0x0, 0x0, 0x0, 0x9f, 0xff, 0xd0,
    0x0, 0x0, 0x0, 0x0, 0x0, 0x0, 0xcf, 0xff,
    0x60, 0x0, 0x0, 0x0, 0x0, 0x0, 0x0, 0xff,
    0xfe, 0x0, 0x0, 0x0, 0x0, 0x0, 0x0, 0x3,
    0xff, 0xf7, 0x0, 0x0, 0x0, 0x0, 0x0, 0x0,
    0x6, 0xff, 0xe0, 0x0, 0x0, 0x0, 0x0, 0x0,
    0x0, 0x9, 0xff, 0x80, 0x0, 0x0, 0x0, 0x0,
    0x0, 0x0, 0x0, 0x0, 0x0, 0x0, 0x0, 0x0,
    0x0, 0x0, 0x0, 0x0, 0x0, 0x0, 0x0, 0x0,
    0x0, 0x1f, 0xff, 0xfa, 0x0, 0x6c, 0xef, 0xea,
    0x30, 0x0, 0x1f, 0xff, 0xfb, 0x2d, 0xff, 0xff,
    0xff, 0xf7, 0x0, 0x1f, 0xff, 0xfe, 0xef, 0xff,
    0xff, 0xff, 0xff, 0x40, 0x1f, 0xff, 0xff, 0xff,
    0xff, 0xff, 0xff, 0xff, 0xc0, 0x1f, 0xff, 0xff,
    0xfa, 0x54, 0x6e, 0xff, 0xff, 0xf1, 0x1f, 0xff,
    0xff, 0x60, 0x0, 0x2, 0xff, 0xff, 0xf4, 0x1f,
    0xff, 0xff, 0x0, 0x0, 0x0, 0xdf, 0xff, 0xf5,
    0x1f, 0xff, 0xff, 0x0, 0x0, 0x0, 0xbf, 0xff,
    0xf6, 0x1f, 0xff, 0xff, 0x0, 0x0, 0x0, 0xbf,
    0xff, 0xf6, 0x1f, 0xff, 0xff, 0x0, 0x0, 0x0,
    0xbf, 0xff, 0xf6, 0x1f, 0xff, 0xff, 0x0, 0x0,
    0x0, 0xbf, 0xff, 0xf6, 0x1f, 0xff, 0xff, 0x0,
    0x0, 0x0, 0xbf, 0xff, 0xf6, 0x1f, 0xff, 0xff,
    0x0, 0x0, 0x0, 0xbf, 0xff, 0xf6, 0x1f, 0xff,
    0xff, 0x0, 0x0, 0x0, 0xbf, 0xff, 0xf6, 0x1f,
    0xff, 0xff, 0x0, 0x0, 0x0, 0xbf, 0xff, 0xf6,
    0x1f, 0xff, 0xff, 0x0, 0x0, 0x0, 0xbf, 0xff,
    0xf6, 0x1f, 0xff, 0xff, 0x0, 0x0, 0x0, 0xbf,
    0xff, 0xf6, 0x1f, 0xff, 0xff, 0x0, 0x0, 0x0,
    0xbf, 0xff, 0xf6, 0x1f, 0xff, 0xff, 0x0, 0x0,
    0x0, 0xbf, 0xff, 0xf6, 0x1f, 0xff, 0xff, 0x0,
    0x0, 0x0, 0xbf, 0xff, 0xf6, 0x0, 0x0, 0x0,
    0x0, 0x0, 0x0, 0xbf, 0xff, 0xf6, 0x0, 0x0,
    0x0, 0x0, 0x0, 0x0, 0xbf, 0xff, 0xf6, 0x0,
    0x0, 0x0, 0x0, 0x0, 0x0, 0xbf, 0xff, 0xf6,
    0x0, 0x0, 0x0, 0x0, 0x0, 0x0, 0xbf, 0xff,
    0xf6, 0x0, 0x0, 0x0, 0x0, 0x0, 0x0, 0xbf,
    0xff, 0xf6, 0x0, 0x0, 0x0, 0x0, 0x0, 0x0,
    0xbf, 0xff, 0xf6, 0x0, 0x0, 0x0, 0x0, 0x0,
    0x0, 0xbf, 0xff, 0xf6, 0x0, 0x0, 0x0, 0x0,
    0x0, 0x0, 0xbf, 0xff, 0xf6,

    /* U+03AF "ί" */
    0x0, 0x7f, 0xff, 0xf1, 0x0, 0xa, 0xff, 0xf9,
    0x0, 0x0, 0xdf, 0xff, 0x20, 0x0, 0xf, 0xff,
    0xa0, 0x0, 0x4, 0xff, 0xf3, 0x0, 0x0, 0x7f,
    0xfc, 0x0, 0x0, 0x2, 0x44, 0x10, 0x0, 0x0,
    0x0, 0x0, 0x0, 0x0, 0x0, 0x0, 0x0, 0x0,
    0x9, 0xff, 0xff, 0x80, 0x0, 0x9f, 0xff, 0xf8,
    0x0, 0x9, 0xff, 0xff, 0x80, 0x0, 0x9f, 0xff,
    0xf8, 0x0, 0x9, 0xff, 0xff, 0x80, 0x0, 0x9f,
    0xff, 0xf8, 0x0, 0x9, 0xff, 0xff, 0x80, 0x0,
    0x9f, 0xff, 0xf8, 0x0, 0x9, 0xff, 0xff, 0x80,
    0x0, 0x9f, 0xff, 0xf8, 0x0, 0x9, 0xff, 0xff,
    0x80, 0x0, 0x9f, 0xff, 0xf8, 0x0, 0x9, 0xff,
    0xff, 0x80, 0x0, 0x9f, 0xff, 0xf8, 0x0, 0x8,
    0xff, 0xff, 0xa0, 0x0, 0x7f, 0xff, 0xff, 0x85,
    0x64, 0xff, 0xff, 0xff, 0xff, 0xe, 0xff, 0xff,
    0xff, 0xf0, 0x3f, 0xff, 0xff, 0xff, 0x0, 0x29,
    0xdf, 0xfd, 0x90,

    /* U+03B0 "ΰ" */
    0x0, 0x0, 0x0, 0xc, 0xff, 0xfa, 0x0, 0x0,
    0x0, 0x0, 0x0, 0x0, 0xdf, 0xff, 0x30, 0x0,
    0x0, 0x0, 0x0, 0x0, 0xf, 0xff, 0xc0, 0x0,
    0x0, 0x0, 0x0, 0x0, 0x1, 0xff, 0xf4, 0x0,
    0x0, 0x0, 0x0, 0x0, 0x0, 0x3f, 0xfd, 0x0,
    0x0, 0x0, 0x0, 0x0, 0x0, 0x5, 0xff, 0x60,
    0x0, 0x0, 0x0, 0x1b, 0xfd, 0x30, 0x0, 0x0,
    0x2, 0xcf, 0xb1, 0x9, 0xff, 0xfe, 0x0, 0x0,
    0x0, 0xcf, 0xff, 0xb0, 0xbf, 0xff, 0xf0, 0x0,
    0x0, 0xe, 0xff, 0xfd, 0x6, 0xff, 0xfb, 0x0,
    0x0, 0x0, 0x8f, 0xff, 0x80, 0x4, 0x96, 0x0,
    0x0, 0x0, 0x0, 0x69, 0x50, 0x0, 0x0, 0x0,
    0x0, 0x0, 0x0, 0x0, 0x0, 0x0, 0xff, 0xff,
    0xf1, 0x0, 0x6, 0xff, 0xff, 0x80, 0xf, 0xff,
    0xff, 0x10, 0x0, 0x1f, 0xff, 0xfe, 0x0, 0xff,
    0xff, 0xf1, 0x0, 0x0, 0xdf, 0xff, 0xf3, 0xf,
    0xff, 0xff, 0x10, 0x0, 0x9, 0xff, 0xff, 0x80,
    0xff, 0xff, 0xf1, 0x0, 0x0, 0x5f, 0xff, 0xfc,
    0xf, 0xff, 0xff, 0x10, 0x0, 0x2, 0xff, 0xff,
    0xf0, 0xff, 0xff, 0xf1, 0x0, 0x0, 0xf, 0xff,
    0xff, 0x2f, 0xff, 0xff, 0x10, 0x0, 0x0, 0xef,
    0xff, 0xf3, 0xff, 0xff, 0xf1, 0x0, 0x0, 0xd,
    0xff, 0xff, 0x3f, 0xff, 0xff, 0x10, 0x0, 0x0,
    0xcf, 0xff, 0xf4, 0xff, 0xff, 0xf1, 0x0, 0x0,
    0xd, 0xff, 0xff, 0x3f, 0xff, 0xff, 0x10, 0x0,
    0x0, 0xff, 0xff, 0xf2, 0xff, 0xff, 0xf1, 0x0,
    0x0, 0x4f, 0xff, 0xff, 0xe, 0xff, 0xff, 0x20,
    0x0, 0xb, 0xff, 0xff, 0xb0, 0xcf, 0xff, 0xf7,
    0x0, 0x4, 0xff, 0xff, 0xf6, 0x8, 0xff, 0xff,
    0xf7, 0x47, 0xff, 0xff, 0xfe, 0x0, 0x1f, 0xff,
    0xff, 0xff, 0xff, 0xff, 0xff, 0x60, 0x0, 0x7f,
    0xff, 0xff, 0xff, 0xff, 0xff, 0xa0, 0x0, 0x0,
    0x7f, 0xff, 0xff, 0xff, 0xff, 0x90, 0x0, 0x0,
    0x0, 0x18, 0xce, 0xfe, 0xc8, 0x20, 0x0, 0x0,

    /* U+03B1 "α" */
    0x0, 0x0, 0x3a, 0xdf, 0xea, 0x30, 0x5f, 0xff,
    0xf2, 0x0, 0x0, 0x8, 0xff, 0xff, 0xff, 0xf6,
    0x8f, 0xff, 0xf2, 0x0, 0x0, 0x7f, 0xff, 0xff,
    0xff, 0xff, 0xdf, 0xff, 0xf2, 0x0, 0x2, 0xff,
    0xff, 0xff, 0xff, 0xff, 0xff, 0xff, 0xf2, 0x0,
    0xa, 0xff, 0xff, 0xf9, 0x44, 0x9f, 0xff, 0xff,
    0xf2, 0x0, 0xf, 0xff, 0xff, 0x80, 0x0, 0x5,
    0xff, 0xff, 0xf2, 0x0, 0x4f, 0xff, 0xff, 0x0,
    0x0, 0x0, 0xff, 0xff, 0xf2, 0x0, 0x7f, 0xff,
    0xfb, 0x0, 0x0, 0x0, 0xff, 0xff, 0xf2, 0x0,
    0x9f, 0xff, 0xf8, 0x0, 0x0, 0x0, 0xff, 0xff,
    0xf2, 0x0, 0xaf, 0xff, 0xf7, 0x0, 0x0, 0x0,
    0xff, 0xff, 0xf2, 0x0, 0xbf, 0xff, 0xf6, 0x0,
    0x0, 0x0, 0xff, 0xff, 0xf2, 0x0, 0xaf, 0xff,
    0xf8, 0x0, 0x0, 0x0, 0xff, 0xff, 0xf2, 0x0,
    0x9f, 0xff, 0xfa, 0x0, 0x0, 0x0, 0xff, 0xff,
    0xf2, 0x0, 0x6f, 0xff, 0xfe, 0x0, 0x0, 0x0,
    0xff, 0xff, 0xf2, 0x0, 0x2f, 0xff, 0xff, 0x60,
    0x0, 0x5, 0xff, 0xff, 0xf4, 0x0, 0xc, 0xff,
    0xff, 0xfa, 0x66, 0xaf, 0xff, 0xff, 0xfc, 0x40,
    0x4, 0xff, 0xff, 0xff, 0xff, 0xff, 0xff, 0xff,
    0xff, 0xd0, 0x0, 0xaf, 0xff, 0xff, 0xff, 0xff,
    0x5f, 0xff, 0xff, 0xf0, 0x0, 0xa, 0xff, 0xff,
    0xff, 0xf6, 0x7, 0xff, 0xff, 0xf1, 0x0, 0x0,
    0x4a, 0xef, 0xea, 0x30, 0x0, 0x5c, 0xff, 0xc1,

    /* U+03B2 "β" */
    0x0, 0x0, 0x5, 0xad, 0xff, 0xeb, 0x71, 0x0,
    0x0, 0x0, 0x0, 0x3d, 0xff, 0xff, 0xff, 0xff,
    0xf7, 0x0, 0x0, 0x0, 0x4f, 0xff, 0xff, 0xff,
    0xff, 0xff, 0xfa, 0x0, 0x0, 0x2f, 0xff, 0xff,
    0xff, 0xff, 0xff, 0xff, 0xf5, 0x0, 0xb, 0xff,
    0xff, 0xf9, 0x55, 0x9f, 0xff, 0xff, 0xd0, 0x1,
    0xff, 0xff, 0xf5, 0x0, 0x0, 0x7f, 0xff, 0xff,
    0x10, 0x5f, 0xff, 0xfd, 0x0, 0x0, 0x0, 0xff,
    0xff, 0xf3, 0x7, 0xff, 0xff, 0xa0, 0x0, 0x0,
    0xd, 0xff, 0xff, 0x30, 0x8f, 0xff, 0xf9, 0x0,
    0x0, 0x0, 0xff, 0xff, 0xf1, 0x8, 0xff, 0xff,
    0x90, 0x0, 0x0, 0x4f, 0xff, 0xfc, 0x0, 0x8f,
    0xff, 0xf9, 0x0, 0x0, 0x4e, 0xff, 0xff, 0x40,
    0x8, 0xff, 0xff, 0x90, 0x3f, 0xff, 0xff, 0xff,
    0x60, 0x0, 0x8f, 0xff, 0xf9, 0x3, 0xff, 0xff,
    0xff, 0x50, 0x0, 0x8, 0xff, 0xff, 0x90, 0x3f,
    0xff, 0xff, 0xff, 0x90, 0x0, 0x8f, 0xff, 0xf9,
    0x2, 0xee, 0xff, 0xff, 0xff, 0xd1, 0x8, 0xff,
    0xff, 0x90, 0x0, 0x0, 0x6e, 0xff, 0xff, 0x90,
    0x8f, 0xff, 0xf9, 0x0, 0x0, 0x0, 0x4f, 0xff,
    0xff, 0x18, 0xff, 0xff, 0x90, 0x0, 0x0, 0x0,
    0xdf, 0xff, 0xf4, 0x8f, 0xff, 0xf9, 0x0, 0x0,
    0x0, 0xb, 0xff, 0xff, 0x58, 0xff, 0xff, 0x90,
    0x0, 0x0, 0x0, 0xdf, 0xff, 0xf4, 0x8f, 0xff,
    0xf9, 0x0, 0x0, 0x0, 0x7f, 0xff, 0xff, 0x28,
    0xff, 0xff, 0xfc, 0x65, 0x46, 0xbf, 0xff, 0xff,
    0xe0, 0x8f, 0xff, 0xff, 0xff, 0xff, 0xff, 0xff,
    0xff, 0xf7, 0x8, 0xff, 0xff, 0xff, 0xff, 0xff,
    0xff, 0xff, 0xfb, 0x0, 0x8f, 0xff, 0xfe, 0xff,
    0xff, 0xff, 0xff, 0xfa, 0x0, 0x8, 0xff, 0xff,
    0x92, 0x8c, 0xef, 0xed, 0x93, 0x0, 0x0, 0x8f,
    0xff, 0xf9, 0x0, 0x0, 0x0, 0x0, 0x0, 0x0,
    0x8, 0xff, 0xff, 0x90, 0x0, 0x0, 0x0, 0x0,
    0x0, 0x0, 0x8f, 0xff, 0xf9, 0x0, 0x0, 0x0,
    0x0, 0x0, 0x0, 0x8, 0xff, 0xff, 0x90, 0x0,
    0x0, 0x0, 0x0, 0x0, 0x0, 0x8f, 0xff, 0xf9,
    0x0, 0x0, 0x0, 0x0, 0x0, 0x0, 0x8, 0xff,
    0xff, 0x90, 0x0, 0x0, 0x0, 0x0, 0x0, 0x0,
    0x8f, 0xff, 0xf9, 0x0, 0x0, 0x0, 0x0, 0x0,
    0x0, 0x8, 0xff, 0xff, 0x90, 0x0, 0x0, 0x0,
    0x0, 0x0, 0x0,

    /* U+03B3 "γ" */
    0x8f, 0xff, 0xfc, 0x0, 0x0, 0x0, 0x5f, 0xff,
    0xfe, 0x3, 0xff, 0xff, 0xf0, 0x0, 0x0, 0x9,
    0xff, 0xff, 0xa0, 0xe, 0xff, 0xff, 0x40, 0x0,
    0x0, 0xdf, 0xff, 0xf4, 0x0, 0x9f, 0xff, 0xf8,
    0x0, 0x0, 0x1f, 0xff, 0xff, 0x0, 0x4, 0xff,
    0xff, 0xd0, 0x0, 0x5, 0xff, 0xff, 0xa0, 0x0,
    0xe, 0xff, 0xff, 0x10, 0x0, 0x9f, 0xff, 0xf5,
    0x0, 0x0, 0x9f, 0xff, 0xf5, 0x0, 0xd, 0xff,
    0xff, 0x0, 0x0, 0x4, 0xff, 0xff, 0x90, 0x1,
    0xff, 0xff, 0xb0, 0x0, 0x0, 0xf, 0xff, 0xfd,
    0x0, 0x5f, 0xff, 0xf6, 0x0, 0x0, 0x0, 0xaf,
    0xff, 0xf2, 0x9, 0xff, 0xff, 0x10, 0x0, 0x0,
    0x5, 0xff, 0xff, 0x60, 0xdf, 0xff, 0xb0, 0x0,
    0x0, 0x0, 0xf, 0xff, 0xfa, 0x2f, 0xff, 0xf6,
    0x0, 0x0, 0x0, 0x0, 0xbf, 0xff, 0xe6, 0xff,
    0xff, 0x10, 0x0, 0x0, 0x0, 0x6, 0xff, 0xff,
    0xdf, 0xff, 0xc0, 0x0, 0x0, 0x0, 0x0, 0x1f,
    0xff, 0xff, 0xff, 0xf7, 0x0, 0x0, 0x0, 0x0,
    0x0, 0xbf, 0xff, 0xff, 0xff, 0x20, 0x0, 0x0,
    0x0, 0x0, 0x6, 0xff, 0xff, 0xff, 0xd0, 0x0,
    0x0, 0x0, 0x0, 0x0, 0x1f, 0xff, 0xff, 0xf8,
    0x0, 0x0, 0x0, 0x0, 0x0, 0x0, 0xcf, 0xff,
    0xff, 0x30, 0x0, 0x0, 0x0, 0x0, 0x0, 0x7,
    0xff, 0xff, 0xd0, 0x0, 0x0, 0x0, 0x0, 0x0,
    0x0, 0x5f, 0xff, 0xfc, 0x0, 0x0, 0x0, 0x0,
    0x0, 0x0, 0x5, 0xff, 0xff, 0xc0, 0x0, 0x0,
    0x0, 0x0, 0x0, 0x0, 0x5f, 0xff, 0xfc, 0x0,
    0x0, 0x0, 0x0, 0x0, 0x0, 0x5, 0xff, 0xff,
    0xc0, 0x0, 0x0, 0x0, 0x0, 0x0, 0x0, 0x5f,
    0xff, 0xfc, 0x0, 0x0, 0x0, 0x0, 0x0, 0x0,
    0x5, 0xff, 0xff, 0xc0, 0x0, 0x0, 0x0, 0x0,
    0x0, 0x0, 0x5f, 0xff, 0xfc, 0x0, 0x0, 0x0,
    0x0, 0x0, 0x0, 0x5, 0xff, 0xff, 0xc0, 0x0,
    0x0, 0x0,

    /* U+03B4 "δ" */
    0x0, 0x0, 0x2, 0x8c, 0xef, 0xfd, 0xa6, 0x0,
    0x0, 0x0, 0x0, 0x8, 0xff, 0xff, 0xff, 0xff,
    0xf3, 0x0, 0x0, 0x0, 0x8, 0xff, 0xff, 0xff,
    0xff, 0xff, 0x30, 0x0, 0x0, 0x2, 0xff, 0xff,
    0xff, 0xff, 0xff, 0xf3, 0x0, 0x0, 0x0, 0x7f,
    0xff, 0xfc, 0x30, 0x2, 0x5a, 0x20, 0x0, 0x0,
    0x9, 0xff, 0xff, 0x40, 0x0, 0x0, 0x0, 0x0,
    0x0, 0x0, 0x8f, 0xff, 0xf7, 0x0, 0x0, 0x0,
    0x0, 0x0, 0x0, 0x5, 0xff, 0xff, 0xf7, 0x0,
    0x0, 0x0, 0x0, 0x0, 0x0, 0xd, 0xff, 0xff,
    0xfe, 0x82, 0x0, 0x0, 0x0, 0x0, 0x0, 0x2e,
    0xff, 0xff, 0xff, 0xf9, 0x10, 0x0, 0x0, 0x0,
    0x0, 0x1b, 0xff, 0xff, 0xff, 0xfe, 0x40, 0x0,
    0x0, 0x0, 0x19, 0xff, 0xff, 0xff, 0xff, 0xff,
    0x60, 0x0, 0x0, 0x2e, 0xff, 0xff, 0xdd, 0xff,
    0xff, 0xff, 0x40, 0x0, 0x1e, 0xff, 0xfe, 0x30,
    0x3, 0xef, 0xff, 0xfe, 0x0, 0xa, 0xff, 0xff,
    0x40, 0x0, 0x2, 0xff, 0xff, 0xf6, 0x2, 0xff,
    0xff, 0xd0, 0x0, 0x0, 0x8, 0xff, 0xff, 0xc0,
    0x7f, 0xff, 0xf8, 0x0, 0x0, 0x0, 0x2f, 0xff,
    0xff, 0xa, 0xff, 0xff, 0x60, 0x0, 0x0, 0x0,
    0xef, 0xff, 0xf2, 0xbf, 0xff, 0xf4, 0x0, 0x0,
    0x0, 0xd, 0xff, 0xff, 0x4c, 0xff, 0xff, 0x50,
    0x0, 0x0, 0x0, 0xdf, 0xff, 0xf3, 0xbf, 0xff,
    0xf7, 0x0, 0x0, 0x0, 0xf, 0xff, 0xff, 0x29,
    0xff, 0xff, 0xa0, 0x0, 0x0, 0x2, 0xff, 0xff,
    0xf0, 0x5f, 0xff, 0xff, 0x10, 0x0, 0x0, 0x8f,
    0xff, 0xfc, 0x1, 0xff, 0xff, 0xf9, 0x0, 0x0,
    0x2f, 0xff, 0xff, 0x60, 0x9, 0xff, 0xff, 0xfa,
    0x43, 0x6e, 0xff, 0xff, 0xe0, 0x0, 0xe, 0xff,
    0xff, 0xff, 0xff, 0xff, 0xff, 0xf5, 0x0, 0x0,
    0x3e, 0xff, 0xff, 0xff, 0xff, 0xff, 0xf8, 0x0,
    0x0, 0x0, 0x2c, 0xff, 0xff, 0xff, 0xff, 0xf6,
    0x0, 0x0, 0x0, 0x0, 0x4, 0x9d, 0xff, 0xec,
    0x71, 0x0, 0x0, 0x0,

    /* U+03B5 "ε" */
    0x0, 0x0, 0x27, 0xbd, 0xff, 0xec, 0x94, 0x0,
    0x0, 0x0, 0x9, 0xff, 0xff, 0xff, 0xff, 0xff,
    0xc2, 0x0, 0x0, 0xdf, 0xff, 0xff, 0xff, 0xff,
    0xff, 0xff, 0x30, 0x8, 0xff, 0xff, 0xff, 0xff,
    0xff, 0xff, 0xff, 0xe0, 0xe, 0xff, 0xff, 0xd4,
    0x0, 0x28, 0xff, 0xff, 0xf4, 0xf, 0xff, 0xff,
    0x30, 0x0, 0x0, 0xae, 0xee, 0xe6, 0xe, 0xff,
    0xff, 0x20, 0x0, 0x0, 0x0, 0x0, 0x0, 0x7,
    0xff, 0xff, 0xc3, 0x0, 0x0, 0x0, 0x0, 0x0,
    0x0, 0xaf, 0xff, 0xff, 0xff, 0xff, 0x80, 0x0,
    0x0, 0x0, 0x5, 0xff, 0xff, 0xff, 0xff, 0x80,
    0x0, 0x0, 0x0, 0x6e, 0xff, 0xff, 0xff, 0xff,
    0x80, 0x0, 0x0, 0x7, 0xff, 0xff, 0xfc, 0x98,
    0x88, 0x40, 0x0, 0x0, 0xf, 0xff, 0xff, 0x40,
    0x0, 0x0, 0x0, 0x0, 0x0, 0x3f, 0xff, 0xfc,
    0x0, 0x0, 0x0, 0x1, 0x11, 0x11, 0x4f, 0xff,
    0xfe, 0x0, 0x0, 0x0, 0x7f, 0xff, 0xfc, 0x2f,
    0xff, 0xff, 0xc3, 0x0, 0x17, 0xff, 0xff, 0xf9,
    0xb, 0xff, 0xff, 0xff, 0xff, 0xff, 0xff, 0xff,
    0xf2, 0x1, 0xdf, 0xff, 0xff, 0xff, 0xff, 0xff,
    0xff, 0x60, 0x0, 0x19, 0xff, 0xff, 0xff, 0xff,
    0xff, 0xd4, 0x0, 0x0, 0x0, 0x17, 0xbd, 0xff,
    0xed, 0x94, 0x0, 0x0,

    /* U+03B6 "ζ" */
    0xaf, 0xff, 0xff, 0xff, 0xff, 0xff, 0xff, 0xff,
    0xa, 0xff, 0xff, 0xff, 0xff, 0xff, 0xff, 0xff,
    0xf0, 0xaf, 0xff, 0xff, 0xff, 0xff, 0xff, 0xff,
    0xff, 0xa, 0xff, 0xff, 0xff, 0xff, 0xff, 0xff,
    0xff, 0x90, 0x23, 0x33, 0x33, 0x33, 0x3d, 0xff,
    0xff, 0xc0, 0x0, 0x0, 0x0, 0x0, 0x9, 0xff,
    0xff, 0xe1, 0x0, 0x0, 0x0, 0x0, 0x6, 0xff,
    0xff, 0xf3, 0x0, 0x0, 0x0, 0x0, 0x4, 0xff,
    0xff, 0xf5, 0x0, 0x0, 0x0, 0x0, 0x2, 0xef,
    0xff, 0xf8, 0x0, 0x0, 0x0, 0x0, 0x0, 0xcf,
    0xff, 0xfb, 0x0, 0x0, 0x0, 0x0, 0x0, 0x9f,
    0xff, 0xfd, 0x10, 0x0, 0x0, 0x0, 0x0, 0x4f,
    0xff, 0xff, 0x20, 0x0, 0x0, 0x0, 0x0, 0xd,
    0xff, 0xff, 0x60, 0x0, 0x0, 0x0, 0x0, 0x7,
    0xff, 0xff, 0xb0, 0x0, 0x0, 0x0, 0x0, 0x0,
    0xef, 0xff, 0xf2, 0x0, 0x0, 0x0, 0x0, 0x0,
    0x4f, 0xff, 0xfb, 0x0, 0x0, 0x0, 0x0, 0x0,
    0x9, 0xff, 0xff, 0x60, 0x0, 0x0, 0x0, 0x0,
    0x0, 0xbf, 0xff, 0xf4, 0x0, 0x0, 0x0, 0x0,
    0x0, 0xd, 0xff, 0xff, 0x20, 0x0, 0x0, 0x0,
    0x0, 0x0, 0xef, 0xff, 0xf4, 0x0, 0x0, 0x0,
    0x0, 0x0, 0xd, 0xff, 0xff, 0x80, 0x0, 0x0,
    0x0, 0x0, 0x0, 0xaf, 0xff, 0xff, 0x70, 0x0,
    0x0, 0x0, 0x0, 0x4, 0xff, 0xff, 0xff, 0xfa,
    0x50, 0x0, 0x0, 0x0, 0xa, 0xff, 0xff, 0xff,
    0xff, 0xf9, 0x10, 0x0, 0x0, 0x9, 0xff, 0xff,
    0xff, 0xff, 0xff, 0x60, 0x0, 0x0, 0x4, 0xbf,
    0xff, 0xff, 0xff, 0xff, 0x20, 0x0, 0x0, 0x0,
    0x16, 0xaf, 0xff, 0xff, 0xf6, 0x0, 0x0, 0x0,
    0x0, 0x0, 0x1d, 0xff, 0xff, 0x70, 0x0, 0x0,
    0x0, 0x0, 0x0, 0x9f, 0xff, 0xf4, 0x0, 0x0,
    0x0, 0x0, 0x0, 0xd, 0xff, 0xfd, 0x0, 0x0,
    0x0, 0x0, 0x0, 0x6, 0xff, 0xff, 0x40, 0x0,
    0x0, 0x0, 0x0, 0x0, 0xef, 0xff, 0x70, 0x0,
    0x0, 0x0, 0x0, 0x0, 0x1, 0xcf, 0x80, 0x0,
    0x0, 0x0, 0x0, 0x0, 0x0, 0x0, 0x40, 0x0,
    0x0,

    /* U+03B7 "η" */
    0x1f, 0xff, 0xfa, 0x0, 0x6c, 0xef, 0xea, 0x30,
    0x0, 0x1f, 0xff, 0xfb, 0x2d, 0xff, 0xff, 0xff,
    0xf7, 0x0, 0x1f, 0xff, 0xfe, 0xef, 0xff, 0xff,
    0xff, 0xff, 0x40, 0x1f, 0xff, 0xff, 0xff, 0xff,
    0xff, 0xff, 0xff, 0xc0, 0x1f, 0xff, 0xff, 0xfa,
    0x54, 0x6e, 0xff, 0xff, 0xf1, 0x1f, 0xff, 0xff,
    0x60, 0x0, 0x2, 0xff, 0xff, 0xf4, 0x1f, 0xff,
    0xff, 0x0, 0x0, 0x0, 0xdf, 0xff, 0xf5, 0x1f,
    0xff, 0xff, 0x0, 0x0, 0x0, 0xbf, 0xff, 0xf6,
    0x1f, 0xff, 0xff, 0x0, 0x0, 0x0, 0xbf, 0xff,
    0xf6, 0x1f, 0xff, 0xff, 0x0, 0x0, 0x0, 0xbf,
    0xff, 0xf6, 0x1f, 0xff, 0xff, 0x0, 0x0, 0x0,
    0xbf, 0xff, 0xf6, 0x1f, 0xff, 0xff, 0x0, 0x0,
    0x0, 0xbf, 0xff, 0xf6, 0x1f, 0xff, 0xff, 0x0,
    0x0, 0x0, 0xbf, 0xff, 0xf6, 0x1f, 0xff, 0xff,
    0x0, 0x0, 0x0, 0xbf, 0xff, 0xf6, 0x1f, 0xff,
    0xff, 0x0, 0x0, 0x0, 0xbf, 0xff, 0xf6, 0x1f,
    0xff, 0xff, 0x0, 0x0, 0x0, 0xbf, 0xff, 0xf6,
    0x1f, 0xff, 0xff, 0x0, 0x0, 0x0, 0xbf, 0xff,
    0xf6, 0x1f, 0xff, 0xff, 0x0, 0x0, 0x0, 0xbf,
    0xff, 0xf6, 0x1f, 0xff, 0xff, 0x0, 0x0, 0x0,
    0xbf, 0xff, 0xf6, 0x1f, 0xff, 0xff, 0x0, 0x0,
    0x0, 0xbf, 0xff, 0xf6, 0x0, 0x0, 0x0, 0x0,
    0x0, 0x0, 0xbf, 0xff, 0xf6, 0x0, 0x0, 0x0,
    0x0, 0x0, 0x0, 0xbf, 0xff, 0xf6, 0x0, 0x0,
    0x0, 0x0, 0x0, 0x0, 0xbf, 0xff, 0xf6, 0x0,
    0x0, 0x0, 0x0, 0x0, 0x0, 0xbf, 0xff, 0xf6,
    0x0, 0x0, 0x0, 0x0, 0x0, 0x0, 0xbf, 0xff,
    0xf6, 0x0, 0x0, 0x0, 0x0, 0x0, 0x0, 0xbf,
    0xff, 0xf6, 0x0, 0x0, 0x0, 0x0, 0x0, 0x0,
    0xbf, 0xff, 0xf6, 0x0, 0x0, 0x0, 0x0, 0x0,
    0x0, 0xbf, 0xff, 0xf6,

    /* U+03B8 "θ" */
    0x0, 0x0, 0x1, 0x7b, 0xef, 0xec, 0x82, 0x0,
    0x0, 0x0, 0x0, 0x5, 0xef, 0xff, 0xff, 0xff,
    0xf8, 0x0, 0x0, 0x0, 0x7, 0xff, 0xff, 0xff,
    0xff, 0xff, 0xfa, 0x0, 0x0, 0x3, 0xff, 0xff,
    0xff, 0xff, 0xff, 0xff, 0xf7, 0x0, 0x0, 0xdf,
    0xff, 0xfd, 0x64, 0x5c, 0xff, 0xff, 0xf1, 0x0,
    0x3f, 0xff, 0xfe, 0x10, 0x0, 0xb, 0xff, 0xff,
    0x70, 0x8, 0xff, 0xff, 0x70, 0x0, 0x0, 0x3f,
    0xff, 0xfc, 0x0, 0xbf, 0xff, 0xf3, 0x0, 0x0,
    0x0, 0xff, 0xff, 0xf0, 0xe, 0xff, 0xff, 0x10,
    0x0, 0x0, 0xd, 0xff, 0xff, 0x10, 0xff, 0xff,
    0xf0, 0x0, 0x0, 0x0, 0xdf, 0xff, 0xf3, 0xf,
    0xff, 0xff, 0xff, 0xff, 0xff, 0xff, 0xff, 0xff,
    0x40, 0xff, 0xff, 0xff, 0xff, 0xff, 0xff, 0xff,
    0xff, 0xf4, 0xf, 0xff, 0xff, 0xff, 0xff, 0xff,
    0xff, 0xff, 0xff, 0x40, 0xff, 0xff, 0xff, 0xff,
    0xff, 0xff, 0xff, 0xff, 0xf4, 0xf, 0xff, 0xff,
    0x11, 0x11, 0x11, 0x1d, 0xff, 0xff, 0x40, 0xff,
    0xff, 0xf0, 0x0, 0x0, 0x0, 0xdf, 0xff, 0xf3,
    0xf, 0xff, 0xff, 0x10, 0x0, 0x0, 0xd, 0xff,
    0xff, 0x20, 0xef, 0xff, 0xf3, 0x0, 0x0, 0x0,
    0xff, 0xff, 0xf1, 0xb, 0xff, 0xff, 0x60, 0x0,
    0x0, 0x2f, 0xff, 0xff, 0x0, 0x8f, 0xff, 0xfb,
    0x0, 0x0, 0x7, 0xff, 0xff, 0xc0, 0x3, 0xff,
    0xff, 0xf3, 0x0, 0x1, 0xef, 0xff, 0xf7, 0x0,
    0xc, 0xff, 0xff, 0xf7, 0x45, 0xdf, 0xff, 0xff,
    0x10, 0x0, 0x3f, 0xff, 0xff, 0xff, 0xff, 0xff,
    0xff, 0x70, 0x0, 0x0, 0x7f, 0xff, 0xff, 0xff,
    0xff, 0xff, 0xa0, 0x0, 0x0, 0x0, 0x5e, 0xff,
    0xff, 0xff, 0xff, 0x80, 0x0, 0x0, 0x0, 0x0,
    0x7, 0xbe, 0xfe, 0xc8, 0x20, 0x0, 0x0,

    /* U+03B9 "ι" */
    0x9f, 0xff, 0xf8, 0x0, 0x9, 0xff, 0xff, 0x80,
    0x0, 0x9f, 0xff, 0xf8, 0x0, 0x9, 0xff, 0xff,
    0x80, 0x0, 0x9f, 0xff, 0xf8, 0x0, 0x9, 0xff,
    0xff, 0x80, 0x0, 0x9f, 0xff, 0xf8, 0x0, 0x9,
    0xff, 0xff, 0x80, 0x0, 0x9f, 0xff, 0xf8, 0x0,
    0x9, 0xff, 0xff, 0x80, 0x0, 0x9f, 0xff, 0xf8,
    0x0, 0x9, 0xff, 0xff, 0x80, 0x0, 0x9f, 0xff,
    0xf8, 0x0, 0x9, 0xff, 0xff, 0x80, 0x0, 0x8f,
    0xff, 0xfa, 0x0, 0x7, 0xff, 0xff, 0xf8, 0x56,
    0x4f, 0xff, 0xff, 0xff, 0xf0, 0xef, 0xff, 0xff,
    0xff, 0x3, 0xff, 0xff, 0xff, 0xf0, 0x2, 0x9d,
    0xff, 0xd9,

    /* U+03BA "κ" */
    0xbf, 0xff, 0xf5, 0x0, 0x0, 0x7, 0xff, 0xff,
    0xfe, 0xb, 0xff, 0xff, 0x50, 0x0, 0x1, 0xff,
    0xff, 0xff, 0x40, 0xbf, 0xff, 0xf5, 0x0, 0x0,
    0xbf, 0xff, 0xff, 0x90, 0xb, 0xff, 0xff, 0x50,
    0x0, 0x5f, 0xff, 0xff, 0xe0, 0x0, 0xbf, 0xff,
    0xf5, 0x0, 0xe, 0xff, 0xff, 0xf4, 0x0, 0xb,
    0xff, 0xff, 0x50, 0x8, 0xff, 0xff, 0xfa, 0x0,
    0x0, 0xbf, 0xff, 0xf5, 0x3, 0xff, 0xff, 0xfe,
    0x10, 0x0, 0xb, 0xff, 0xff, 0x50, 0xcf, 0xff,
    0xff, 0x40, 0x0, 0x0, 0xbf, 0xff, 0xff, 0xff,
    0xff, 0xff, 0xa0, 0x0, 0x0, 0xb, 0xff, 0xff,
    0xff, 0xff, 0xff, 0xe1, 0x0, 0x0, 0x0, 0xbf,
    0xff, 0xff, 0xff, 0xff, 0xfd, 0x0, 0x0, 0x0,
    0xb, 0xff, 0xff, 0xff, 0xff, 0xff, 0xf9, 0x0,
    0x0, 0x0, 0xbf, 0xff, 0xff, 0xff, 0xff, 0xff,
    0xf5, 0x0, 0x0, 0xb, 0xff, 0xff, 0x50, 0x3f,
    0xff, 0xff, 0xe1, 0x0, 0x0, 0xbf, 0xff, 0xf5,
    0x0, 0x8f, 0xff, 0xff, 0xb0, 0x0, 0xb, 0xff,
    0xff, 0x50, 0x0, 0xdf, 0xff, 0xff, 0x60, 0x0,
    0xbf, 0xff, 0xf5, 0x0, 0x4, 0xff, 0xff, 0xff,
    0x20, 0xb, 0xff, 0xff, 0x50, 0x0, 0x9, 0xff,
    0xff, 0xfc, 0x0, 0xbf, 0xff, 0xf5, 0x0, 0x0,
    0xe, 0xff, 0xff, 0xf8, 0xb, 0xff, 0xff, 0x50,
    0x0, 0x0, 0x4f, 0xff, 0xff, 0xf3,

    /* U+03BB "λ" */
    0x0, 0x2, 0x33, 0x10, 0x0, 0x0, 0x0, 0x0,
    0x0, 0x0, 0x0, 0xcf, 0xff, 0xfb, 0x20, 0x0,
    0x0, 0x0, 0x0, 0x0, 0x0, 0xcf, 0xff, 0xff,
    0xe1, 0x0, 0x0, 0x0, 0x0, 0x0, 0x0, 0xbf,
    0xff, 0xff, 0xf9, 0x0, 0x0, 0x0, 0x0, 0x0,
    0x0, 0xbf, 0xff, 0xff, 0xff, 0x10, 0x0, 0x0,
    0x0, 0x0, 0x0, 0x0, 0x5f, 0xff, 0xff, 0x60,
    0x0, 0x0, 0x0, 0x0, 0x0, 0x0, 0x7, 0xff,
    0xff, 0xd0, 0x0, 0x0, 0x0, 0x0, 0x0, 0x0,
    0x1, 0xff, 0xff, 0xf3, 0x0, 0x0, 0x0, 0x0,
    0x0, 0x0, 0x0, 0xaf, 0xff, 0xf9, 0x0, 0x0,
    0x0, 0x0, 0x0, 0x0, 0x0, 0x4f, 0xff, 0xff,
    0x0, 0x0, 0x0, 0x0, 0x0, 0x0, 0x0, 0x6f,
    0xff, 0xff, 0x60, 0x0, 0x0, 0x0, 0x0, 0x0,
    0x0, 0xcf, 0xff, 0xff, 0xc0, 0x0, 0x0, 0x0,
    0x0, 0x0, 0x2, 0xff, 0xff, 0xff, 0xf2, 0x0,
    0x0, 0x0, 0x0, 0x0, 0x7, 0xff, 0xff, 0xff,
    0xf8, 0x0, 0x0, 0x0, 0x0, 0x0, 0xd, 0xff,
    0xff, 0xff, 0xfe, 0x0, 0x0, 0x0, 0x0, 0x0,
    0x2f, 0xff, 0xff, 0xff, 0xff, 0x50, 0x0, 0x0,
    0x0, 0x0, 0x8f, 0xff, 0xff, 0xff, 0xff, 0xb0,
    0x0, 0x0, 0x0, 0x0, 0xdf, 0xff, 0xf7, 0xff,
    0xff, 0xf1, 0x0, 0x0, 0x0, 0x3, 0xff, 0xff,
    0xe0, 0xdf, 0xff, 0xf7, 0x0, 0x0, 0x0, 0x8,
    0xff, 0xff, 0x90, 0x7f, 0xff, 0xfd, 0x0, 0x0,
    0x0, 0xe, 0xff, 0xff, 0x40, 0x2f, 0xff, 0xff,
    0x40, 0x0, 0x0, 0x4f, 0xff, 0xff, 0x0, 0xc,
    0xff, 0xff, 0xa0, 0x0, 0x0, 0x9f, 0xff, 0xfa,
    0x0, 0x6, 0xff, 0xff, 0xf1, 0x0, 0x0, 0xef,
    0xff, 0xf5, 0x0, 0x1, 0xff, 0xff, 0xf8, 0x0,
    0x4, 0xff, 0xff, 0xf0, 0x0, 0x0, 0xbf, 0xff,
    0xff, 0x72, 0xa, 0xff, 0xff, 0xb0, 0x0, 0x0,
    0x5f, 0xff, 0xff, 0xf9, 0xf, 0xff, 0xff, 0x60,
    0x0, 0x0, 0xd, 0xff, 0xff, 0xf9, 0x5f, 0xff,
    0xff, 0x10, 0x0, 0x0, 0x2, 0xef, 0xff, 0xf9,
    0xbf, 0xff, 0xfc, 0x0, 0x0, 0x0, 0x0, 0x2a,
    0xef, 0xf9,

    /* U+03BC "μ" */
    0x8f, 0xff, 0xf8, 0x0, 0x0, 0x0, 0xbf, 0xff,
    0xf6, 0x8f, 0xff, 0xf8, 0x0, 0x0, 0x0, 0xbf,
    0xff, 0xf6, 0x8f, 0xff, 0xf8, 0x0, 0x0, 0x0,
    0xbf, 0xff, 0xf6, 0x8f, 0xff, 0xf8, 0x0, 0x0,
    0x0, 0xbf, 0xff, 0xf6, 0x8f, 0xff, 0xf8, 0x0,
    0x0, 0x0, 0xbf, 0xff, 0xf6, 0x8f, 0xff, 0xf8,
    0x0, 0x0, 0x0, 0xbf, 0xff, 0xf6, 0x8f, 0xff,
    0xf8, 0x0, 0x0, 0x0, 0xbf, 0xff, 0xf6, 0x8f,
    0xff, 0xf8, 0x0, 0x0, 0x0, 0xbf, 0xff, 0xf6,
    0x8f, 0xff, 0xf8, 0x0, 0x0, 0x0, 0xbf, 0xff,
    0xf6, 0x8f, 0xff, 0xf8, 0x0, 0x0, 0x0, 0xbf,
    0xff, 0xf6, 0x8f, 0xff, 0xf8, 0x0, 0x0, 0x0,
    0xbf, 0xff, 0xf6, 0x8f, 0xff, 0xf8, 0x0, 0x0,
    0x0, 0xbf, 0xff, 0xf6, 0x8f, 0xff, 0xf9, 0x0,
    0x0, 0x0, 0xbf, 0xff, 0xf6, 0x8f, 0xff, 0xfc,
    0x0, 0x0, 0x0, 0xbf, 0xff, 0xf6, 0x8f, 0xff,
    0xff, 0x20, 0x0, 0x3, 0xff, 0xff, 0xf6, 0x8f,
    0xff, 0xff, 0xf8, 0x55, 0x9f, 0xff, 0xff, 0xf6,
    0x8f, 0xff, 0xff, 0xff, 0xff, 0xff, 0xff, 0xff,
    0xf6, 0x8f, 0xff, 0xff, 0xff, 0xff, 0xff, 0xff,
    0xff, 0xf6, 0x8f, 0xff, 0xff, 0xff, 0xff, 0xff,
    0xef, 0xff, 0xf6, 0x8f, 0xff, 0xfc, 0xce, 0xfe,
    0xb5, 0x6f, 0xff, 0xf6, 0x8f, 0xff, 0xf8, 0x0,
    0x0, 0x0, 0x0, 0x0, 0x0, 0x8f, 0xff, 0xf8,
    0x0, 0x0, 0x0, 0x0, 0x0, 0x0, 0x8f, 0xff,
    0xf8, 0x0, 0x0, 0x0, 0x0, 0x0, 0x0, 0x8f,
    0xff, 0xf8, 0x0, 0x0, 0x0, 0x0, 0x0, 0x0,
    0x8f, 0xff, 0xf8, 0x0, 0x0, 0x0, 0x0, 0x0,
    0x0, 0x8f, 0xff, 0xf8, 0x0, 0x0, 0x0, 0x0,
    0x0, 0x0, 0x8f, 0xff, 0xf8, 0x0, 0x0, 0x0,
    0x0, 0x0, 0x0, 0x8f, 0xff, 0xf8, 0x0, 0x0,
    0x0, 0x0, 0x0, 0x0,

    /* U+03BD "ν" */
    0x9f, 0xff, 0xfb, 0x0, 0x0, 0x0, 0x8f, 0xff,
    0xfb, 0x4f, 0xff, 0xff, 0x0, 0x0, 0x0, 0xcf,
    0xff, 0xf6, 0xf, 0xff, 0xff, 0x30, 0x0, 0x0,
    0xff, 0xff, 0xf1, 0xa, 0xff, 0xff, 0x70, 0x0,
    0x4, 0xff, 0xff, 0xc0, 0x5, 0xff, 0xff, 0xb0,
    0x0, 0x9, 0xff, 0xff, 0x70, 0x0, 0xff, 0xff,
    0xf0, 0x0, 0xd, 0xff, 0xff, 0x20, 0x0, 0xaf,
    0xff, 0xf4, 0x0, 0x1f, 0xff, 0xfd, 0x0, 0x0,
    0x5f, 0xff, 0xf8, 0x0, 0x5f, 0xff, 0xf8, 0x0,
    0x0, 0xf, 0xff, 0xfc, 0x0, 0x9f, 0xff, 0xf2,
    0x0, 0x0, 0xb, 0xff, 0xff, 0x10, 0xef, 0xff,
    0xd0, 0x0, 0x0, 0x6, 0xff, 0xff, 0x52, 0xff,
    0xff, 0x80, 0x0, 0x0, 0x1, 0xff, 0xff, 0x96,
    0xff, 0xff, 0x30, 0x0, 0x0, 0x0, 0xcf, 0xff,
    0xda, 0xff, 0xfe, 0x0, 0x0, 0x0, 0x0, 0x6f,
    0xff, 0xff, 0xff, 0xf9, 0x0, 0x0, 0x0, 0x0,
    0x1f, 0xff, 0xff, 0xff, 0xf4, 0x0, 0x0, 0x0,
    0x0, 0xc, 0xff, 0xff, 0xff, 0xe0, 0x0, 0x0,
    0x0, 0x0, 0x7, 0xff, 0xff, 0xff, 0x90, 0x0,
    0x0, 0x0, 0x0, 0x2, 0xff, 0xff, 0xff, 0x40,
    0x0, 0x0, 0x0, 0x0, 0x0, 0xdf, 0xff, 0xff,
    0x0, 0x0, 0x0, 0x0, 0x0, 0x0, 0x8f, 0xff,
    0xfa, 0x0, 0x0, 0x0,

    /* U+03BE "ξ" */
    0x0, 0x0, 0x0, 0x39, 0xce, 0xff, 0xec, 0x83,
    0x0, 0x0, 0x1, 0xbf, 0xff, 0xff, 0xff, 0xff,
    0xe0, 0x0, 0x2, 0xef, 0xff, 0xff, 0xff, 0xff,
    0xfb, 0x0, 0x0, 0xcf, 0xff, 0xff, 0xff, 0xff,
    0xff, 0x80, 0x0, 0x4f, 0xff, 0xff, 0xe8, 0x55,
    0x69, 0xc4, 0x0, 0x8, 0xff, 0xff, 0xd1, 0x0,
    0x0, 0x0, 0x0, 0x0, 0xaf, 0xff, 0xf7, 0x0,
    0x0, 0x0, 0x0, 0x0, 0x9, 0xff, 0xff, 0x80,
    0x0, 0x0, 0x0, 0x0, 0x0, 0x6f, 0xff, 0xfe,
    0x20, 0x0, 0x0, 0x0, 0x0, 0x0, 0xef, 0xff,
    0xff, 0xa7, 0x66, 0x60, 0x0, 0x0, 0x2, 0xef,
    0xff, 0xff, 0xff, 0xff, 0x0, 0x0, 0x0, 0x0,
    0x8f, 0xff, 0xff, 0xff, 0xf0, 0x0, 0x0, 0x0,
    0x7e, 0xff, 0xff, 0xff, 0xff, 0x0, 0x0, 0x1,
    0xdf, 0xff, 0xff, 0xff, 0xff, 0xf0, 0x0, 0x0,
    0xdf, 0xff, 0xfe, 0x62, 0x0, 0x0, 0x0, 0x0,
    0x7f, 0xff, 0xfd, 0x10, 0x0, 0x0, 0x0, 0x0,
    0xe, 0xff, 0xff, 0x40, 0x0, 0x0, 0x0, 0x0,
    0x1, 0xff, 0xff, 0xf0, 0x0, 0x0, 0x0, 0x0,
    0x0, 0x2f, 0xff, 0xfe, 0x0, 0x0, 0x0, 0x0,
    0x0, 0x1, 0xff, 0xff, 0xf0, 0x0, 0x0, 0x0,
    0x0, 0x0, 0xf, 0xff, 0xff, 0x70, 0x0, 0x0,
    0x0, 0x0, 0x0, 0xcf, 0xff, 0xff, 0x80, 0x0,
    0x0, 0x0, 0x0, 0x6, 0xff, 0xff, 0xff, 0xe9,
    0x40, 0x0, 0x0, 0x0, 0xa, 0xff, 0xff, 0xff,
    0xff, 0xfb, 0x60, 0x0, 0x0, 0x8, 0xff, 0xff,
    0xff, 0xff, 0xff, 0xe6, 0x0, 0x0, 0x2, 0x8e,
    0xff, 0xff, 0xff, 0xff, 0xf6, 0x0, 0x0, 0x0,
    0x4, 0xae, 0xff, 0xff, 0xff, 0xd0, 0x0, 0x0,
    0x0, 0x0, 0x4, 0xdf, 0xff, 0xff, 0x0, 0x0,
    0x0, 0x0, 0x0, 0x2, 0xff, 0xff, 0xe0, 0x0,
    0x0, 0x0, 0x0, 0x0, 0x3f, 0xff, 0xf9, 0x0,
    0x0, 0x0, 0x0, 0x0, 0xa, 0xff, 0xff, 0x10,
    0x0, 0x0, 0x0, 0x0, 0x6, 0xff, 0xff, 0x50,
    0x0, 0x0, 0x0, 0x0, 0x0, 0x2d, 0xff, 0x70,
    0x0, 0x0, 0x0, 0x0, 0x0, 0x0, 0xa, 0x70,
    0x0,

    /* U+03BF "ο" */
    0x0, 0x0, 0x5, 0xad, 0xff, 0xeb, 0x71, 0x0,
    0x0, 0x0, 0x0, 0x2c, 0xff, 0xff, 0xff, 0xff,
    0xe6, 0x0, 0x0, 0x0, 0x3e, 0xff, 0xff, 0xff,
    0xff, 0xff, 0xf7, 0x0, 0x0, 0x1e, 0xff, 0xff,
    0xff, 0xff, 0xff, 0xff, 0xf4, 0x0, 0x9, 0xff,
    0xff, 0xf9, 0x44, 0x7e, 0xff, 0xff, 0xe0, 0x1,
    0xff, 0xff, 0xf6, 0x0, 0x0, 0x2f, 0xff, 0xff,
    0x60, 0x6f, 0xff, 0xfd, 0x0, 0x0, 0x0, 0x9f,
    0xff, 0xfb, 0x9, 0xff, 0xff, 0x90, 0x0, 0x0,
    0x3, 0xff, 0xff, 0xf0, 0xcf, 0xff, 0xf6, 0x0,
    0x0, 0x0, 0xf, 0xff, 0xff, 0x1d, 0xff, 0xff,
    0x40, 0x0, 0x0, 0x0, 0xff, 0xff, 0xf2, 0xdf,
    0xff, 0xf4, 0x0, 0x0, 0x0, 0xf, 0xff, 0xff,
    0x2b, 0xff, 0xff, 0x60, 0x0, 0x0, 0x0, 0xff,
    0xff, 0xf1, 0xaf, 0xff, 0xf8, 0x0, 0x0, 0x0,
    0x3f, 0xff, 0xff, 0x6, 0xff, 0xff, 0xe0, 0x0,
    0x0, 0x8, 0xff, 0xff, 0xb0, 0x1f, 0xff, 0xff,
    0x60, 0x0, 0x1, 0xef, 0xff, 0xf6, 0x0, 0x9f,
    0xff, 0xff, 0x94, 0x47, 0xef, 0xff, 0xfe, 0x0,
    0x1, 0xef, 0xff, 0xff, 0xff, 0xff, 0xff, 0xff,
    0x50, 0x0, 0x3, 0xff, 0xff, 0xff, 0xff, 0xff,
    0xff, 0x80, 0x0, 0x0, 0x3, 0xdf, 0xff, 0xff,
    0xff, 0xff, 0x60, 0x0, 0x0, 0x0, 0x0, 0x5a,
    0xdf, 0xfe, 0xb7, 0x10, 0x0, 0x0,

    /* U+03C0 "π" */
    0x1f, 0xff, 0xff, 0xff, 0xff, 0xff, 0xff, 0xff,
    0xff, 0xff, 0xff, 0x11, 0xff, 0xff, 0xff, 0xff,
    0xff, 0xff, 0xff, 0xff, 0xff, 0xff, 0xf1, 0x1f,
    0xff, 0xff, 0xff, 0xff, 0xff, 0xff, 0xff, 0xff,
    0xff, 0xff, 0x11, 0xff, 0xff, 0xff, 0xff, 0xff,
    0xff, 0xff, 0xff, 0xff, 0xff, 0xf1, 0x0, 0x0,
    0xff, 0xff, 0xf1, 0x0, 0x0, 0xff, 0xff, 0xf0,
    0x0, 0x0, 0x0, 0xf, 0xff, 0xff, 0x10, 0x0,
    0xf, 0xff, 0xff, 0x0, 0x0, 0x0, 0x0, 0xff,
    0xff, 0xf1, 0x0, 0x0, 0xff, 0xff, 0xf0, 0x0,
    0x0, 0x0, 0xf, 0xff, 0xff, 0x10, 0x0, 0xf,
    0xff, 0xff, 0x0, 0x0, 0x0, 0x0, 0xff, 0xff,
    0xf1, 0x0, 0x0, 0xff, 0xff, 0xf0, 0x0, 0x0,
    0x0, 0xf, 0xff, 0xff, 0x10, 0x0, 0xf, 0xff,
    0xff, 0x0, 0x0, 0x0, 0x0, 0xff, 0xff, 0xf1,
    0x0, 0x0, 0xff, 0xff, 0xf0, 0x0, 0x0, 0x0,
    0xf, 0xff, 0xff, 0x10, 0x0, 0xf, 0xff, 0xff,
    0x0, 0x0, 0x0, 0x0, 0xff, 0xff, 0xf1, 0x0,
    0x0, 0xff, 0xff, 0xf0, 0x0, 0x0, 0x0, 0xf,
    0xff, 0xff, 0x10, 0x0, 0xf, 0xff, 0xff, 0x0,
    0x0, 0x0, 0x0, 0xff, 0xff, 0xf1, 0x0, 0x0,
    0xff, 0xff, 0xf2, 0x0, 0x0, 0x0, 0xf, 0xff,
    0xff, 0x10, 0x0, 0xf, 0xff, 0xff, 0xc6, 0x63,
    0x0, 0x0, 0xff, 0xff, 0xf1, 0x0, 0x0, 0xcf,
    0xff, 0xff, 0xff, 0x70, 0x0, 0xf, 0xff, 0xff,
    0x10, 0x0, 0x6, 0xff, 0xff, 0xff, 0xf7, 0x0,
    0x0, 0xff, 0xff, 0xf1, 0x0, 0x0, 0xa, 0xff,
    0xff, 0xff, 0x70, 0x0, 0xf, 0xff, 0xff, 0x10,
    0x0, 0x0, 0x5, 0xbe, 0xfe, 0xc4,

    /* U+03C1 "ρ" */
    0x0, 0x0, 0x1, 0x7b, 0xef, 0xed, 0x82, 0x0,
    0x0, 0x0, 0x0, 0x5, 0xef, 0xff, 0xff, 0xff,
    0xf8, 0x0, 0x0, 0x0, 0x7, 0xff, 0xff, 0xff,
    0xff, 0xff, 0xf9, 0x0, 0x0, 0x3, 0xff, 0xff,
    0xff, 0xff, 0xff, 0xff, 0xf5, 0x0, 0x0, 0xdf,
    0xff, 0xfe, 0x64, 0x6e, 0xff, 0xff, 0xe0, 0x0,
    0x4f, 0xff, 0xff, 0x20, 0x0, 0x2f, 0xff, 0xff,
    0x50, 0x9, 0xff, 0xff, 0xa0, 0x0, 0x0, 0xaf,
    0xff, 0xfa, 0x0, 0xdf, 0xff, 0xf5, 0x0, 0x0,
    0x4, 0xff, 0xff, 0xd0, 0xe, 0xff, 0xff, 0x20,
    0x0, 0x0, 0x2f, 0xff, 0xff, 0x0, 0xff, 0xff,
    0xf1, 0x0, 0x0, 0x0, 0xff, 0xff, 0xf0, 0xf,
    0xff, 0xff, 0x10, 0x0, 0x0, 0xf, 0xff, 0xff,
    0x10, 0xff, 0xff, 0xf1, 0x0, 0x0, 0x0, 0xff,
    0xff, 0xf0, 0xf, 0xff, 0xff, 0x10, 0x0, 0x0,
    0x3f, 0xff, 0xff, 0x0, 0xff, 0xff, 0xf1, 0x0,
    0x0, 0x7, 0xff, 0xff, 0xc0, 0xf, 0xff, 0xff,
    0x60, 0x0, 0x1, 0xef, 0xff, 0xf8, 0x0, 0xff,
    0xff, 0xff, 0x95, 0x36, 0xdf, 0xff, 0xff, 0x20,
    0xf, 0xff, 0xff, 0xff, 0xff, 0xff, 0xff, 0xff,
    0xa0, 0x0, 0xff, 0xff, 0xff, 0xff, 0xff, 0xff,
    0xff, 0xe1, 0x0, 0xf, 0xff, 0xff, 0x5f, 0xff,
    0xff, 0xff, 0xe3, 0x0, 0x0, 0xff, 0xff, 0xf1,
    0x19, 0xdf, 0xec, 0x70, 0x0, 0x0, 0xf, 0xff,
    0xff, 0x10, 0x0, 0x0, 0x0, 0x0, 0x0, 0x0,
    0xff, 0xff, 0xf1, 0x0, 0x0, 0x0, 0x0, 0x0,
    0x0, 0xf, 0xff, 0xff, 0x10, 0x0, 0x0, 0x0,
    0x0, 0x0, 0x0, 0xff, 0xff, 0xf1, 0x0, 0x0,
    0x0, 0x0, 0x0, 0x0, 0xf, 0xff, 0xff, 0x10,
    0x0, 0x0, 0x0, 0x0, 0x0, 0x0, 0xff, 0xff,
    0xf1, 0x0, 0x0, 0x0, 0x0, 0x0, 0x0, 0xf,
    0xff, 0xff, 0x10, 0x0, 0x0, 0x0, 0x0, 0x0,
    0x0, 0xff, 0xff, 0xf1, 0x0, 0x0, 0x0, 0x0,
    0x0, 0x0,

    /* U+03C2 "ς" */
    0x0, 0x0, 0x6, 0xbd, 0xff, 0xda, 0x40, 0x0,
    0x0, 0x0, 0x4d, 0xff, 0xff, 0xff, 0xff, 0xb1,
    0x0, 0x0, 0x4f, 0xff, 0xff, 0xff, 0xff, 0xff,
    0xd1, 0x0, 0x1e, 0xff, 0xff, 0xff, 0xff, 0xff,
    0xff, 0xa0, 0xa, 0xff, 0xff, 0xf8, 0x44, 0xaf,
    0xff, 0xff, 0x21, 0xff, 0xff, 0xf4, 0x0, 0x0,
    0xbf, 0xff, 0xf6, 0x6f, 0xff, 0xfd, 0x0, 0x0,
    0x4, 0xff, 0xff, 0x9a, 0xff, 0xff, 0x80, 0x0,
    0x0, 0x1b, 0xbb, 0xb7, 0xcf, 0xff, 0xf5, 0x0,
    0x0, 0x0, 0x0, 0x0, 0xd, 0xff, 0xff, 0x30,
    0x0, 0x0, 0x0, 0x0, 0x0, 0xdf, 0xff, 0xf3,
    0x0, 0x0, 0x0, 0x0, 0x0, 0xc, 0xff, 0xff,
    0x40, 0x0, 0x0, 0x0, 0x0, 0x0, 0xbf, 0xff,
    0xf7, 0x0, 0x0, 0x0, 0x0, 0x0, 0x7, 0xff,
    0xff, 0xe0, 0x0, 0x0, 0x0, 0x0, 0x0, 0x2f,
    0xff, 0xff, 0xb1, 0x0, 0x0, 0x0, 0x0, 0x0,
    0xbf, 0xff, 0xff, 0xf8, 0x20, 0x0, 0x0, 0x0,
    0x1, 0xef, 0xff, 0xff, 0xff, 0xd7, 0x10, 0x0,
    0x0, 0x2, 0xdf, 0xff, 0xff, 0xff, 0xff, 0x80,
    0x0, 0x0, 0x0, 0x8f, 0xff, 0xff, 0xff, 0xff,
    0x70, 0x0, 0x0, 0x0, 0x6, 0xcf, 0xff, 0xff,
    0xfd, 0x0, 0x0, 0x0, 0x0, 0x0, 0x1a, 0xff,
    0xff, 0xf0, 0x0, 0x0, 0x0, 0x0, 0x0, 0x1f,
    0xff, 0xfe, 0x0, 0x0, 0x0, 0x0, 0x0, 0x2,
    0xff, 0xff, 0x90, 0x0, 0x0, 0x0, 0x0, 0x0,
    0x9f, 0xff, 0xf1, 0x0, 0x0, 0x0, 0x0, 0x0,
    0x5f, 0xff, 0xf5, 0x0, 0x0, 0x0, 0x0, 0x0,
    0x0, 0xaf, 0xf8, 0x0, 0x0, 0x0, 0x0, 0x0,
    0x0, 0x0, 0x66, 0x0, 0x0, 0x0,

    /* U+03C3 "σ" */
    0x0, 0x0, 0x5, 0xad, 0xff, 0xff, 0xff, 0xff,
    0xff, 0xf3, 0x0, 0x3, 0xdf, 0xff, 0xff, 0xff,
    0xff, 0xff, 0xff, 0xf3, 0x0, 0x4f, 0xff, 0xff,
    0xff, 0xff, 0xff, 0xff, 0xff, 0xf3, 0x1, 0xef,
    0xff, 0xff, 0xff, 0xff, 0xff, 0xff, 0xff, 0xf3,
    0xa, 0xff, 0xff, 0xf8, 0x43, 0x7f, 0xff, 0xf5,
    0x33, 0x30, 0x1f, 0xff, 0xff, 0x50, 0x0, 0x4,
    0xff, 0xfe, 0x10, 0x0, 0x6f, 0xff, 0xfd, 0x0,
    0x0, 0x0, 0xdf, 0xff, 0xa0, 0x0, 0xaf, 0xff,
    0xf8, 0x0, 0x0, 0x0, 0x8f, 0xff, 0xf2, 0x0,
    0xbf, 0xff, 0xf5, 0x0, 0x0, 0x0, 0x5f, 0xff,
    0xf8, 0x0, 0xdf, 0xff, 0xf4, 0x0, 0x0, 0x0,
    0x4f, 0xff, 0xfb, 0x0, 0xcf, 0xff, 0xf4, 0x0,
    0x0, 0x0, 0x4f, 0xff, 0xfd, 0x0, 0xbf, 0xff,
    0xf6, 0x0, 0x0, 0x0, 0x5f, 0xff, 0xfc, 0x0,
    0x9f, 0xff, 0xf9, 0x0, 0x0, 0x0, 0x8f, 0xff,
    0xfa, 0x0, 0x5f, 0xff, 0xfe, 0x0, 0x0, 0x0,
    0xdf, 0xff, 0xf7, 0x0, 0xf, 0xff, 0xff, 0x60,
    0x0, 0x5, 0xff, 0xff, 0xf2, 0x0, 0x9, 0xff,
    0xff, 0xf9, 0x44, 0x8f, 0xff, 0xff, 0xb0, 0x0,
    0x1, 0xef, 0xff, 0xff, 0xff, 0xff, 0xff, 0xff,
    0x20, 0x0, 0x0, 0x3f, 0xff, 0xff, 0xff, 0xff,
    0xff, 0xf6, 0x0, 0x0, 0x0, 0x3, 0xcf, 0xff,
    0xff, 0xff, 0xfe, 0x50, 0x0, 0x0, 0x0, 0x0,
    0x5, 0xad, 0xff, 0xeb, 0x60, 0x0, 0x0, 0x0,

    /* U+03C4 "τ" */
    0x3f, 0xff, 0xff, 0xff, 0xff, 0xff, 0xff, 0xff,
    0xff, 0x3f, 0xff, 0xff, 0xff, 0xff, 0xff, 0xff,
    0xff, 0xff, 0x3f, 0xff, 0xff, 0xff, 0xff, 0xff,
    0xff, 0xff, 0xff, 0x3f, 0xff, 0xff, 0xff, 0xff,
    0xff, 0xff, 0xff, 0xff, 0x3, 0x33, 0x33, 0x8f,
    0xff, 0xfc, 0x33, 0x33, 0x33, 0x0, 0x0, 0x0,
    0x6f, 0xff, 0xfb, 0x0, 0x0, 0x0, 0x0, 0x0,
    0x0, 0x6f, 0xff, 0xfb, 0x0, 0x0, 0x0, 0x0,
    0x0, 0x0, 0x6f, 0xff, 0xfb, 0x0, 0x0, 0x0,
    0x0, 0x0, 0x0, 0x6f, 0xff, 0xfb, 0x0, 0x0,
    0x0, 0x0, 0x0, 0x0, 0x6f, 0xff, 0xfb, 0x0,
    0x0, 0x0, 0x0, 0x0, 0x0, 0x6f, 0xff, 0xfb,
    0x0, 0x0, 0x0, 0x0, 0x0, 0x0, 0x6f, 0xff,
    0xfb, 0x0, 0x0, 0x0, 0x0, 0x0, 0x0, 0x6f,
    0xff, 0xfb, 0x0, 0x0, 0x0, 0x0, 0x0, 0x0,
    0x6f, 0xff, 0xfb, 0x0, 0x0, 0x0, 0x0, 0x0,
    0x0, 0x5f, 0xff, 0xfc, 0x0, 0x0, 0x0, 0x0,
    0x0, 0x0, 0x3f, 0xff, 0xff, 0x84, 0x70, 0x0,
    0x0, 0x0, 0x0, 0xf, 0xff, 0xff, 0xff, 0xf2,
    0x0, 0x0, 0x0, 0x0, 0x8, 0xff, 0xff, 0xff,
    0xf4, 0x0, 0x0, 0x0, 0x0, 0x0, 0xcf, 0xff,
    0xff, 0xf6, 0x0, 0x0, 0x0, 0x0, 0x0, 0x6,
    0xcf, 0xfe, 0xb4, 0x0,

    /* U+03C5 "υ" */
    0xff, 0xff, 0xf1, 0x0, 0x6, 0xff, 0xff, 0x80,
    0xf, 0xff, 0xff, 0x10, 0x0, 0x1f, 0xff, 0xfe,
    0x0, 0xff, 0xff, 0xf1, 0x0, 0x0, 0xdf, 0xff,
    0xf3, 0xf, 0xff, 0xff, 0x10, 0x0, 0x9, 0xff,
    0xff, 0x80, 0xff, 0xff, 0xf1, 0x0, 0x0, 0x5f,
    0xff, 0xfc, 0xf, 0xff, 0xff, 0x10, 0x0, 0x2,
    0xff, 0xff, 0xf0, 0xff, 0xff, 0xf1, 0x0, 0x0,
    0xf, 0xff, 0xff, 0x2f, 0xff, 0xff, 0x10, 0x0,
    0x0, 0xef, 0xff, 0xf3, 0xff, 0xff, 0xf1, 0x0,
    0x0, 0xd, 0xff, 0xff, 0x3f, 0xff, 0xff, 0x10,
    0x0, 0x0, 0xcf, 0xff, 0xf4, 0xff, 0xff, 0xf1,
    0x0, 0x0, 0xd, 0xff, 0xff, 0x3f, 0xff, 0xff,
    0x10, 0x0, 0x0, 0xff, 0xff, 0xf2, 0xff, 0xff,
    0xf1, 0x0, 0x0, 0x4f, 0xff, 0xff, 0xe, 0xff,
    0xff, 0x20, 0x0, 0xb, 0xff, 0xff, 0xb0, 0xcf,
    0xff, 0xf7, 0x0, 0x4, 0xff, 0xff, 0xf6, 0x8,
    0xff, 0xff, 0xf7, 0x47, 0xff, 0xff, 0xfe, 0x0,
    0x1f, 0xff, 0xff, 0xff, 0xff, 0xff, 0xff, 0x60,
    0x0, 0x7f, 0xff, 0xff, 0xff, 0xff, 0xff, 0xa0,
    0x0, 0x0, 0x7f, 0xff, 0xff, 0xff, 0xff, 0x90,
    0x0, 0x0, 0x0, 0x18, 0xce, 0xfe, 0xc8, 0x20,
    0x0, 0x0,

    /* U+03C6 "φ" */
    0x0, 0x0, 0x88, 0x0, 0x0, 0x0, 0x5, 0xcf,
    0xfe, 0xb7, 0x10, 0x0, 0x0, 0x0, 0x7, 0xff,
    0xb0, 0x0, 0x0, 0xaf, 0xff, 0xff, 0xff, 0xf7,
    0x0, 0x0, 0x0, 0x2f, 0xff, 0xfd, 0x10, 0x7,
    0xff, 0xff, 0xff, 0xff, 0xff, 0xa0, 0x0, 0x0,
    0xbf, 0xff, 0xfd, 0x0, 0xf, 0xff, 0xff, 0xff,
    0xff, 0xff, 0xf9, 0x0, 0x3, 0xff, 0xff, 0xf3,
    0x0, 0x3f, 0xff, 0xff, 0x45, 0xcf, 0xff, 0xff,
    0x40, 0x8, 0xff, 0xff, 0xc0, 0x0, 0x4f, 0xff,
    0xfc, 0x0, 0xa, 0xff, 0xff, 0xc0, 0xc, 0xff,
    0xff, 0x70, 0x0, 0x4f, 0xff, 0xfc, 0x0, 0x2,
    0xff, 0xff, 0xf2, 0xf, 0xff, 0xff, 0x30, 0x0,
    0x4f, 0xff, 0xfc, 0x0, 0x0, 0xbf, 0xff, 0xf6,
    0xf, 0xff, 0xff, 0x10, 0x0, 0x4f, 0xff, 0xfc,
    0x0, 0x0, 0x9f, 0xff, 0xf9, 0xf, 0xff, 0xff,
    0x0, 0x0, 0x4f, 0xff, 0xfc, 0x0, 0x0, 0x7f,
    0xff, 0xfa, 0xe, 0xff, 0xff, 0x20, 0x0, 0x4f,
    0xff, 0xfc, 0x0, 0x0, 0x7f, 0xff, 0xf9, 0xd,
    0xff, 0xff, 0x50, 0x0, 0x4f, 0xff, 0xfc, 0x0,
    0x0, 0x9f, 0xff, 0xf8, 0x9, 0xff, 0xff, 0xa0,
    0x0, 0x4f, 0xff, 0xfc, 0x0, 0x0, 0xef, 0xff,
    0xf5, 0x4, 0xff, 0xff, 0xf2, 0x0, 0x4f, 0xff,
    0xfc, 0x0, 0x6, 0xff, 0xff, 0xf1, 0x0, 0xef,
    0xff, 0xfd, 0x20, 0x4f, 0xff, 0xfc, 0x0, 0x4f,
    0xff, 0xff, 0xb0, 0x0, 0x6f, 0xff, 0xff, 0xf8,
    0x7f, 0xff, 0xfd, 0x4a, 0xff, 0xff, 0xff, 0x30,
    0x0, 0xb, 0xff, 0xff, 0xff, 0xff, 0xff, 0xff,
    0xff, 0xff, 0xff, 0xf8, 0x0, 0x0, 0x0, 0xbf,
    0xff, 0xff, 0xff, 0xff, 0xff, 0xff, 0xff, 0xff,
    0x90, 0x0, 0x0, 0x0, 0x7, 0xff, 0xff, 0xff,
    0xff, 0xff, 0xff, 0xff, 0xe5, 0x0, 0x0, 0x0,
    0x0, 0x0, 0x17, 0xcf, 0xff, 0xff, 0xff, 0xff,
    0xb6, 0x0, 0x0, 0x0, 0x0, 0x0, 0x0, 0x0,
    0x0, 0x6f, 0xff, 0xfd, 0x20, 0x0, 0x0, 0x0,
    0x0, 0x0, 0x0, 0x0, 0x0, 0x0, 0x4f, 0xff,
    0xfc, 0x0, 0x0, 0x0, 0x0, 0x0, 0x0, 0x0,
    0x0, 0x0, 0x0, 0x4f, 0xff, 0xfc, 0x0, 0x0,
    0x0, 0x0, 0x0, 0x0, 0x0, 0x0, 0x0, 0x0,
    0x4f, 0xff, 0xfc, 0x0, 0x0, 0x0, 0x0, 0x0,
    0x0, 0x0, 0x0, 0x0, 0x0, 0x4f, 0xff, 0xfc,
    0x0, 0x0, 0x0, 0x0, 0x0, 0x0, 0x0, 0x0,
    0x0, 0x0, 0x4f, 0xff, 0xfc, 0x0, 0x0, 0x0,
    0x0, 0x0, 0x0, 0x0, 0x0, 0x0, 0x0, 0x4f,
    0xff, 0xfc, 0x0, 0x0, 0x0, 0x0, 0x0, 0x0,
    0x0, 0x0, 0x0, 0x0, 0x4f, 0xff, 0xfc, 0x0,
    0x0, 0x0, 0x0, 0x0, 0x0, 0x0, 0x0, 0x0,
    0x0, 0x3b, 0xbb, 0xb9, 0x0, 0x0, 0x0, 0x0,
    0x0,

    /* U+03C7 "χ" */
    0x7f, 0xff, 0xd8, 0x10, 0x0, 0x0, 0x4, 0xff,
    0xff, 0xd0, 0x8f, 0xff, 0xff, 0xd2, 0x0, 0x0,
    0xb, 0xff, 0xff, 0x60, 0x8f, 0xff, 0xff, 0xfc,
    0x0, 0x0, 0x2f, 0xff, 0xfe, 0x0, 0x7f, 0xff,
    0xff, 0xff, 0x50, 0x0, 0x9f, 0xff, 0xf8, 0x0,
    0x24, 0x6c, 0xff, 0xff, 0xc0, 0x1, 0xff, 0xff,
    0xf1, 0x0, 0x0, 0x0, 0xcf, 0xff, 0xf3, 0x8,
    0xff, 0xff, 0x90, 0x0, 0x0, 0x0, 0x3f, 0xff,
    0xfa, 0xe, 0xff, 0xff, 0x20, 0x0, 0x0, 0x0,
    0xc, 0xff, 0xff, 0x8f, 0xff, 0xfa, 0x0, 0x0,
    0x0, 0x0, 0x6, 0xff, 0xff, 0xff, 0xff, 0xf3,
    0x0, 0x0, 0x0, 0x0, 0x0, 0xef, 0xff, 0xff,
    0xff, 0xc0, 0x0, 0x0, 0x0, 0x0, 0x0, 0x8f,
    0xff, 0xff, 0xff, 0x40, 0x0, 0x0, 0x0, 0x0,
    0x0, 0x2f, 0xff, 0xff, 0xfd, 0x0, 0x0, 0x0,
    0x0, 0x0, 0x0, 0xb, 0xff, 0xff, 0xf6, 0x0,
    0x0, 0x0, 0x0, 0x0, 0x0, 0x5, 0xff, 0xff,
    0xe0, 0x0, 0x0, 0x0, 0x0, 0x0, 0x0, 0xa,
    0xff, 0xff, 0xf1, 0x0, 0x0, 0x0, 0x0, 0x0,
    0x0, 0x1f, 0xff, 0xff, 0xf7, 0x0, 0x0, 0x0,
    0x0, 0x0, 0x0, 0x8f, 0xff, 0xff, 0xfe, 0x0,
    0x0, 0x0, 0x0, 0x0, 0x0, 0xff, 0xff, 0xff,
    0xff, 0x50, 0x0, 0x0, 0x0, 0x0, 0x7, 0xff,
    0xff, 0xff, 0xff, 0xc0, 0x0, 0x0, 0x0, 0x0,
    0xe, 0xff, 0xff, 0xdf, 0xff, 0xf3, 0x0, 0x0,
    0x0, 0x0, 0x6f, 0xff, 0xfa, 0x6f, 0xff, 0xf9,
    0x0, 0x0, 0x0, 0x0, 0xdf, 0xff, 0xf3, 0xe,
    0xff, 0xff, 0x10, 0x0, 0x0, 0x5, 0xff, 0xff,
    0xc0, 0x8, 0xff, 0xff, 0x80, 0x0, 0x0, 0xc,
    0xff, 0xff, 0x40, 0x2, 0xff, 0xff, 0xf7, 0x20,
    0x0, 0x3f, 0xff, 0xfd, 0x0, 0x0, 0xaf, 0xff,
    0xff, 0xf3, 0x0, 0xbf, 0xff, 0xf5, 0x0, 0x0,
    0x2f, 0xff, 0xff, 0xf2, 0x2, 0xff, 0xff, 0xe0,
    0x0, 0x0, 0x6, 0xff, 0xff, 0xf0, 0x9, 0xff,
    0xff, 0x60, 0x0, 0x0, 0x0, 0x6e, 0xff, 0xe0,
    0x0, 0x0, 0x0, 0x0, 0x0, 0x0, 0x0, 0x0,
    0x23, 0x10,

    /* U+03C8 "ψ" */
    0xcf, 0xff, 0xf5, 0x0, 0x5, 0xff, 0xff, 0xc0,
    0x3, 0xff, 0xff, 0x90, 0xc, 0xff, 0xff, 0x50,
    0x0, 0x5f, 0xff, 0xfc, 0x0, 0xd, 0xff, 0xff,
    0x10, 0xcf, 0xff, 0xf5, 0x0, 0x5, 0xff, 0xff,
    0xc0, 0x0, 0x8f, 0xff, 0xf7, 0xc, 0xff, 0xff,
    0x50, 0x0, 0x5f, 0xff, 0xfc, 0x0, 0x4, 0xff,
    0xff, 0xd0, 0xcf, 0xff, 0xf5, 0x0, 0x5, 0xff,
    0xff, 0xc0, 0x0, 0xf, 0xff, 0xff, 0x1c, 0xff,
    0xff, 0x50, 0x0, 0x5f, 0xff, 0xfc, 0x0, 0x0,
    0xdf, 0xff, 0xf5, 0xcf, 0xff, 0xf5, 0x0, 0x5,
    0xff, 0xff, 0xc0, 0x0, 0xa, 0xff, 0xff, 0x7c,
    0xff, 0xff, 0x50, 0x0, 0x5f, 0xff, 0xfc, 0x0,
    0x0, 0x8f, 0xff, 0xf8, 0xcf, 0xff, 0xf5, 0x0,
    0x5, 0xff, 0xff, 0xc0, 0x0, 0x7, 0xff, 0xff,
    0x9b, 0xff, 0xff, 0x50, 0x0, 0x5f, 0xff, 0xfc,
    0x0, 0x0, 0x7f, 0xff, 0xf8, 0xaf, 0xff, 0xf6,
    0x0, 0x5, 0xff, 0xff, 0xc0, 0x0, 0x9, 0xff,
    0xff, 0x79, 0xff, 0xff, 0x90, 0x0, 0x5f, 0xff,
    0xfc, 0x0, 0x0, 0xdf, 0xff, 0xf5, 0x5f, 0xff,
    0xfe, 0x0, 0x5, 0xff, 0xff, 0xc0, 0x0, 0x3f,
    0xff, 0xff, 0x11, 0xff, 0xff, 0xf8, 0x0, 0x5f,
    0xff, 0xfc, 0x0, 0xc, 0xff, 0xff, 0xc0, 0xa,
    0xff, 0xff, 0xf9, 0x5, 0xff, 0xff, 0xc0, 0x2c,
    0xff, 0xff, 0xf6, 0x0, 0x2f, 0xff, 0xff, 0xfe,
    0xbf, 0xff, 0xfe, 0xbf, 0xff, 0xff, 0xfc, 0x0,
    0x0, 0x5f, 0xff, 0xff, 0xff, 0xff, 0xff, 0xff,
    0xff, 0xff, 0xfe, 0x20, 0x0, 0x0, 0x4f, 0xff,
    0xff, 0xff, 0xff, 0xff, 0xff, 0xff, 0xfd, 0x20,
    0x0, 0x0, 0x0, 0x19, 0xff, 0xff, 0xff, 0xff,
    0xff, 0xff, 0xe8, 0x0, 0x0, 0x0, 0x0, 0x0,
    0x1, 0x6a, 0xdf, 0xff, 0xff, 0xc9, 0x50, 0x0,
    0x0, 0x0, 0x0, 0x0, 0x0, 0x0, 0x5, 0xff,
    0xff, 0xc0, 0x0, 0x0, 0x0, 0x0, 0x0, 0x0,
    0x0, 0x0, 0x0, 0x5f, 0xff, 0xfc, 0x0, 0x0,
    0x0, 0x0, 0x0, 0x0, 0x0, 0x0, 0x0, 0x5,
    0xff, 0xff, 0xc0, 0x0, 0x0, 0x0, 0x0, 0x0,
    0x0, 0x0, 0x0, 0x0, 0x5f, 0xff, 0xfc, 0x0,
    0x0, 0x0, 0x0, 0x0, 0x0, 0x0, 0x0, 0x0,
    0x5, 0xff, 0xff, 0xc0, 0x0, 0x0, 0x0, 0x0,
    0x0, 0x0, 0x0, 0x0, 0x0, 0x5f, 0xff, 0xfc,
    0x0, 0x0, 0x0, 0x0, 0x0, 0x0, 0x0, 0x0,
    0x0, 0x5, 0xff, 0xff, 0xc0, 0x0, 0x0, 0x0,
    0x0, 0x0, 0x0, 0x0, 0x0, 0x0, 0x5f, 0xff,
    0xfc, 0x0, 0x0, 0x0, 0x0, 0x0, 0x0, 0x0,
    0x0, 0x0, 0x1, 0x55, 0x55, 0x30, 0x0, 0x0,
    0x0, 0x0, 0x0,

    /* U+03C9 "ω" */
    0x0, 0x2f, 0xff, 0xfb, 0x0, 0x0, 0x0, 0x0,
    0x0, 0x2, 0xff, 0xff, 0xc0, 0x0, 0x0, 0xbf,
    0xff, 0xf5, 0x0, 0x0, 0x0, 0x0, 0x0, 0x0,
    0xbf, 0xff, 0xf5, 0x0, 0x2, 0xff, 0xff, 0xe0,
    0x0, 0x0, 0x0, 0x0, 0x0, 0x0, 0x5f, 0xff,
    0xfc, 0x0, 0x8, 0xff, 0xff, 0x90, 0x0, 0x0,
    0x0, 0x0, 0x0, 0x0, 0xf, 0xff, 0xff, 0x20,
    0xd, 0xff, 0xff, 0x50, 0x0, 0x9, 0xaa, 0xaa,
    0x50, 0x0, 0xb, 0xff, 0xff, 0x70, 0x1f, 0xff,
    0xff, 0x10, 0x0, 0xd, 0xff, 0xff, 0x70, 0x0,
    0x7, 0xff, 0xff, 0xb0, 0x4f, 0xff, 0xfe, 0x0,
    0x0, 0xd, 0xff, 0xff, 0x70, 0x0, 0x4, 0xff,
    0xff, 0xe0, 0x6f, 0xff, 0xfb, 0x0, 0x0, 0xd,
    0xff, 0xff, 0x70, 0x0, 0x1, 0xff, 0xff, 0xf0,
    0x7f, 0xff, 0xfa, 0x0, 0x0, 0xd, 0xff, 0xff,
    0x70, 0x0, 0x0, 0xff, 0xff, 0xf1, 0x8f, 0xff,
    0xf9, 0x0, 0x0, 0xd, 0xff, 0xff, 0x70, 0x0,
    0x0, 0xff, 0xff, 0xf1, 0x7f, 0xff, 0xfa, 0x0,
    0x0, 0xd, 0xff, 0xff, 0x70, 0x0, 0x0, 0xff,
    0xff, 0xf1, 0x6f, 0xff, 0xfb, 0x0, 0x0, 0xe,
    0xff, 0xff, 0x80, 0x0, 0x1, 0xff, 0xff, 0xf0,
    0x4f, 0xff, 0xfe, 0x0, 0x0, 0xf, 0xff, 0xff,
    0x90, 0x0, 0x3, 0xff, 0xff, 0xe0, 0x1f, 0xff,
    0xff, 0x10, 0x0, 0x3f, 0xff, 0xff, 0xc0, 0x0,
    0x7, 0xff, 0xff, 0xa0, 0xd, 0xff, 0xff, 0x70,
    0x0, 0xaf, 0xff, 0xff, 0xf3, 0x0, 0xd, 0xff,
    0xff, 0x70, 0x7, 0xff, 0xff, 0xf6, 0x49, 0xff,
    0xff, 0xff, 0xfe, 0x64, 0xaf, 0xff, 0xff, 0x10,
    0x1, 0xff, 0xff, 0xff, 0xff, 0xff, 0xfa, 0xef,
    0xff, 0xff, 0xff, 0xff, 0xfa, 0x0, 0x0, 0x5f,
    0xff, 0xff, 0xff, 0xff, 0xe1, 0x5f, 0xff, 0xff,
    0xff, 0xff, 0xe1, 0x0, 0x0, 0x7, 0xff, 0xff,
    0xff, 0xfe, 0x20, 0x7, 0xff, 0xff, 0xff, 0xfe,
    0x20, 0x0, 0x0, 0x0, 0x29, 0xdf, 0xfd, 0x81,
    0x0, 0x0, 0x3a, 0xdf, 0xec, 0x70, 0x0, 0x0,

    /* U+0401 "Ё" */
    0x0, 0x3, 0x87, 0x10, 0x0, 0x0, 0x69, 0x50,
    0x0, 0x0, 0x3f, 0xff, 0xd0, 0x0, 0x9, 0xff,
    0xf7, 0x0, 0x0, 0x8f, 0xff, 0xf3, 0x0, 0xe,
    0xff, 0xfd, 0x0, 0x0, 0x5f, 0xff, 0xf1, 0x0,
    0xc, 0xff, 0xfa, 0x0, 0x0, 0x9, 0xee, 0x50,
    0x0, 0x2, 0xcf, 0xb1, 0x0, 0x0, 0x0, 0x0,
    0x0, 0x0, 0x0, 0x0, 0x0, 0x0, 0x0, 0x0,
    0x0, 0x0, 0x0, 0x0, 0x0, 0x0, 0x0, 0xbf,
    0xff, 0xff, 0xff, 0xff, 0xff, 0xff, 0xff, 0xf6,
    0xbf, 0xff, 0xff, 0xff, 0xff, 0xff, 0xff, 0xff,
    0xf6, 0xbf, 0xff, 0xff, 0xff, 0xff, 0xff, 0xff,
    0xff, 0xf6, 0xbf, 0xff, 0xff, 0xff, 0xff, 0xff,
    0xff, 0xff, 0xf6, 0xbf, 0xff, 0xfb, 0x66, 0x66,
    0x66, 0x66, 0x66, 0x62, 0xbf, 0xff, 0xf9, 0x0,
    0x0, 0x0, 0x0, 0x0, 0x0, 0xbf, 0xff, 0xf9,
    0x0, 0x0, 0x0, 0x0, 0x0, 0x0, 0xbf, 0xff,
    0xf9, 0x0, 0x0, 0x0, 0x0, 0x0, 0x0, 0xbf,
    0xff, 0xf9, 0x0, 0x0, 0x0, 0x0, 0x0, 0x0,
    0xbf, 0xff, 0xf9, 0x0, 0x0, 0x0, 0x0, 0x0,
    0x0, 0xbf, 0xff, 0xff, 0xff, 0xff, 0xff, 0xff,
    0xfb, 0x0, 0xbf, 0xff, 0xff, 0xff, 0xff, 0xff,
    0xff, 0xfb, 0x0, 0xbf, 0xff, 0xff, 0xff, 0xff,
    0xff, 0xff, 0xfb, 0x0, 0xbf, 0xff, 0xff, 0xff,
    0xff, 0xff, 0xff, 0xfb, 0x0, 0xbf, 0xff, 0xfb,
    0x44, 0x44, 0x44, 0x44, 0x42, 0x0, 0xbf, 0xff,
    0xf9, 0x0, 0x0, 0x0, 0x0, 0x0, 0x0, 0xbf,
    0xff, 0xf9, 0x0, 0x0, 0x0, 0x0, 0x0, 0x0,
    0xbf, 0xff, 0xf9, 0x0, 0x0, 0x0, 0x0, 0x0,
    0x0, 0xbf, 0xff, 0xf9, 0x0, 0x0, 0x0, 0x0,
    0x0, 0x0, 0xbf, 0xff, 0xf9, 0x0, 0x0, 0x0,
    0x0, 0x0, 0x0, 0xbf, 0xff, 0xf9, 0x0, 0x0,
    0x0, 0x0, 0x0, 0x0, 0xbf, 0xff, 0xfb, 0x66,
    0x66, 0x66, 0x66, 0x66, 0x62, 0xbf, 0xff, 0xff,
    0xff, 0xff, 0xff, 0xff, 0xff, 0xf7, 0xbf, 0xff,
    0xff, 0xff, 0xff, 0xff, 0xff, 0xff, 0xf7, 0xbf,
    0xff, 0xff, 0xff, 0xff, 0xff, 0xff, 0xff, 0xf7,
    0xbf, 0xff, 0xff, 0xff, 0xff, 0xff, 0xff, 0xff,
    0xf7,

    /* U+0410 "А" */
    0x0, 0x0, 0x0, 0x0, 0x8, 0xff, 0xff, 0xb0,
    0x0, 0x0, 0x0, 0x0, 0x0, 0x0, 0x0, 0x0,
    0x0, 0xdf, 0xff, 0xff, 0x10, 0x0, 0x0, 0x0,
    0x0, 0x0, 0x0, 0x0, 0x0, 0x3f, 0xff, 0xff,
    0xf7, 0x0, 0x0, 0x0, 0x0, 0x0, 0x0, 0x0,
    0x0, 0x9, 0xff, 0xff, 0xff, 0xd0, 0x0, 0x0,
    0x0, 0x0, 0x0, 0x0, 0x0, 0x0, 0xff, 0xff,
    0xff, 0xff, 0x30, 0x0, 0x0, 0x0, 0x0, 0x0,
    0x0, 0x0, 0x5f, 0xff, 0xff, 0xff, 0xf9, 0x0,
    0x0, 0x0, 0x0, 0x0, 0x0, 0x0, 0xb, 0xff,
    0xff, 0xef, 0xff, 0xe0, 0x0, 0x0, 0x0, 0x0,
    0x0, 0x0, 0x1, 0xff, 0xff, 0xc8, 0xff, 0xff,
    0x50, 0x0, 0x0, 0x0, 0x0, 0x0, 0x0, 0x7f,
    0xff, 0xf6, 0x2f, 0xff, 0xfb, 0x0, 0x0, 0x0,
    0x0, 0x0, 0x0, 0xd, 0xff, 0xff, 0x10, 0xdf,
    0xff, 0xf1, 0x0, 0x0, 0x0, 0x0, 0x0, 0x2,
    0xff, 0xff, 0xc0, 0x8, 0xff, 0xff, 0x60, 0x0,
    0x0, 0x0, 0x0, 0x0, 0x8f, 0xff, 0xf6, 0x0,
    0x2f, 0xff, 0xfc, 0x0, 0x0, 0x0, 0x0, 0x0,
    0xe, 0xff, 0xff, 0x10, 0x0, 0xdf, 0xff, 0xf2,
    0x0, 0x0, 0x0, 0x0, 0x4, 0xff, 0xff, 0xb0,
    0x0, 0x8, 0xff, 0xff, 0x80, 0x0, 0x0, 0x0,
    0x0, 0xaf, 0xff, 0xf6, 0x0, 0x0, 0x2f, 0xff,
    0xfe, 0x0, 0x0, 0x0, 0x0, 0xf, 0xff, 0xff,
    0x10, 0x0, 0x0, 0xdf, 0xff, 0xf4, 0x0, 0x0,
    0x0, 0x6, 0xff, 0xff, 0xff, 0xff, 0xff, 0xff,
    0xff, 0xff, 0xa0, 0x0, 0x0, 0x0, 0xbf, 0xff,
    0xff, 0xff, 0xff, 0xff, 0xff, 0xff, 0xff, 0x0,
    0x0, 0x0, 0x1f, 0xff, 0xff, 0xff, 0xff, 0xff,
    0xff, 0xff, 0xff, 0xf6, 0x0, 0x0, 0x7, 0xff,
    0xff, 0xff, 0xff, 0xff, 0xff, 0xff, 0xff, 0xff,
    0xb0, 0x0, 0x0, 0xdf, 0xff, 0xfa, 0x66, 0x66,
    0x66, 0x66, 0x8f, 0xff, 0xff, 0x10, 0x0, 0x3f,
    0xff, 0xff, 0x20, 0x0, 0x0, 0x0, 0x0, 0xef,
    0xff, 0xf7, 0x0, 0x9, 0xff, 0xff, 0xd0, 0x0,
    0x0, 0x0, 0x0, 0x9, 0xff, 0xff, 0xd0, 0x0,
    0xef, 0xff, 0xf8, 0x0, 0x0, 0x0, 0x0, 0x0,
    0x4f, 0xff, 0xff, 0x30, 0x5f, 0xff, 0xff, 0x30,
    0x0, 0x0, 0x0, 0x0, 0x0, 0xff, 0xff, 0xf9,
    0xa, 0xff, 0xff, 0xe0, 0x0, 0x0, 0x0, 0x0,
    0x0, 0xa, 0xff, 0xff, 0xe0,

    /* U+0411 "Б" */
    0xcf, 0xff, 0xff, 0xff, 0xff, 0xff, 0xff, 0xff,
    0xf0, 0x0, 0xcf, 0xff, 0xff, 0xff, 0xff, 0xff,
    0xff, 0xff, 0xf0, 0x0, 0xcf, 0xff, 0xff, 0xff,
    0xff, 0xff, 0xff, 0xff, 0xf0, 0x0, 0xcf, 0xff,
    0xff, 0xff, 0xff, 0xff, 0xff, 0xff, 0xf0, 0x0,
    0xcf, 0xff, 0xfb, 0x66, 0x66, 0x66, 0x66, 0x66,
    0x60, 0x0, 0xcf, 0xff, 0xf9, 0x0, 0x0, 0x0,
    0x0, 0x0, 0x0, 0x0, 0xcf, 0xff, 0xf9, 0x0,
    0x0, 0x0, 0x0, 0x0, 0x0, 0x0, 0xcf, 0xff,
    0xf9, 0x0, 0x0, 0x0, 0x0, 0x0, 0x0, 0x0,
    0xcf, 0xff, 0xf9, 0x0, 0x0, 0x0, 0x0, 0x0,
    0x0, 0x0, 0xcf, 0xff, 0xff, 0xff, 0xff, 0xfe,
    0xc8, 0x20, 0x0, 0x0, 0xcf, 0xff, 0xff, 0xff,
    0xff, 0xff, 0xff, 0xfb, 0x10, 0x0, 0xcf, 0xff,
    0xff, 0xff, 0xff, 0xff, 0xff, 0xff, 0xe2, 0x0,
    0xcf, 0xff, 0xff, 0xff, 0xff, 0xff, 0xff, 0xff,
    0xfe, 0x10, 0xcf, 0xff, 0xfb, 0x55, 0x55, 0x69,
    0xff, 0xff, 0xff, 0x90, 0xcf, 0xff, 0xf9, 0x0,
    0x0, 0x0, 0x1d, 0xff, 0xff, 0xf0, 0xcf, 0xff,
    0xf9, 0x0, 0x0, 0x0, 0x3, 0xff, 0xff, 0xf4,
    0xcf, 0xff, 0xf9, 0x0, 0x0, 0x0, 0x0, 0xef,
    0xff, 0xf6, 0xcf, 0xff, 0xf9, 0x0, 0x0, 0x0,
    0x0, 0xdf, 0xff, 0xf7, 0xcf, 0xff, 0xf9, 0x0,
    0x0, 0x0, 0x0, 0xff, 0xff, 0xf6, 0xcf, 0xff,
    0xf9, 0x0, 0x0, 0x0, 0x5, 0xff, 0xff, 0xf3,
    0xcf, 0xff, 0xf9, 0x0, 0x0, 0x0, 0x2e, 0xff,
    0xff, 0xe0, 0xcf, 0xff, 0xfb, 0x66, 0x66, 0x7a,
    0xff, 0xff, 0xff, 0x70, 0xcf, 0xff, 0xff, 0xff,
    0xff, 0xff, 0xff, 0xff, 0xfc, 0x0, 0xcf, 0xff,
    0xff, 0xff, 0xff, 0xff, 0xff, 0xff, 0xd1, 0x0,
    0xcf, 0xff, 0xff, 0xff, 0xff, 0xff, 0xff, 0xf9,
    0x0, 0x0, 0xcf, 0xff, 0xff, 0xff, 0xff, 0xfe,
    0xb7, 0x10, 0x0, 0x0,

    /* U+0412 "В" */
    0xbf, 0xff, 0xff, 0xff, 0xff, 0xed, 0xb7, 0x20,
    0x0, 0x0, 0xbf, 0xff, 0xff, 0xff, 0xff, 0xff,
    0xff, 0xfa, 0x10, 0x0, 0xbf, 0xff, 0xff, 0xff,
    0xff, 0xff, 0xff, 0xff, 0xe2, 0x0, 0xbf, 0xff,
    0xff, 0xff, 0xff, 0xff, 0xff, 0xff, 0xfc, 0x0,
    0xbf, 0xff, 0xfc, 0x77, 0x77, 0x9d, 0xff, 0xff,
    0xff, 0x40, 0xbf, 0xff, 0xf9, 0x0, 0x0, 0x0,
    0x6f, 0xff, 0xff, 0x90, 0xbf, 0xff, 0xf9, 0x0,
    0x0, 0x0, 0xc, 0xff, 0xff, 0xa0, 0xbf, 0xff,
    0xf9, 0x0, 0x0, 0x0, 0x9, 0xff, 0xff, 0xb0,
    0xbf, 0xff, 0xf9, 0x0, 0x0, 0x0, 0xa, 0xff,
    0xff, 0x90, 0xbf, 0xff, 0xf9, 0x0, 0x0, 0x0,
    0x1e, 0xff, 0xff, 0x40, 0xbf, 0xff, 0xf9, 0x0,
    0x0, 0x15, 0xdf, 0xff, 0xfc, 0x0, 0xbf, 0xff,
    0xff, 0xff, 0xff, 0xff, 0xff, 0xff, 0xe2, 0x0,
    0xbf, 0xff, 0xff, 0xff, 0xff, 0xff, 0xff, 0xfa,
    0x10, 0x0, 0xbf, 0xff, 0xff, 0xff, 0xff, 0xff,
    0xff, 0xff, 0xa1, 0x0, 0xbf, 0xff, 0xff, 0xee,
    0xee, 0xef, 0xff, 0xff, 0xfe, 0x10, 0xbf, 0xff,
    0xf9, 0x0, 0x0, 0x0, 0x6f, 0xff, 0xff, 0x80,
    0xbf, 0xff, 0xf9, 0x0, 0x0, 0x0, 0x6, 0xff,
    0xff, 0xf0, 0xbf, 0xff, 0xf9, 0x0, 0x0, 0x0,
    0x1, 0xff, 0xff, 0xf2, 0xbf, 0xff, 0xf9, 0x0,
    0x0, 0x0, 0x0, 0xff, 0xff, 0xf4, 0xbf, 0xff,
    0xf9, 0x0, 0x0, 0x0, 0x3, 0xff, 0xff, 0xf3,
    0xbf, 0xff, 0xf9, 0x0, 0x0, 0x0, 0xc, 0xff,
    0xff, 0xf1, 0xbf, 0xff, 0xfb, 0x66, 0x66, 0x68,
    0xef, 0xff, 0xff, 0xc0, 0xbf, 0xff, 0xff, 0xff,
    0xff, 0xff, 0xff, 0xff, 0xff, 0x40, 0xbf, 0xff,
    0xff, 0xff, 0xff, 0xff, 0xff, 0xff, 0xf8, 0x0,
    0xbf, 0xff, 0xff, 0xff, 0xff, 0xff, 0xff, 0xfe,
    0x50, 0x0, 0xbf, 0xff, 0xff, 0xff, 0xff, 0xfe,
    0xda, 0x50, 0x0, 0x0,

    /* U+0413 "Г" */
    0xaf, 0xff, 0xff, 0xff, 0xff, 0xff, 0xff, 0xff,
    0xf1, 0xaf, 0xff, 0xff, 0xff, 0xff, 0xff, 0xff,
    0xff, 0xf1, 0xaf, 0xff, 0xff, 0xff, 0xff, 0xff,
    0xff, 0xff, 0xf1, 0xaf, 0xff, 0xff, 0xff, 0xff,
    0xff, 0xff, 0xff, 0xf1, 0xaf, 0xff, 0xfc, 0x66,
    0x66, 0x66, 0x66, 0x66, 0x60, 0xaf, 0xff, 0xf9,
    0x0, 0x0, 0x0, 0x0, 0x0, 0x0, 0xaf, 0xff,
    0xf9, 0x0, 0x0, 0x0, 0x0, 0x0, 0x0, 0xaf,
    0xff, 0xf9, 0x0, 0x0, 0x0, 0x0, 0x0, 0x0,
    0xaf, 0xff, 0xf9, 0x0, 0x0, 0x0, 0x0, 0x0,
    0x0, 0xaf, 0xff, 0xf9, 0x0, 0x0, 0x0, 0x0,
    0x0, 0x0, 0xaf, 0xff, 0xf9, 0x0, 0x0, 0x0,
    0x0, 0x0, 0x0, 0xaf, 0xff, 0xf9, 0x0, 0x0,
    0x0, 0x0, 0x0, 0x0, 0xaf, 0xff, 0xf9, 0x0,
    0x0, 0x0, 0x0, 0x0, 0x0, 0xaf, 0xff, 0xf9,
    0x0, 0x0, 0x0, 0x0, 0x0, 0x0, 0xaf, 0xff,
    0xf9, 0x0, 0x0, 0x0, 0x0, 0x0, 0x0, 0xaf,
    0xff, 0xf9, 0x0, 0x0, 0x0, 0x0, 0x0, 0x0,
    0xaf, 0xff, 0xf9, 0x0, 0x0, 0x0, 0x0, 0x0,
    0x0, 0xaf, 0xff, 0xf9, 0x0, 0x0, 0x0, 0x0,
    0x0, 0x0, 0xaf, 0xff, 0xf9, 0x0, 0x0, 0x0,
    0x0, 0x0, 0x0, 0xaf, 0xff, 0xf9, 0x0, 0x0,
    0x0, 0x0, 0x0, 0x0, 0xaf, 0xff, 0xf9, 0x0,
    0x0, 0x0, 0x0, 0x0, 0x0, 0xaf, 0xff, 0xf9,
    0x0, 0x0, 0x0, 0x0, 0x0, 0x0, 0xaf, 0xff,
    0xf9, 0x0, 0x0, 0x0, 0x0, 0x0, 0x0, 0xaf,
    0xff, 0xf9, 0x0, 0x0, 0x0, 0x0, 0x0, 0x0,
    0xaf, 0xff, 0xf9, 0x0, 0x0, 0x0, 0x0, 0x0,
    0x0, 0xaf, 0xff, 0xf9, 0x0, 0x0, 0x0, 0x0,
    0x0, 0x0,

    /* U+0414 "Д" */
    0x0, 0x0, 0x0, 0x5f, 0xff, 0xff, 0xff, 0xff,
    0xff, 0xff, 0xff, 0xf7, 0x0, 0x0, 0x0, 0x0,
    0x6, 0xff, 0xff, 0xff, 0xff, 0xff, 0xff, 0xff,
    0xff, 0x70, 0x0, 0x0, 0x0, 0x0, 0x7f, 0xff,
    0xff, 0xff, 0xff, 0xff, 0xff, 0xff, 0xf7, 0x0,
    0x0, 0x0, 0x0, 0x8, 0xff, 0xff, 0xff, 0xff,
    0xff, 0xff, 0xff, 0xff, 0x70, 0x0, 0x0, 0x0,
    0x0, 0x9f, 0xff, 0xfc, 0x66, 0x66, 0x66, 0xef,
    0xff, 0xf7, 0x0, 0x0, 0x0, 0x0, 0xa, 0xff,
    0xff, 0xa0, 0x0, 0x0, 0xd, 0xff, 0xff, 0x70,
    0x0, 0x0, 0x0, 0x0, 0xbf, 0xff, 0xf9, 0x0,
    0x0, 0x0, 0xdf, 0xff, 0xf7, 0x0, 0x0, 0x0,
    0x0, 0xc, 0xff, 0xff, 0x80, 0x0, 0x0, 0xd,
    0xff, 0xff, 0x70, 0x0, 0x0, 0x0, 0x0, 0xdf,
    0xff, 0xf7, 0x0, 0x0, 0x0, 0xdf, 0xff, 0xf7,
    0x0, 0x0, 0x0, 0x0, 0xe, 0xff, 0xff, 0x50,
    0x0, 0x0, 0xd, 0xff, 0xff, 0x70, 0x0, 0x0,
    0x0, 0x0, 0xff, 0xff, 0xf4, 0x0, 0x0, 0x0,
    0xdf, 0xff, 0xf7, 0x0, 0x0, 0x0, 0x0, 0xf,
    0xff, 0xff, 0x30, 0x0, 0x0, 0xd, 0xff, 0xff,
    0x70, 0x0, 0x0, 0x0, 0x2, 0xff, 0xff, 0xf2,
    0x0, 0x0, 0x0, 0xdf, 0xff, 0xf7, 0x0, 0x0,
    0x0, 0x0, 0x4f, 0xff, 0xff, 0x0, 0x0, 0x0,
    0xd, 0xff, 0xff, 0x70, 0x0, 0x0, 0x0, 0x6,
    0xff, 0xff, 0xd0, 0x0, 0x0, 0x0, 0xdf, 0xff,
    0xf7, 0x0, 0x0, 0x0, 0x0, 0x9f, 0xff, 0xfa,
    0x0, 0x0, 0x0, 0xd, 0xff, 0xff, 0x70, 0x0,
    0x0, 0x0, 0xd, 0xff, 0xff, 0x70, 0x0, 0x0,
    0x0, 0xdf, 0xff, 0xf7, 0x0, 0x0, 0x0, 0x2,
    0xff, 0xff, 0xf3, 0x0, 0x0, 0x0, 0xd, 0xff,
    0xff, 0x70, 0x0, 0x0, 0x0, 0x8f, 0xff, 0xfd,
    0x0, 0x0, 0x0, 0x0, 0xdf, 0xff, 0xf7, 0x0,
    0x0, 0x0, 0xe, 0xff, 0xff, 0x70, 0x0, 0x0,
    0x0, 0xd, 0xff, 0xff, 0x70, 0x0, 0x0, 0x9,
    0xff, 0xff, 0xf1, 0x0, 0x0, 0x0, 0x0, 0xdf,
    0xff, 0xf7, 0x0, 0x3, 0x69, 0xff, 0xff, 0xfc,
    0x66, 0x66, 0x66, 0x66, 0x6e, 0xff, 0xff, 0xa6,
    0x62, 0x8f, 0xff, 0xff, 0xff, 0xff, 0xff, 0xff,
    0xff, 0xff, 0xff, 0xff, 0xff, 0xff, 0x68, 0xff,
    0xff, 0xff, 0xff, 0xff, 0xff, 0xff, 0xff, 0xff,
    0xff, 0xff, 0xff, 0xf6, 0x7f, 0xff, 0xff, 0xff,
    0xff, 0xff, 0xff, 0xff, 0xff, 0xff, 0xff, 0xff,
    0xff, 0x57, 0xff, 0xff, 0xff, 0xff, 0xff, 0xff,
    0xff, 0xff, 0xff, 0xff, 0xff, 0xff, 0xf4, 0x6f,
    0xff, 0xfb, 0x0, 0x0, 0x0, 0x0, 0x0, 0x0,
    0x0, 0xd, 0xff, 0xff, 0x46, 0xff, 0xff, 0xb0,
    0x0, 0x0, 0x0, 0x0, 0x0, 0x0, 0x0, 0xdf,
    0xff, 0xf3, 0x5f, 0xff, 0xfb, 0x0, 0x0, 0x0,
    0x0, 0x0, 0x0, 0x0, 0xd, 0xff, 0xff, 0x25,
    0xff, 0xff, 0xb0, 0x0, 0x0, 0x0, 0x0, 0x0,
    0x0, 0x0, 0xdf, 0xff, 0xf2, 0x5f, 0xff, 0xfb,
    0x0, 0x0, 0x0, 0x0, 0x0, 0x0, 0x0, 0xd,
    0xff, 0xff, 0x14, 0xff, 0xff, 0xb0, 0x0, 0x0,
    0x0, 0x0, 0x0, 0x0, 0x0, 0xdf, 0xff, 0xf0,
    0x28, 0x88, 0x85, 0x0, 0x0, 0x0, 0x0, 0x0,
    0x0, 0x0, 0x6, 0x88, 0x88, 0x0,

    /* U+0415 "Е" */
    0xbf, 0xff, 0xff, 0xff, 0xff, 0xff, 0xff, 0xff,
    0xf6, 0xbf, 0xff, 0xff, 0xff, 0xff, 0xff, 0xff,
    0xff, 0xf6, 0xbf, 0xff, 0xff, 0xff, 0xff, 0xff,
    0xff, 0xff, 0xf6, 0xbf, 0xff, 0xff, 0xff, 0xff,
    0xff, 0xff, 0xff, 0xf6, 0xbf, 0xff, 0xfb, 0x66,
    0x66, 0x66, 0x66, 0x66, 0x62, 0xbf, 0xff, 0xf9,
    0x0, 0x0, 0x0, 0x0, 0x0, 0x0, 0xbf, 0xff,
    0xf9, 0x0, 0x0, 0x0, 0x0, 0x0, 0x0, 0xbf,
    0xff, 0xf9, 0x0, 0x0, 0x0, 0x0, 0x0, 0x0,
    0xbf, 0xff, 0xf9, 0x0, 0x0, 0x0, 0x0, 0x0,
    0x0, 0xbf, 0xff, 0xf9, 0x0, 0x0, 0x0, 0x0,
    0x0, 0x0, 0xbf, 0xff, 0xff, 0xff, 0xff, 0xff,
    0xff, 0xfb, 0x0, 0xbf, 0xff, 0xff, 0xff, 0xff,
    0xff, 0xff, 0xfb, 0x0, 0xbf, 0xff, 0xff, 0xff,
    0xff, 0xff, 0xff, 0xfb, 0x0, 0xbf, 0xff, 0xff,
    0xff, 0xff, 0xff, 0xff, 0xfb, 0x0, 0xbf, 0xff,
    0xfb, 0x44, 0x44, 0x44, 0x44, 0x42, 0x0, 0xbf,
    0xff, 0xf9, 0x0, 0x0, 0x0, 0x0, 0x0, 0x0,
    0xbf, 0xff, 0xf9, 0x0, 0x0, 0x0, 0x0, 0x0,
    0x0, 0xbf, 0xff, 0xf9, 0x0, 0x0, 0x0, 0x0,
    0x0, 0x0, 0xbf, 0xff, 0xf9, 0x0, 0x0, 0x0,
    0x0, 0x0, 0x0, 0xbf, 0xff, 0xf9, 0x0, 0x0,
    0x0, 0x0, 0x0, 0x0, 0xbf, 0xff, 0xf9, 0x0,
    0x0, 0x0, 0x0, 0x0, 0x0, 0xbf, 0xff, 0xfb,
    0x66, 0x66, 0x66, 0x66, 0x66, 0x62, 0xbf, 0xff,
    0xff, 0xff, 0xff, 0xff, 0xff, 0xff, 0xf7, 0xbf,
    0xff, 0xff, 0xff, 0xff, 0xff, 0xff, 0xff, 0xf7,
    0xbf, 0xff, 0xff, 0xff, 0xff, 0xff, 0xff, 0xff,
    0xf7, 0xbf, 0xff, 0xff, 0xff, 0xff, 0xff, 0xff,
    0xff, 0xf7,

    /* U+0416 "Ж" */
    0x1e, 0xff, 0xff, 0xf8, 0x0, 0x0, 0x0, 0x6,
    0xff, 0xff, 0xd0, 0x0, 0x0, 0x0, 0x5f, 0xff,
    0xff, 0xf3, 0x5, 0xff, 0xff, 0xff, 0x20, 0x0,
    0x0, 0x6, 0xff, 0xff, 0xd0, 0x0, 0x0, 0x0,
    0xdf, 0xff, 0xff, 0x80, 0x0, 0xaf, 0xff, 0xff,
    0xa0, 0x0, 0x0, 0x6, 0xff, 0xff, 0xd0, 0x0,
    0x0, 0x6, 0xff, 0xff, 0xfd, 0x0, 0x0, 0x1e,
    0xff, 0xff, 0xf3, 0x0, 0x0, 0x6, 0xff, 0xff,
    0xd0, 0x0, 0x0, 0xe, 0xff, 0xff, 0xf4, 0x0,
    0x0, 0x5, 0xff, 0xff, 0xfc, 0x0, 0x0, 0x6,
    0xff, 0xff, 0xd0, 0x0, 0x0, 0x8f, 0xff, 0xff,
    0x90, 0x0, 0x0, 0x0, 0xbf, 0xff, 0xff, 0x60,
    0x0, 0x6, 0xff, 0xff, 0xd0, 0x0, 0x1, 0xff,
    0xff, 0xfe, 0x0, 0x0, 0x0, 0x0, 0x1f, 0xff,
    0xff, 0xe0, 0x0, 0x6, 0xff, 0xff, 0xd0, 0x0,
    0xa, 0xff, 0xff, 0xf5, 0x0, 0x0, 0x0, 0x0,
    0x6, 0xff, 0xff, 0xf8, 0x0, 0x6, 0xff, 0xff,
    0xd0, 0x0, 0x3f, 0xff, 0xff, 0xa0, 0x0, 0x0,
    0x0, 0x0, 0x0, 0xbf, 0xff, 0xff, 0x10, 0x6,
    0xff, 0xff, 0xd0, 0x0, 0xbf, 0xff, 0xfe, 0x10,
    0x0, 0x0, 0x0, 0x0, 0x0, 0x2f, 0xff, 0xff,
    0xa0, 0x6, 0xff, 0xff, 0xd0, 0x4, 0xff, 0xff,
    0xf5, 0x0, 0x0, 0x0, 0x0, 0x0, 0x0, 0x7,
    0xff, 0xff, 0xff, 0xff, 0xff, 0xff, 0xff, 0xff,
    0xff, 0xff, 0xb0, 0x0, 0x0, 0x0, 0x0, 0x0,
    0x0, 0x0, 0xdf, 0xff, 0xff, 0xff, 0xff, 0xff,
    0xff, 0xff, 0xff, 0xff, 0x20, 0x0, 0x0, 0x0,
    0x0, 0x0, 0x0, 0x3, 0xff, 0xff, 0xff, 0xff,
    0xff, 0xff, 0xff, 0xff, 0xff, 0xff, 0x80, 0x0,
    0x0, 0x0, 0x0, 0x0, 0x0, 0xb, 0xff, 0xff,
    0xff, 0xff, 0xff, 0xff, 0xff, 0xff, 0xff, 0xff,
    0xf1, 0x0, 0x0, 0x0, 0x0, 0x0, 0x0, 0x4f,
    0xff, 0xff, 0xff, 0xff, 0xff, 0xff, 0xff, 0xff,
    0xff, 0xff, 0xfa, 0x0, 0x0, 0x0, 0x0, 0x0,
    0x0, 0xdf, 0xff, 0xff, 0x30, 0x6, 0xff, 0xff,
    0xd0, 0x0, 0xdf, 0xff, 0xff, 0x20, 0x0, 0x0,
    0x0, 0x0, 0x6, 0xff, 0xff, 0xfb, 0x0, 0x6,
    0xff, 0xff, 0xd0, 0x0, 0x5f, 0xff, 0xff, 0xb0,
    0x0, 0x0, 0x0, 0x0, 0xe, 0xff, 0xff, 0xf3,
    0x0, 0x6, 0xff, 0xff, 0xd0, 0x0, 0xd, 0xff,
    0xff, 0xf4, 0x0, 0x0, 0x0, 0x0, 0x8f, 0xff,
    0xff, 0xa0, 0x0, 0x6, 0xff, 0xff, 0xd0, 0x0,
    0x6, 0xff, 0xff, 0xfc, 0x0, 0x0, 0x0, 0x1,
    0xff, 0xff, 0xff, 0x20, 0x0, 0x6, 0xff, 0xff,
    0xd0, 0x0, 0x0, 0xdf, 0xff, 0xff, 0x50, 0x0,
    0x0, 0xa, 0xff, 0xff, 0xfa, 0x0, 0x0, 0x6,
    0xff, 0xff, 0xd0, 0x0, 0x0, 0x6f, 0xff, 0xff,
    0xd0, 0x0, 0x0, 0x3f, 0xff, 0xff, 0xf2, 0x0,
    0x0, 0x6, 0xff, 0xff, 0xd0, 0x0, 0x0, 0xe,
    0xff, 0xff, 0xf7, 0x0, 0x0, 0xcf, 0xff, 0xff,
    0xa0, 0x0, 0x0, 0x6, 0xff, 0xff, 0xd0, 0x0,
    0x0, 0x6, 0xff, 0xff, 0xfe, 0x10, 0x5, 0xff,
    0xff, 0xff, 0x20, 0x0, 0x0, 0x6, 0xff, 0xff,
    0xd0, 0x0, 0x0, 0x0, 0xef, 0xff, 0xff, 0x80,
    0xd, 0xff, 0xff, 0xfa, 0x0, 0x0, 0x0, 0x6,
    0xff, 0xff, 0xd0, 0x0, 0x0, 0x0, 0x6f, 0xff,
    0xff, 0xf1, 0x6f, 0xff, 0xff, 0xf2, 0x0, 0x0,
    0x0, 0x6, 0xff, 0xff, 0xd0, 0x0, 0x0, 0x0,
    0xe, 0xff, 0xff, 0xfa,

    /* U+0417 "З" */
    0x0, 0x0, 0x3, 0x9c, 0xef, 0xfe, 0xc9, 0x40,
    0x0, 0x0, 0x0, 0x4, 0xdf, 0xff, 0xff, 0xff,
    0xff, 0xfd, 0x40, 0x0, 0x0, 0x7f, 0xff, 0xff,
    0xff, 0xff, 0xff, 0xff, 0xf7, 0x0, 0x5, 0xff,
    0xff, 0xff, 0xff, 0xff, 0xff, 0xff, 0xff, 0x40,
    0xe, 0xff, 0xff, 0xfd, 0x86, 0x69, 0xef, 0xff,
    0xff, 0xc0, 0x4f, 0xff, 0xff, 0x70, 0x0, 0x0,
    0xc, 0xff, 0xff, 0xf0, 0x5f, 0xff, 0xfe, 0x0,
    0x0, 0x0, 0x3, 0xff, 0xff, 0xf2, 0x0, 0x0,
    0x0, 0x0, 0x0, 0x0, 0x2, 0xff, 0xff, 0xf1,
    0x0, 0x0, 0x0, 0x0, 0x0, 0x0, 0x7, 0xff,
    0xff, 0xe0, 0x0, 0x0, 0x0, 0x0, 0x0, 0x2,
    0x7f, 0xff, 0xff, 0x60, 0x0, 0x0, 0x0, 0x1f,
    0xff, 0xff, 0xff, 0xff, 0xf9, 0x0, 0x0, 0x0,
    0x0, 0x1f, 0xff, 0xff, 0xff, 0xfd, 0x50, 0x0,
    0x0, 0x0, 0x0, 0x1f, 0xff, 0xff, 0xff, 0xfd,
    0x60, 0x0, 0x0, 0x0, 0x0, 0x1f, 0xff, 0xff,
    0xff, 0xff, 0xfb, 0x0, 0x0, 0x0, 0x0, 0x4,
    0x44, 0x57, 0xdf, 0xff, 0xff, 0x90, 0x0, 0x0,
    0x0, 0x0, 0x0, 0x0, 0x8, 0xff, 0xff, 0xf1,
    0x0, 0x0, 0x0, 0x0, 0x0, 0x0, 0x0, 0xef,
    0xff, 0xf6, 0x0, 0x0, 0x0, 0x0, 0x0, 0x0,
    0x0, 0xbf, 0xff, 0xf8, 0x8b, 0xbb, 0xb5, 0x0,
    0x0, 0x0, 0x0, 0xbf, 0xff, 0xf9, 0xbf, 0xff,
    0xfc, 0x0, 0x0, 0x0, 0x1, 0xff, 0xff, 0xf7,
    0x7f, 0xff, 0xff, 0x80, 0x0, 0x0, 0x1b, 0xff,
    0xff, 0xf4, 0x2f, 0xff, 0xff, 0xfd, 0x86, 0x79,
    0xff, 0xff, 0xff, 0xe0, 0x8, 0xff, 0xff, 0xff,
    0xff, 0xff, 0xff, 0xff, 0xff, 0x40, 0x0, 0x8f,
    0xff, 0xff, 0xff, 0xff, 0xff, 0xff, 0xf5, 0x0,
    0x0, 0x5, 0xdf, 0xff, 0xff, 0xff, 0xff, 0xfc,
    0x30, 0x0, 0x0, 0x0, 0x4, 0x8c, 0xef, 0xfe,
    0xb8, 0x20, 0x0, 0x0,

    /* U+0418 "И" */
    0xef, 0xff, 0xf6, 0x0, 0x0, 0x0, 0x0, 0xa,
    0xff, 0xff, 0xee, 0xff, 0xff, 0x60, 0x0, 0x0,
    0x0, 0x4, 0xff, 0xff, 0xfe, 0xef, 0xff, 0xf6,
    0x0, 0x0, 0x0, 0x0, 0xdf, 0xff, 0xff, 0xee,
    0xff, 0xff, 0x60, 0x0, 0x0, 0x0, 0x7f, 0xff,
    0xff, 0xfe, 0xef, 0xff, 0xf6, 0x0, 0x0, 0x0,
    0x1f, 0xff, 0xff, 0xff, 0xee, 0xff, 0xff, 0x60,
    0x0, 0x0, 0xa, 0xff, 0xff, 0xff, 0xfe, 0xef,
    0xff, 0xf6, 0x0, 0x0, 0x3, 0xff, 0xff, 0xff,
    0xff, 0xee, 0xff, 0xff, 0x60, 0x0, 0x0, 0xcf,
    0xff, 0xff, 0xff, 0xfe, 0xef, 0xff, 0xf6, 0x0,
    0x0, 0x6f, 0xff, 0xff, 0xff, 0xff, 0xee, 0xff,
    0xff, 0x60, 0x0, 0x1e, 0xff, 0xff, 0x8f, 0xff,
    0xfe, 0xef, 0xff, 0xf6, 0x0, 0x9, 0xff, 0xff,
    0x96, 0xff, 0xff, 0xee, 0xff, 0xff, 0x60, 0x2,
    0xff, 0xff, 0xe1, 0x6f, 0xff, 0xfe, 0xef, 0xff,
    0xf6, 0x0, 0xcf, 0xff, 0xf6, 0x6, 0xff, 0xff,
    0xee, 0xff, 0xff, 0x60, 0x5f, 0xff, 0xfc, 0x0,
    0x6f, 0xff, 0xfe, 0xef, 0xff, 0xf6, 0xe, 0xff,
    0xff, 0x30, 0x6, 0xff, 0xff, 0xee, 0xff, 0xff,
    0x68, 0xff, 0xff, 0x90, 0x0, 0x6f, 0xff, 0xfe,
    0xef, 0xff, 0xf8, 0xff, 0xff, 0xf1, 0x0, 0x6,
    0xff, 0xff, 0xee, 0xff, 0xff, 0xff, 0xff, 0xf6,
    0x0, 0x0, 0x6f, 0xff, 0xfe, 0xef, 0xff, 0xff,
    0xff, 0xfd, 0x0, 0x0, 0x6, 0xff, 0xff, 0xee,
    0xff, 0xff, 0xff, 0xff, 0x40, 0x0, 0x0, 0x6f,
    0xff, 0xfe, 0xef, 0xff, 0xff, 0xff, 0xa0, 0x0,
    0x0, 0x6, 0xff, 0xff, 0xee, 0xff, 0xff, 0xff,
    0xf1, 0x0, 0x0, 0x0, 0x6f, 0xff, 0xfe, 0xef,
    0xff, 0xff, 0xf7, 0x0, 0x0, 0x0, 0x6, 0xff,
    0xff, 0xee, 0xff, 0xff, 0xfd, 0x0, 0x0, 0x0,
    0x0, 0x6f, 0xff, 0xfe, 0xef, 0xff, 0xff, 0x40,
    0x0, 0x0, 0x0, 0x6, 0xff, 0xff, 0xee, 0xff,
    0xff, 0xb0, 0x0, 0x0, 0x0, 0x0, 0x6f, 0xff,
    0xfe,

    /* U+0419 "Й" */
    0x0, 0x0, 0x38, 0x88, 0x10, 0x0, 0x7, 0x88,
    0x50, 0x0, 0x0, 0x0, 0x6, 0xff, 0xf5, 0x0,
    0x2, 0xff, 0xf8, 0x0, 0x0, 0x0, 0x0, 0x2f,
    0xff, 0xd3, 0x2, 0xcf, 0xff, 0x40, 0x0, 0x0,
    0x0, 0x0, 0xaf, 0xff, 0xff, 0xff, 0xff, 0xc0,
    0x0, 0x0, 0x0, 0x0, 0x0, 0xbf, 0xff, 0xff,
    0xff, 0xd1, 0x0, 0x0, 0x0, 0x0, 0x0, 0x0,
    0x5b, 0xef, 0xec, 0x60, 0x0, 0x0, 0x0, 0x0,
    0x0, 0x0, 0x0, 0x0, 0x0, 0x0, 0x0, 0x0,
    0x0, 0x0, 0x0, 0x0, 0x0, 0x0, 0x0, 0x0,
    0x0, 0x0, 0x0, 0x0, 0xef, 0xff, 0xf6, 0x0,
    0x0, 0x0, 0x0, 0xa, 0xff, 0xff, 0xee, 0xff,
    0xff, 0x60, 0x0, 0x0, 0x0, 0x4, 0xff, 0xff,
    0xfe, 0xef, 0xff, 0xf6, 0x0, 0x0, 0x0, 0x0,
    0xdf, 0xff, 0xff, 0xee, 0xff, 0xff, 0x60, 0x0,
    0x0, 0x0, 0x7f, 0xff, 0xff, 0xfe, 0xef, 0xff,
    0xf6, 0x0, 0x0, 0x0, 0x1f, 0xff, 0xff, 0xff,
    0xee, 0xff, 0xff, 0x60, 0x0, 0x0, 0xa, 0xff,
    0xff, 0xff, 0xfe, 0xef, 0xff, 0xf6, 0x0, 0x0,
    0x3, 0xff, 0xff, 0xff, 0xff, 0xee, 0xff, 0xff,
    0x60, 0x0, 0x0, 0xcf, 0xff, 0xff, 0xff, 0xfe,
    0xef, 0xff, 0xf6, 0x0, 0x0, 0x6f, 0xff, 0xff,
    0xff, 0xff, 0xee, 0xff, 0xff, 0x60, 0x0, 0x1e,
    0xff, 0xff, 0x8f, 0xff, 0xfe, 0xef, 0xff, 0xf6,
    0x0, 0x9, 0xff, 0xff, 0x96, 0xff, 0xff, 0xee,
    0xff, 0xff, 0x60, 0x2, 0xff, 0xff, 0xe1, 0x6f,
    0xff, 0xfe, 0xef, 0xff, 0xf6, 0x0, 0xcf, 0xff,
    0xf6, 0x6, 0xff, 0xff, 0xee, 0xff, 0xff, 0x60,
    0x5f, 0xff, 0xfc, 0x0, 0x6f, 0xff, 0xfe, 0xef,
    0xff, 0xf6, 0xe, 0xff, 0xff, 0x30, 0x6, 0xff,
    0xff, 0xee, 0xff, 0xff, 0x68, 0xff, 0xff, 0x90,
    0x0, 0x6f, 0xff, 0xfe, 0xef, 0xff, 0xf8, 0xff,
    0xff, 0xf1, 0x0, 0x6, 0xff, 0xff, 0xee, 0xff,
    0xff, 0xff, 0xff, 0xf6, 0x0, 0x0, 0x6f, 0xff,
    0xfe, 0xef, 0xff, 0xff, 0xff, 0xfd, 0x0, 0x0,
    0x6, 0xff, 0xff, 0xee, 0xff, 0xff, 0xff, 0xff,
    0x40, 0x0, 0x0, 0x6f, 0xff, 0xfe, 0xef, 0xff,
    0xff, 0xff, 0xa0, 0x0, 0x0, 0x6, 0xff, 0xff,
    0xee, 0xff, 0xff, 0xff, 0xf1, 0x0, 0x0, 0x0,
    0x6f, 0xff, 0xfe, 0xef, 0xff, 0xff, 0xf7, 0x0,
    0x0, 0x0, 0x6, 0xff, 0xff, 0xee, 0xff, 0xff,
    0xfd, 0x0, 0x0, 0x0, 0x0, 0x6f, 0xff, 0xfe,
    0xef, 0xff, 0xff, 0x40, 0x0, 0x0, 0x0, 0x6,
    0xff, 0xff, 0xee, 0xff, 0xff, 0xb0, 0x0, 0x0,
    0x0, 0x0, 0x6f, 0xff, 0xfe,

    /* U+041A "К" */
    0xaf, 0xff, 0xf9, 0x0, 0x0, 0x0, 0x1, 0xff,
    0xff, 0xff, 0x60, 0xaf, 0xff, 0xf9, 0x0, 0x0,
    0x0, 0xa, 0xff, 0xff, 0xfb, 0x0, 0xaf, 0xff,
    0xf9, 0x0, 0x0, 0x0, 0x4f, 0xff, 0xff, 0xf1,
    0x0, 0xaf, 0xff, 0xf9, 0x0, 0x0, 0x0, 0xdf,
    0xff, 0xff, 0x60, 0x0, 0xaf, 0xff, 0xf9, 0x0,
    0x0, 0x8, 0xff, 0xff, 0xfb, 0x0, 0x0, 0xaf,
    0xff, 0xf9, 0x0, 0x0, 0x2f, 0xff, 0xff, 0xf1,
    0x0, 0x0, 0xaf, 0xff, 0xf9, 0x0, 0x0, 0xcf,
    0xff, 0xff, 0x60, 0x0, 0x0, 0xaf, 0xff, 0xf9,
    0x0, 0x6, 0xff, 0xff, 0xfb, 0x0, 0x0, 0x0,
    0xaf, 0xff, 0xf9, 0x0, 0x1f, 0xff, 0xff, 0xf1,
    0x0, 0x0, 0x0, 0xaf, 0xff, 0xf9, 0x0, 0xaf,
    0xff, 0xff, 0x60, 0x0, 0x0, 0x0, 0xaf, 0xff,
    0xff, 0xff, 0xff, 0xff, 0xfb, 0x0, 0x0, 0x0,
    0x0, 0xaf, 0xff, 0xff, 0xff, 0xff, 0xff, 0xf2,
    0x0, 0x0, 0x0, 0x0, 0xaf, 0xff, 0xff, 0xff,
    0xff, 0xff, 0xf3, 0x0, 0x0, 0x0, 0x0, 0xaf,
    0xff, 0xff, 0xff, 0xff, 0xff, 0xfc, 0x0, 0x0,
    0x0, 0x0, 0xaf, 0xff, 0xff, 0xff, 0xff, 0xff,
    0xff, 0x60, 0x0, 0x0, 0x0, 0xaf, 0xff, 0xf9,
    0x0, 0x2f, 0xff, 0xff, 0xf1, 0x0, 0x0, 0x0,
    0xaf, 0xff, 0xf9, 0x0, 0x7, 0xff, 0xff, 0xfa,
    0x0, 0x0, 0x0, 0xaf, 0xff, 0xf9, 0x0, 0x0,
    0xdf, 0xff, 0xff, 0x40, 0x0, 0x0, 0xaf, 0xff,
    0xf9, 0x0, 0x0, 0x4f, 0xff, 0xff, 0xd0, 0x0,
    0x0, 0xaf, 0xff, 0xf9, 0x0, 0x0, 0xa, 0xff,
    0xff, 0xf8, 0x0, 0x0, 0xaf, 0xff, 0xf9, 0x0,
    0x0, 0x1, 0xff, 0xff, 0xff, 0x20, 0x0, 0xaf,
    0xff, 0xf9, 0x0, 0x0, 0x0, 0x7f, 0xff, 0xff,
    0xb0, 0x0, 0xaf, 0xff, 0xf9, 0x0, 0x0, 0x0,
    0xd, 0xff, 0xff, 0xf5, 0x0, 0xaf, 0xff, 0xf9,
    0x0, 0x0, 0x0, 0x4, 0xff, 0xff, 0xfe, 0x10,
    0xaf, 0xff, 0xf9, 0x0, 0x0, 0x0, 0x0, 0xaf,
    0xff, 0xff, 0x90, 0xaf, 0xff, 0xf9, 0x0, 0x0,
    0x0, 0x0, 0x1f, 0xff, 0xff, 0xf3,

    /* U+041B "Л" */
    0x0, 0x0, 0x1, 0xff, 0xff, 0xff, 0xff, 0xff,
    0xff, 0xff, 0xff, 0xf1, 0x0, 0x0, 0x1, 0xff,
    0xff, 0xff, 0xff, 0xff, 0xff, 0xff, 0xff, 0xf1,
    0x0, 0x0, 0x2, 0xff, 0xff, 0xff, 0xff, 0xff,
    0xff, 0xff, 0xff, 0xf1, 0x0, 0x0, 0x2, 0xff,
    0xff, 0xff, 0xff, 0xff, 0xff, 0xff, 0xff, 0xf1,
    0x0, 0x0, 0x3, 0xff, 0xff, 0xf6, 0x66, 0x66,
    0x68, 0xff, 0xff, 0xf1, 0x0, 0x0, 0x4, 0xff,
    0xff, 0xf0, 0x0, 0x0, 0x2, 0xff, 0xff, 0xf1,
    0x0, 0x0, 0x4, 0xff, 0xff, 0xe0, 0x0, 0x0,
    0x2, 0xff, 0xff, 0xf1, 0x0, 0x0, 0x5, 0xff,
    0xff, 0xd0, 0x0, 0x0, 0x2, 0xff, 0xff, 0xf1,
    0x0, 0x0, 0x5, 0xff, 0xff, 0xc0, 0x0, 0x0,
    0x2, 0xff, 0xff, 0xf1, 0x0, 0x0, 0x6, 0xff,
    0xff, 0xc0, 0x0, 0x0, 0x2, 0xff, 0xff, 0xf1,
    0x0, 0x0, 0x6, 0xff, 0xff, 0xb0, 0x0, 0x0,
    0x2, 0xff, 0xff, 0xf1, 0x0, 0x0, 0x7, 0xff,
    0xff, 0xa0, 0x0, 0x0, 0x2, 0xff, 0xff, 0xf1,
    0x0, 0x0, 0x8, 0xff, 0xff, 0x90, 0x0, 0x0,
    0x2, 0xff, 0xff, 0xf1, 0x0, 0x0, 0x9, 0xff,
    0xff, 0x90, 0x0, 0x0, 0x2, 0xff, 0xff, 0xf1,
    0x0, 0x0, 0xa, 0xff, 0xff, 0x70, 0x0, 0x0,
    0x2, 0xff, 0xff, 0xf1, 0x0, 0x0, 0xc, 0xff,
    0xff, 0x60, 0x0, 0x0, 0x2, 0xff, 0xff, 0xf1,
    0x0, 0x0, 0xe, 0xff, 0xff, 0x40, 0x0, 0x0,
    0x2, 0xff, 0xff, 0xf1, 0x0, 0x0, 0x1f, 0xff,
    0xff, 0x20, 0x0, 0x0, 0x2, 0xff, 0xff, 0xf1,
    0x0, 0x0, 0x5f, 0xff, 0xff, 0x0, 0x0, 0x0,
    0x2, 0xff, 0xff, 0xf1, 0x0, 0x0, 0xbf, 0xff,
    0xfc, 0x0, 0x0, 0x0, 0x2, 0xff, 0xff, 0xf1,
    0x0, 0x5, 0xff, 0xff, 0xf8, 0x0, 0x0, 0x0,
    0x2, 0xff, 0xff, 0xf1, 0x16, 0xaf, 0xff, 0xff,
    0xf2, 0x0, 0x0, 0x0, 0x2, 0xff, 0xff, 0xf1,
    0x4f, 0xff, 0xff, 0xff, 0xb0, 0x0, 0x0, 0x0,
    0x2, 0xff, 0xff, 0xf1, 0x4f, 0xff, 0xff, 0xfe,
    0x20, 0x0, 0x0, 0x0, 0x2, 0xff, 0xff, 0xf1,
    0x4f, 0xff, 0xff, 0xd2, 0x0, 0x0, 0x0, 0x0,
    0x2, 0xff, 0xff, 0xf1, 0x4f, 0xfe, 0xb6, 0x0,
    0x0, 0x0, 0x0, 0x0, 0x2, 0xff, 0xff, 0xf1,

    /* U+041C "М" */
    0xbf, 0xff, 0xff, 0xf5, 0x0, 0x0, 0x0, 0x0,
    0x0, 0x0, 0xdf, 0xff, 0xff, 0xf3, 0xbf, 0xff,
    0xff, 0xfb, 0x0, 0x0, 0x0, 0x0, 0x0, 0x3,
    0xff, 0xff, 0xff, 0xf3, 0xbf, 0xff, 0xff, 0xff,
    0x10, 0x0, 0x0, 0x0, 0x0, 0x8, 0xff, 0xff,
    0xff, 0xf3, 0xbf, 0xff, 0xff, 0xff, 0x60, 0x0,
    0x0, 0x0, 0x0, 0xe, 0xff, 0xff, 0xff, 0xf3,
    0xbf, 0xff, 0xff, 0xff, 0xb0, 0x0, 0x0, 0x0,
    0x0, 0x3f, 0xff, 0xff, 0xff, 0xf3, 0xbf, 0xff,
    0xff, 0xff, 0xf1, 0x0, 0x0, 0x0, 0x0, 0x9f,
    0xff, 0xff, 0xff, 0xf3, 0xbf, 0xff, 0xff, 0xff,
    0xf6, 0x0, 0x0, 0x0, 0x0, 0xef, 0xff, 0xff,
    0xff, 0xf3, 0xbf, 0xff, 0xfb, 0xff, 0xfc, 0x0,
    0x0, 0x0, 0x4, 0xff, 0xff, 0xbf, 0xff, 0xf3,
    0xbf, 0xff, 0xf6, 0xff, 0xff, 0x10, 0x0, 0x0,
    0x9, 0xff, 0xfc, 0xaf, 0xff, 0xf3, 0xbf, 0xff,
    0xf3, 0xef, 0xff, 0x70, 0x0, 0x0, 0xe, 0xff,
    0xf7, 0xaf, 0xff, 0xf3, 0xbf, 0xff, 0xf3, 0x9f,
    0xff, 0xc0, 0x0, 0x0, 0x4f, 0xff, 0xf1, 0xbf,
    0xff, 0xf3, 0xbf, 0xff, 0xf4, 0x3f, 0xff, 0xf2,
    0x0, 0x0, 0xaf, 0xff, 0xb0, 0xcf, 0xff, 0xf3,
    0xbf, 0xff, 0xf4, 0xd, 0xff, 0xf7, 0x0, 0x0,
    0xff, 0xff, 0x50, 0xcf, 0xff, 0xf3, 0xbf, 0xff,
    0xf5, 0x8, 0xff, 0xfc, 0x0, 0x5, 0xff, 0xff,
    0x0, 0xdf, 0xff, 0xf3, 0xbf, 0xff, 0xf6, 0x2,
    0xff, 0xff, 0x20, 0xa, 0xff, 0xfa, 0x0, 0xef,
    0xff, 0xf3, 0xbf, 0xff, 0xf6, 0x0, 0xcf, 0xff,
    0x70, 0xf, 0xff, 0xf4, 0x0, 0xef, 0xff, 0xf3,
    0xbf, 0xff, 0xf7, 0x0, 0x7f, 0xff, 0xd0, 0x5f,
    0xff, 0xe0, 0x0, 0xff, 0xff, 0xf3, 0xbf, 0xff,
    0xf8, 0x0, 0x1f, 0xff, 0xf2, 0xaf, 0xff, 0x90,
    0x0, 0xff, 0xff, 0xf3, 0xbf, 0xff, 0xf8, 0x0,
    0xb, 0xff, 0xf9, 0xff, 0xff, 0x30, 0x0, 0xff,
    0xff, 0xf3, 0xbf, 0xff, 0xf9, 0x0, 0x6, 0xff,
    0xff, 0xff, 0xfd, 0x0, 0x1, 0xff, 0xff, 0xf3,
    0xbf, 0xff, 0xf9, 0x0, 0x0, 0xff, 0xff, 0xff,
    0xf8, 0x0, 0x1, 0xff, 0xff, 0xf3, 0xbf, 0xff,
    0xf9, 0x0, 0x0, 0xaf, 0xff, 0xff, 0xf2, 0x0,
    0x1, 0xff, 0xff, 0xf3, 0xbf, 0xff, 0xf9, 0x0,
    0x0, 0x5f, 0xff, 0xff, 0xc0, 0x0, 0x1, 0xff,
    0xff, 0xf3, 0xbf, 0xff, 0xf9, 0x0, 0x0, 0xe,
    0xff, 0xff, 0x70, 0x0, 0x1, 0xff, 0xff, 0xf3,
    0xbf, 0xff, 0xf9, 0x0, 0x0, 0x9, 0xff, 0xff,
    0x10, 0x0, 0x1, 0xff, 0xff, 0xf3, 0xbf, 0xff,
    0xf9, 0x0, 0x0, 0x3, 0xff, 0xfb, 0x0, 0x0,
    0x1, 0xff, 0xff, 0xf3,

    /* U+041D "Н" */
    0xbf, 0xff, 0xf9, 0x0, 0x0, 0x0, 0x0, 0x2,
    0xff, 0xff, 0xf2, 0xbf, 0xff, 0xf9, 0x0, 0x0,
    0x0, 0x0, 0x2, 0xff, 0xff, 0xf2, 0xbf, 0xff,
    0xf9, 0x0, 0x0, 0x0, 0x0, 0x2, 0xff, 0xff,
    0xf2, 0xbf, 0xff, 0xf9, 0x0, 0x0, 0x0, 0x0,
    0x2, 0xff, 0xff, 0xf2, 0xbf, 0xff, 0xf9, 0x0,
    0x0, 0x0, 0x0, 0x2, 0xff, 0xff, 0xf2, 0xbf,
    0xff, 0xf9, 0x0, 0x0, 0x0, 0x0, 0x2, 0xff,
    0xff, 0xf2, 0xbf, 0xff, 0xf9, 0x0, 0x0, 0x0,
    0x0, 0x2, 0xff, 0xff, 0xf2, 0xbf, 0xff, 0xf9,
    0x0, 0x0, 0x0, 0x0, 0x2, 0xff, 0xff, 0xf2,
    0xbf, 0xff, 0xf9, 0x0, 0x0, 0x0, 0x0, 0x2,
    0xff, 0xff, 0xf2, 0xbf, 0xff, 0xf9, 0x0, 0x0,
    0x0, 0x0, 0x2, 0xff, 0xff, 0xf2, 0xbf, 0xff,
    0xff, 0xff, 0xff, 0xff, 0xff, 0xff, 0xff, 0xff,
    0xf2, 0xbf, 0xff, 0xff, 0xff, 0xff, 0xff, 0xff,
    0xff, 0xff, 0xff, 0xf2, 0xbf, 0xff, 0xff, 0xff,
    0xff, 0xff, 0xff, 0xff, 0xff, 0xff, 0xf2, 0xbf,
    0xff, 0xff, 0xff, 0xff, 0xff, 0xff, 0xff, 0xff,
    0xff, 0xf2, 0xbf, 0xff, 0xfb, 0x66, 0x66, 0x66,
    0x66, 0x67, 0xff, 0xff, 0xf2, 0xbf, 0xff, 0xf9,
    0x0, 0x0, 0x0, 0x0, 0x2, 0xff, 0xff, 0xf2,
    0xbf, 0xff, 0xf9, 0x0, 0x0, 0x0, 0x0, 0x2,
    0xff, 0xff, 0xf2, 0xbf, 0xff, 0xf9, 0x0, 0x0,
    0x0, 0x0, 0x2, 0xff, 0xff, 0xf2, 0xbf, 0xff,
    0xf9, 0x0, 0x0, 0x0, 0x0, 0x2, 0xff, 0xff,
    0xf2, 0xbf, 0xff, 0xf9, 0x0, 0x0, 0x0, 0x0,
    0x2, 0xff, 0xff, 0xf2, 0xbf, 0xff, 0xf9, 0x0,
    0x0, 0x0, 0x0, 0x2, 0xff, 0xff, 0xf2, 0xbf,
    0xff, 0xf9, 0x0, 0x0, 0x0, 0x0, 0x2, 0xff,
    0xff, 0xf2, 0xbf, 0xff, 0xf9, 0x0, 0x0, 0x0,
    0x0, 0x2, 0xff, 0xff, 0xf2, 0xbf, 0xff, 0xf9,
    0x0, 0x0, 0x0, 0x0, 0x2, 0xff, 0xff, 0xf2,
    0xbf, 0xff, 0xf9, 0x0, 0x0, 0x0, 0x0, 0x2,
    0xff, 0xff, 0xf2, 0xbf, 0xff, 0xf9, 0x0, 0x0,
    0x0, 0x0, 0x2, 0xff, 0xff, 0xf2,

    /* U+041E "О" */
    0x0, 0x0, 0x0, 0x4, 0x9d, 0xef, 0xec, 0x83,
    0x0, 0x0, 0x0, 0x0, 0x0, 0x0, 0x4d, 0xff,
    0xff, 0xff, 0xff, 0xfc, 0x30, 0x0, 0x0, 0x0,
    0x0, 0x8f, 0xff, 0xff, 0xff, 0xff, 0xff, 0xff,
    0x50, 0x0, 0x0, 0x0, 0x8f, 0xff, 0xff, 0xff,
    0xff, 0xff, 0xff, 0xff, 0x60, 0x0, 0x0, 0x4f,
    0xff, 0xff, 0xfd, 0x98, 0xae, 0xff, 0xff, 0xff,
    0x20, 0x0, 0xe, 0xff, 0xff, 0xf5, 0x0, 0x0,
    0x8, 0xff, 0xff, 0xfc, 0x0, 0x6, 0xff, 0xff,
    0xf5, 0x0, 0x0, 0x0, 0x8, 0xff, 0xff, 0xf3,
    0x0, 0xcf, 0xff, 0xfc, 0x0, 0x0, 0x0, 0x0,
    0xe, 0xff, 0xff, 0x90, 0xf, 0xff, 0xff, 0x60,
    0x0, 0x0, 0x0, 0x0, 0x8f, 0xff, 0xfd, 0x3,
    0xff, 0xff, 0xf2, 0x0, 0x0, 0x0, 0x0, 0x4,
    0xff, 0xff, 0xf1, 0x5f, 0xff, 0xff, 0x0, 0x0,
    0x0, 0x0, 0x0, 0x2f, 0xff, 0xff, 0x36, 0xff,
    0xff, 0xe0, 0x0, 0x0, 0x0, 0x0, 0x1, 0xff,
    0xff, 0xf4, 0x7f, 0xff, 0xfd, 0x0, 0x0, 0x0,
    0x0, 0x0, 0xf, 0xff, 0xff, 0x57, 0xff, 0xff,
    0xd0, 0x0, 0x0, 0x0, 0x0, 0x0, 0xff, 0xff,
    0xf5, 0x6f, 0xff, 0xfe, 0x0, 0x0, 0x0, 0x0,
    0x0, 0x1f, 0xff, 0xff, 0x45, 0xff, 0xff, 0xf0,
    0x0, 0x0, 0x0, 0x0, 0x2, 0xff, 0xff, 0xf3,
    0x3f, 0xff, 0xff, 0x20, 0x0, 0x0, 0x0, 0x0,
    0x4f, 0xff, 0xff, 0x10, 0xff, 0xff, 0xf6, 0x0,
    0x0, 0x0, 0x0, 0x8, 0xff, 0xff, 0xd0, 0xc,
    0xff, 0xff, 0xc0, 0x0, 0x0, 0x0, 0x0, 0xef,
    0xff, 0xf9, 0x0, 0x6f, 0xff, 0xff, 0x50, 0x0,
    0x0, 0x0, 0x8f, 0xff, 0xff, 0x30, 0x0, 0xef,
    0xff, 0xff, 0x60, 0x0, 0x0, 0x7f, 0xff, 0xff,
    0xc0, 0x0, 0x5, 0xff, 0xff, 0xff, 0xd9, 0x89,
    0xef, 0xff, 0xff, 0xf3, 0x0, 0x0, 0x8, 0xff,
    0xff, 0xff, 0xff, 0xff, 0xff, 0xff, 0xf6, 0x0,
    0x0, 0x0, 0x8, 0xff, 0xff, 0xff, 0xff, 0xff,
    0xff, 0xf6, 0x0, 0x0, 0x0, 0x0, 0x4, 0xdf,
    0xff, 0xff, 0xff, 0xff, 0xc3, 0x0, 0x0, 0x0,
    0x0, 0x0, 0x0, 0x49, 0xde, 0xfe, 0xc9, 0x40,
    0x0, 0x0, 0x0,

    /* U+041F "П" */
    0xaf, 0xff, 0xff, 0xff, 0xff, 0xff, 0xff, 0xff,
    0xff, 0xff, 0xf2, 0xaf, 0xff, 0xff, 0xff, 0xff,
    0xff, 0xff, 0xff, 0xff, 0xff, 0xf2, 0xaf, 0xff,
    0xff, 0xff, 0xff, 0xff, 0xff, 0xff, 0xff, 0xff,
    0xf2, 0xaf, 0xff, 0xff, 0xff, 0xff, 0xff, 0xff,
    0xff, 0xff, 0xff, 0xf2, 0xaf, 0xff, 0xfc, 0x66,
    0x66, 0x66, 0x66, 0x67, 0xff, 0xff, 0xf2, 0xaf,
    0xff, 0xf9, 0x0, 0x0, 0x0, 0x0, 0x2, 0xff,
    0xff, 0xf2, 0xaf, 0xff, 0xf9, 0x0, 0x0, 0x0,
    0x0, 0x2, 0xff, 0xff, 0xf2, 0xaf, 0xff, 0xf9,
    0x0, 0x0, 0x0, 0x0, 0x2, 0xff, 0xff, 0xf2,
    0xaf, 0xff, 0xf9, 0x0, 0x0, 0x0, 0x0, 0x2,
    0xff, 0xff, 0xf2, 0xaf, 0xff, 0xf9, 0x0, 0x0,
    0x0, 0x0, 0x2, 0xff, 0xff, 0xf2, 0xaf, 0xff,
    0xf9, 0x0, 0x0, 0x0, 0x0, 0x2, 0xff, 0xff,
    0xf2, 0xaf, 0xff, 0xf9, 0x0, 0x0, 0x0, 0x0,
    0x2, 0xff, 0xff, 0xf2, 0xaf, 0xff, 0xf9, 0x0,
    0x0, 0x0, 0x0, 0x2, 0xff, 0xff, 0xf2, 0xaf,
    0xff, 0xf9, 0x0, 0x0, 0x0, 0x0, 0x2, 0xff,
    0xff, 0xf2, 0xaf, 0xff, 0xf9, 0x0, 0x0, 0x0,
    0x0, 0x2, 0xff, 0xff, 0xf2, 0xaf, 0xff, 0xf9,
    0x0, 0x0, 0x0, 0x0, 0x2, 0xff, 0xff, 0xf2,
    0xaf, 0xff, 0xf9, 0x0, 0x0, 0x0, 0x0, 0x2,
    0xff, 0xff, 0xf2, 0xaf, 0xff, 0xf9, 0x0, 0x0,
    0x0, 0x0, 0x2, 0xff, 0xff, 0xf2, 0xaf, 0xff,
    0xf9, 0x0, 0x0, 0x0, 0x0, 0x2, 0xff, 0xff,
    0xf2, 0xaf, 0xff, 0xf9, 0x0, 0x0, 0x0, 0x0,
    0x2, 0xff, 0xff, 0xf2, 0xaf, 0xff, 0xf9, 0x0,
    0x0, 0x0, 0x0, 0x2, 0xff, 0xff, 0xf2, 0xaf,
    0xff, 0xf9, 0x0, 0x0, 0x0, 0x0, 0x2, 0xff,
    0xff, 0xf2, 0xaf, 0xff, 0xf9, 0x0, 0x0, 0x0,
    0x0, 0x2, 0xff, 0xff, 0xf2, 0xaf, 0xff, 0xf9,
    0x0, 0x0, 0x0, 0x0, 0x2, 0xff, 0xff, 0xf2,
    0xaf, 0xff, 0xf9, 0x0, 0x0, 0x0, 0x0, 0x2,
    0xff, 0xff, 0xf2, 0xaf, 0xff, 0xf9, 0x0, 0x0,
    0x0, 0x0, 0x2, 0xff, 0xff, 0xf2,

    /* U+0420 "Р" */
    0xbf, 0xff, 0xff, 0xff, 0xff, 0xfe, 0xd9, 0x50,
    0x0, 0x0, 0xbf, 0xff, 0xff, 0xff, 0xff, 0xff,
    0xff, 0xfd, 0x40, 0x0, 0xbf, 0xff, 0xff, 0xff,
    0xff, 0xff, 0xff, 0xff, 0xf7, 0x0, 0xbf, 0xff,
    0xff, 0xff, 0xff, 0xff, 0xff, 0xff, 0xff, 0x50,
    0xbf, 0xff, 0xfb, 0x66, 0x66, 0x68, 0xdf, 0xff,
    0xff, 0xe0, 0xbf, 0xff, 0xf9, 0x0, 0x0, 0x0,
    0x9, 0xff, 0xff, 0xf6, 0xbf, 0xff, 0xf9, 0x0,
    0x0, 0x0, 0x0, 0xef, 0xff, 0xfb, 0xbf, 0xff,
    0xf9, 0x0, 0x0, 0x0, 0x0, 0x9f, 0xff, 0xfd,
    0xbf, 0xff, 0xf9, 0x0, 0x0, 0x0, 0x0, 0x7f,
    0xff, 0xfe, 0xbf, 0xff, 0xf9, 0x0, 0x0, 0x0,
    0x0, 0xaf, 0xff, 0xfc, 0xbf, 0xff, 0xf9, 0x0,
    0x0, 0x0, 0x2, 0xff, 0xff, 0xfa, 0xbf, 0xff,
    0xf9, 0x0, 0x0, 0x1, 0x5e, 0xff, 0xff, 0xf4,
    0xbf, 0xff, 0xff, 0xff, 0xff, 0xff, 0xff, 0xff,
    0xff, 0xc0, 0xbf, 0xff, 0xff, 0xff, 0xff, 0xff,
    0xff, 0xff, 0xfe, 0x20, 0xbf, 0xff, 0xff, 0xff,
    0xff, 0xff, 0xff, 0xff, 0xc2, 0x0, 0xbf, 0xff,
    0xff, 0xff, 0xff, 0xff, 0xff, 0xc5, 0x0, 0x0,
    0xbf, 0xff, 0xfb, 0x66, 0x66, 0x65, 0x30, 0x0,
    0x0, 0x0, 0xbf, 0xff, 0xf9, 0x0, 0x0, 0x0,
    0x0, 0x0, 0x0, 0x0, 0xbf, 0xff, 0xf9, 0x0,
    0x0, 0x0, 0x0, 0x0, 0x0, 0x0, 0xbf, 0xff,
    0xf9, 0x0, 0x0, 0x0, 0x0, 0x0, 0x0, 0x0,
    0xbf, 0xff, 0xf9, 0x0, 0x0, 0x0, 0x0, 0x0,
    0x0, 0x0, 0xbf, 0xff, 0xf9, 0x0, 0x0, 0x0,
    0x0, 0x0, 0x0, 0x0, 0xbf, 0xff, 0xf9, 0x0,
    0x0, 0x0, 0x0, 0x0, 0x0, 0x0, 0xbf, 0xff,
    0xf9, 0x0, 0x0, 0x0, 0x0, 0x0, 0x0, 0x0,
    0xbf, 0xff, 0xf9, 0x0, 0x0, 0x0, 0x0, 0x0,
    0x0, 0x0, 0xbf, 0xff, 0xf9, 0x0, 0x0, 0x0,
    0x0, 0x0, 0x0, 0x0,

    /* U+0421 "С" */
    0x0, 0x0, 0x0, 0x16, 0xad, 0xff, 0xec, 0x94,
    0x0, 0x0, 0x0, 0x0, 0x0, 0x7, 0xef, 0xff,
    0xff, 0xff, 0xff, 0xd3, 0x0, 0x0, 0x0, 0x0,
    0xbf, 0xff, 0xff, 0xff, 0xff, 0xff, 0xff, 0x60,
    0x0, 0x0, 0xb, 0xff, 0xff, 0xff, 0xff, 0xff,
    0xff, 0xff, 0xf4, 0x0, 0x0, 0x7f, 0xff, 0xff,
    0xfb, 0x87, 0x9d, 0xff, 0xff, 0xfe, 0x0, 0x1,
    0xff, 0xff, 0xfe, 0x20, 0x0, 0x0, 0x5f, 0xff,
    0xff, 0x70, 0x7, 0xff, 0xff, 0xf2, 0x0, 0x0,
    0x0, 0x8, 0xff, 0xff, 0xd0, 0xd, 0xff, 0xff,
    0xa0, 0x0, 0x0, 0x0, 0x2, 0xff, 0xff, 0xf2,
    0x1f, 0xff, 0xff, 0x40, 0x0, 0x0, 0x0, 0x0,
    0xef, 0xff, 0xf5, 0x4f, 0xff, 0xff, 0x10, 0x0,
    0x0, 0x0, 0x0, 0x0, 0x0, 0x0, 0x5f, 0xff,
    0xff, 0x0, 0x0, 0x0, 0x0, 0x0, 0x0, 0x0,
    0x0, 0x7f, 0xff, 0xfe, 0x0, 0x0, 0x0, 0x0,
    0x0, 0x0, 0x0, 0x0, 0x7f, 0xff, 0xfe, 0x0,
    0x0, 0x0, 0x0, 0x0, 0x0, 0x0, 0x0, 0x7f,
    0xff, 0xfe, 0x0, 0x0, 0x0, 0x0, 0x0, 0x0,
    0x0, 0x0, 0x7f, 0xff, 0xfe, 0x0, 0x0, 0x0,
    0x0, 0x0, 0x0, 0x0, 0x0, 0x6f, 0xff, 0xff,
    0x0, 0x0, 0x0, 0x0, 0x0, 0x0, 0x0, 0x0,
    0x4f, 0xff, 0xff, 0x10, 0x0, 0x0, 0x0, 0x0,
    0x0, 0x0, 0x0, 0x1f, 0xff, 0xff, 0x40, 0x0,
    0x0, 0x0, 0x0, 0xcd, 0xdd, 0xd4, 0xd, 0xff,
    0xff, 0x90, 0x0, 0x0, 0x0, 0x2, 0xff, 0xff,
    0xf2, 0x8, 0xff, 0xff, 0xf1, 0x0, 0x0, 0x0,
    0x8, 0xff, 0xff, 0xe0, 0x1, 0xff, 0xff, 0xfc,
    0x10, 0x0, 0x0, 0x6f, 0xff, 0xff, 0x90, 0x0,
    0x8f, 0xff, 0xff, 0xfa, 0x87, 0x9d, 0xff, 0xff,
    0xff, 0x10, 0x0, 0xc, 0xff, 0xff, 0xff, 0xff,
    0xff, 0xff, 0xff, 0xf6, 0x0, 0x0, 0x1, 0xcf,
    0xff, 0xff, 0xff, 0xff, 0xff, 0xff, 0x70, 0x0,
    0x0, 0x0, 0x8, 0xff, 0xff, 0xff, 0xff, 0xff,
    0xd4, 0x0, 0x0, 0x0, 0x0, 0x0, 0x16, 0xbd,
    0xff, 0xec, 0x94, 0x0, 0x0, 0x0,

    /* U+0422 "Т" */
    0x4f, 0xff, 0xff, 0xff, 0xff, 0xff, 0xff, 0xff,
    0xff, 0xff, 0xf8, 0x4f, 0xff, 0xff, 0xff, 0xff,
    0xff, 0xff, 0xff, 0xff, 0xff, 0xf8, 0x4f, 0xff,
    0xff, 0xff, 0xff, 0xff, 0xff, 0xff, 0xff, 0xff,
    0xf8, 0x4f, 0xff, 0xff, 0xff, 0xff, 0xff, 0xff,
    0xff, 0xff, 0xff, 0xf8, 0x16, 0x66, 0x66, 0x66,
    0xbf, 0xff, 0xfd, 0x66, 0x66, 0x66, 0x63, 0x0,
    0x0, 0x0, 0x0, 0x8f, 0xff, 0xfb, 0x0, 0x0,
    0x0, 0x0, 0x0, 0x0, 0x0, 0x0, 0x8f, 0xff,
    0xfb, 0x0, 0x0, 0x0, 0x0, 0x0, 0x0, 0x0,
    0x0, 0x8f, 0xff, 0xfb, 0x0, 0x0, 0x0, 0x0,
    0x0, 0x0, 0x0, 0x0, 0x8f, 0xff, 0xfb, 0x0,
    0x0, 0x0, 0x0, 0x0, 0x0, 0x0, 0x0, 0x8f,
    0xff, 0xfb, 0x0, 0x0, 0x0, 0x0, 0x0, 0x0,
    0x0, 0x0, 0x8f, 0xff, 0xfb, 0x0, 0x0, 0x0,
    0x0, 0x0, 0x0, 0x0, 0x0, 0x8f, 0xff, 0xfb,
    0x0, 0x0, 0x0, 0x0, 0x0, 0x0, 0x0, 0x0,
    0x8f, 0xff, 0xfb, 0x0, 0x0, 0x0, 0x0, 0x0,
    0x0, 0x0, 0x0, 0x8f, 0xff, 0xfb, 0x0, 0x0,
    0x0, 0x0, 0x0, 0x0, 0x0, 0x0, 0x8f, 0xff,
    0xfb, 0x0, 0x0, 0x0, 0x0, 0x0, 0x0, 0x0,
    0x0, 0x8f, 0xff, 0xfb, 0x0, 0x0, 0x0, 0x0,
    0x0, 0x0, 0x0, 0x0, 0x8f, 0xff, 0xfb, 0x0,
    0x0, 0x0, 0x0, 0x0, 0x0, 0x0, 0x0, 0x8f,
    0xff, 0xfb, 0x0, 0x0, 0x0, 0x0, 0x0, 0x0,
    0x0, 0x0, 0x8f, 0xff, 0xfb, 0x0, 0x0, 0x0,
    0x0, 0x0, 0x0, 0x0, 0x0, 0x8f, 0xff, 0xfb,
    0x0, 0x0, 0x0, 0x0, 0x0, 0x0, 0x0, 0x0,
    0x8f, 0xff, 0xfb, 0x0, 0x0, 0x0, 0x0, 0x0,
    0x0, 0x0, 0x0, 0x8f, 0xff, 0xfb, 0x0, 0x0,
    0x0, 0x0, 0x0, 0x0, 0x0, 0x0, 0x8f, 0xff,
    0xfb, 0x0, 0x0, 0x0, 0x0, 0x0, 0x0, 0x0,
    0x0, 0x8f, 0xff, 0xfb, 0x0, 0x0, 0x0, 0x0,
    0x0, 0x0, 0x0, 0x0, 0x8f, 0xff, 0xfb, 0x0,
    0x0, 0x0, 0x0, 0x0, 0x0, 0x0, 0x0, 0x8f,
    0xff, 0xfb, 0x0, 0x0, 0x0, 0x0,

    /* U+0423 "У" */
    0x3f, 0xff, 0xff, 0x70, 0x0, 0x0, 0x0, 0x0,
    0xaf, 0xff, 0xff, 0x10, 0xbf, 0xff, 0xfe, 0x0,
    0x0, 0x0, 0x0, 0x1f, 0xff, 0xff, 0x90, 0x3,
    0xff, 0xff, 0xf6, 0x0, 0x0, 0x0, 0x6, 0xff,
    0xff, 0xf3, 0x0, 0xb, 0xff, 0xff, 0xd0, 0x0,
    0x0, 0x0, 0xcf, 0xff, 0xfc, 0x0, 0x0, 0x3f,
    0xff, 0xff, 0x50, 0x0, 0x0, 0x2f, 0xff, 0xff,
    0x50, 0x0, 0x0, 0xbf, 0xff, 0xfd, 0x0, 0x0,
    0x9, 0xff, 0xff, 0xe0, 0x0, 0x0, 0x3, 0xff,
    0xff, 0xf4, 0x0, 0x0, 0xef, 0xff, 0xf8, 0x0,
    0x0, 0x0, 0xb, 0xff, 0xff, 0xc0, 0x0, 0x5f,
    0xff, 0xff, 0x10, 0x0, 0x0, 0x0, 0x3f, 0xff,
    0xff, 0x30, 0xb, 0xff, 0xff, 0xa0, 0x0, 0x0,
    0x0, 0x0, 0xcf, 0xff, 0xfb, 0x1, 0xff, 0xff,
    0xf3, 0x0, 0x0, 0x0, 0x0, 0x4, 0xff, 0xff,
    0xf2, 0x7f, 0xff, 0xfd, 0x0, 0x0, 0x0, 0x0,
    0x0, 0xc, 0xff, 0xff, 0xad, 0xff, 0xff, 0x60,
    0x0, 0x0, 0x0, 0x0, 0x0, 0x4f, 0xff, 0xff,
    0xff, 0xff, 0xe0, 0x0, 0x0, 0x0, 0x0, 0x0,
    0x0, 0xcf, 0xff, 0xff, 0xff, 0xf8, 0x0, 0x0,
    0x0, 0x0, 0x0, 0x0, 0x4, 0xff, 0xff, 0xff,
    0xff, 0x20, 0x0, 0x0, 0x0, 0x0, 0x0, 0x0,
    0xc, 0xff, 0xff, 0xff, 0xb0, 0x0, 0x0, 0x0,
    0x0, 0x0, 0x0, 0x0, 0x4f, 0xff, 0xff, 0xf4,
    0x0, 0x0, 0x0, 0x0, 0x0, 0x0, 0x0, 0x0,
    0xcf, 0xff, 0xfd, 0x0, 0x0, 0x0, 0x0, 0x0,
    0x0, 0x0, 0x0, 0x9, 0xff, 0xff, 0x70, 0x0,
    0x0, 0x0, 0x0, 0x0, 0x0, 0x0, 0x0, 0xff,
    0xff, 0xf0, 0x0, 0x0, 0x0, 0x0, 0x0, 0x0,
    0x0, 0x0, 0x8f, 0xff, 0xf9, 0x0, 0x0, 0x0,
    0x0, 0x0, 0x0, 0x2, 0x56, 0xaf, 0xff, 0xff,
    0x10, 0x0, 0x0, 0x0, 0x0, 0x0, 0x0, 0x6f,
    0xff, 0xff, 0xff, 0x80, 0x0, 0x0, 0x0, 0x0,
    0x0, 0x0, 0x6, 0xff, 0xff, 0xff, 0xc0, 0x0,
    0x0, 0x0, 0x0, 0x0, 0x0, 0x0, 0x5f, 0xff,
    0xff, 0xd1, 0x0, 0x0, 0x0, 0x0, 0x0, 0x0,
    0x0, 0x5, 0xff, 0xec, 0x70, 0x0, 0x0, 0x0,
    0x0, 0x0, 0x0,

    /* U+0424 "Ф" */
    0x0, 0x0, 0x0, 0x0, 0x0, 0x7, 0x99, 0x99,
    0x30, 0x0, 0x0, 0x0, 0x0, 0x0, 0x0, 0x0,
    0x0, 0x0, 0x0, 0xc, 0xff, 0xff, 0x50, 0x0,
    0x0, 0x0, 0x0, 0x0, 0x0, 0x0, 0x0, 0x0,
    0x0, 0xc, 0xff, 0xff, 0x50, 0x0, 0x0, 0x0,
    0x0, 0x0, 0x0, 0x0, 0x0, 0x0, 0x0, 0xc,
    0xff, 0xff, 0x50, 0x0, 0x0, 0x0, 0x0, 0x0,
    0x0, 0x0, 0x0, 0x27, 0xbe, 0xff, 0xff, 0xff,
    0xfe, 0xda, 0x50, 0x0, 0x0, 0x0, 0x0, 0x0,
    0x19, 0xff, 0xff, 0xff, 0xff, 0xff, 0xff, 0xff,
    0xfe, 0x60, 0x0, 0x0, 0x0, 0x3, 0xef, 0xff,
    0xff, 0xff, 0xff, 0xff, 0xff, 0xff, 0xff, 0xfa,
    0x0, 0x0, 0x0, 0x2f, 0xff, 0xff, 0xff, 0xff,
    0xff, 0xff, 0xff, 0xff, 0xff, 0xff, 0xa0, 0x0,
    0x0, 0xdf, 0xff, 0xff, 0xfa, 0x8e, 0xff, 0xff,
    0xa9, 0xcf, 0xff, 0xff, 0xf7, 0x0, 0x7, 0xff,
    0xff, 0xf9, 0x0, 0xc, 0xff, 0xff, 0x50, 0x3,
    0xef, 0xff, 0xff, 0x10, 0xe, 0xff, 0xff, 0x90,
    0x0, 0xc, 0xff, 0xff, 0x50, 0x0, 0x1e, 0xff,
    0xff, 0x70, 0x3f, 0xff, 0xfe, 0x0, 0x0, 0xc,
    0xff, 0xff, 0x50, 0x0, 0x7, 0xff, 0xff, 0xc0,
    0x7f, 0xff, 0xf9, 0x0, 0x0, 0xc, 0xff, 0xff,
    0x50, 0x0, 0x1, 0xff, 0xff, 0xf0, 0x9f, 0xff,
    0xf6, 0x0, 0x0, 0xc, 0xff, 0xff, 0x50, 0x0,
    0x0, 0xef, 0xff, 0xf1, 0xaf, 0xff, 0xf4, 0x0,
    0x0, 0xc, 0xff, 0xff, 0x50, 0x0, 0x0, 0xcf,
    0xff, 0xf2, 0xaf, 0xff, 0xf5, 0x0, 0x0, 0xc,
    0xff, 0xff, 0x50, 0x0, 0x0, 0xdf, 0xff, 0xf2,
    0x9f, 0xff, 0xf6, 0x0, 0x0, 0xc, 0xff, 0xff,
    0x50, 0x0, 0x0, 0xef, 0xff, 0xf1, 0x7f, 0xff,
    0xfa, 0x0, 0x0, 0xc, 0xff, 0xff, 0x50, 0x0,
    0x3, 0xff, 0xff, 0xe0, 0x2f, 0xff, 0xff, 0x20,
    0x0, 0xc, 0xff, 0xff, 0x50, 0x0, 0xa, 0xff,
    0xff, 0xa0, 0xd, 0xff, 0xff, 0xd1, 0x0, 0xc,
    0xff, 0xff, 0x50, 0x0, 0x6f, 0xff, 0xff, 0x50,
    0x5, 0xff, 0xff, 0xfe, 0x72, 0xc, 0xff, 0xff,
    0x51, 0x4b, 0xff, 0xff, 0xfc, 0x0, 0x0, 0xaf,
    0xff, 0xff, 0xff, 0xff, 0xff, 0xff, 0xff, 0xff,
    0xff, 0xff, 0xf3, 0x0, 0x0, 0xc, 0xff, 0xff,
    0xff, 0xff, 0xff, 0xff, 0xff, 0xff, 0xff, 0xff,
    0x50, 0x0, 0x0, 0x0, 0x9f, 0xff, 0xff, 0xff,
    0xff, 0xff, 0xff, 0xff, 0xff, 0xe3, 0x0, 0x0,
    0x0, 0x0, 0x3, 0xbf, 0xff, 0xff, 0xff, 0xff,
    0xff, 0xff, 0xe7, 0x0, 0x0, 0x0, 0x0, 0x0,
    0x0, 0x0, 0x46, 0x8e, 0xff, 0xff, 0xa7, 0x62,
    0x0, 0x0, 0x0, 0x0, 0x0, 0x0, 0x0, 0x0,
    0x0, 0xc, 0xff, 0xff, 0x50, 0x0, 0x0, 0x0,
    0x0, 0x0, 0x0, 0x0, 0x0, 0x0, 0x0, 0xc,
    0xff, 0xff, 0x50, 0x0, 0x0, 0x0, 0x0, 0x0,
    0x0, 0x0, 0x0, 0x0, 0x0, 0xc, 0xff, 0xff,
    0x50, 0x0, 0x0, 0x0, 0x0, 0x0,

    /* U+0425 "Х" */
    0x2f, 0xff, 0xff, 0xe0, 0x0, 0x0, 0x0, 0x1,
    0xff, 0xff, 0xff, 0x10, 0x8f, 0xff, 0xff, 0x70,
    0x0, 0x0, 0x0, 0x8f, 0xff, 0xff, 0x70, 0x0,
    0xef, 0xff, 0xfe, 0x10, 0x0, 0x0, 0x1f, 0xff,
    0xff, 0xd0, 0x0, 0x6, 0xff, 0xff, 0xf8, 0x0,
    0x0, 0x9, 0xff, 0xff, 0xf4, 0x0, 0x0, 0xc,
    0xff, 0xff, 0xf1, 0x0, 0x2, 0xff, 0xff, 0xfb,
    0x0, 0x0, 0x0, 0x3f, 0xff, 0xff, 0x90, 0x0,
    0xbf, 0xff, 0xff, 0x20, 0x0, 0x0, 0x0, 0xaf,
    0xff, 0xff, 0x20, 0x3f, 0xff, 0xff, 0x80, 0x0,
    0x0, 0x0, 0x1, 0xff, 0xff, 0xfa, 0xc, 0xff,
    0xff, 0xe1, 0x0, 0x0, 0x0, 0x0, 0x7, 0xff,
    0xff, 0xf8, 0xff, 0xff, 0xf6, 0x0, 0x0, 0x0,
    0x0, 0x0, 0xe, 0xff, 0xff, 0xff, 0xff, 0xfd,
    0x0, 0x0, 0x0, 0x0, 0x0, 0x0, 0x5f, 0xff,
    0xff, 0xff, 0xff, 0x40, 0x0, 0x0, 0x0, 0x0,
    0x0, 0x0, 0xcf, 0xff, 0xff, 0xff, 0xa0, 0x0,
    0x0, 0x0, 0x0, 0x0, 0x0, 0x3, 0xff, 0xff,
    0xff, 0xf2, 0x0, 0x0, 0x0, 0x0, 0x0, 0x0,
    0x0, 0x4f, 0xff, 0xff, 0xff, 0x30, 0x0, 0x0,
    0x0, 0x0, 0x0, 0x0, 0xd, 0xff, 0xff, 0xff,
    0xfc, 0x0, 0x0, 0x0, 0x0, 0x0, 0x0, 0x7,
    0xff, 0xff, 0xff, 0xff, 0xf6, 0x0, 0x0, 0x0,
    0x0, 0x0, 0x1, 0xff, 0xff, 0xff, 0xff, 0xff,
    0xe0, 0x0, 0x0, 0x0, 0x0, 0x0, 0xaf, 0xff,
    0xff, 0x5f, 0xff, 0xff, 0x80, 0x0, 0x0, 0x0,
    0x0, 0x3f, 0xff, 0xff, 0x90, 0xaf, 0xff, 0xff,
    0x20, 0x0, 0x0, 0x0, 0xc, 0xff, 0xff, 0xf1,
    0x2, 0xff, 0xff, 0xfb, 0x0, 0x0, 0x0, 0x6,
    0xff, 0xff, 0xf8, 0x0, 0x9, 0xff, 0xff, 0xf4,
    0x0, 0x0, 0x0, 0xef, 0xff, 0xfe, 0x0, 0x0,
    0x1f, 0xff, 0xff, 0xd0, 0x0, 0x0, 0x8f, 0xff,
    0xff, 0x60, 0x0, 0x0, 0x8f, 0xff, 0xff, 0x70,
    0x0, 0x2f, 0xff, 0xff, 0xd0, 0x0, 0x0, 0x0,
    0xef, 0xff, 0xff, 0x10, 0xb, 0xff, 0xff, 0xf5,
    0x0, 0x0, 0x0, 0x7, 0xff, 0xff, 0xfa, 0x4,
    0xff, 0xff, 0xfc, 0x0, 0x0, 0x0, 0x0, 0xe,
    0xff, 0xff, 0xf3,

    /* U+0426 "Ц" */
    0xff, 0xff, 0xf5, 0x0, 0x0, 0x0, 0x0, 0x6,
    0xff, 0xff, 0xe0, 0x0, 0xf, 0xff, 0xff, 0x50,
    0x0, 0x0, 0x0, 0x0, 0x6f, 0xff, 0xfe, 0x0,
    0x0, 0xff, 0xff, 0xf5, 0x0, 0x0, 0x0, 0x0,
    0x6, 0xff, 0xff, 0xe0, 0x0, 0xf, 0xff, 0xff,
    0x50, 0x0, 0x0, 0x0, 0x0, 0x6f, 0xff, 0xfe,
    0x0, 0x0, 0xff, 0xff, 0xf5, 0x0, 0x0, 0x0,
    0x0, 0x6, 0xff, 0xff, 0xe0, 0x0, 0xf, 0xff,
    0xff, 0x50, 0x0, 0x0, 0x0, 0x0, 0x6f, 0xff,
    0xfe, 0x0, 0x0, 0xff, 0xff, 0xf5, 0x0, 0x0,
    0x0, 0x0, 0x6, 0xff, 0xff, 0xe0, 0x0, 0xf,
    0xff, 0xff, 0x50, 0x0, 0x0, 0x0, 0x0, 0x6f,
    0xff, 0xfe, 0x0, 0x0, 0xff, 0xff, 0xf5, 0x0,
    0x0, 0x0, 0x0, 0x6, 0xff, 0xff, 0xe0, 0x0,
    0xf, 0xff, 0xff, 0x50, 0x0, 0x0, 0x0, 0x0,
    0x6f, 0xff, 0xfe, 0x0, 0x0, 0xff, 0xff, 0xf5,
    0x0, 0x0, 0x0, 0x0, 0x6, 0xff, 0xff, 0xe0,
    0x0, 0xf, 0xff, 0xff, 0x50, 0x0, 0x0, 0x0,
    0x0, 0x6f, 0xff, 0xfe, 0x0, 0x0, 0xff, 0xff,
    0xf5, 0x0, 0x0, 0x0, 0x0, 0x6, 0xff, 0xff,
    0xe0, 0x0, 0xf, 0xff, 0xff, 0x50, 0x0, 0x0,
    0x0, 0x0, 0x6f, 0xff, 0xfe, 0x0, 0x0, 0xff,
    0xff, 0xf5, 0x0, 0x0, 0x0, 0x0, 0x6, 0xff,
    0xff, 0xe0, 0x0, 0xf, 0xff, 0xff, 0x50, 0x0,
    0x0, 0x0, 0x0, 0x6f, 0xff, 0xfe, 0x0, 0x0,
    0xff, 0xff, 0xf5, 0x0, 0x0, 0x0, 0x0, 0x6,
    0xff, 0xff, 0xe0, 0x0, 0xf, 0xff, 0xff, 0x50,
    0x0, 0x0, 0x0, 0x0, 0x6f, 0xff, 0xfe, 0x0,
    0x0, 0xff, 0xff, 0xf5, 0x0, 0x0, 0x0, 0x0,
    0x6, 0xff, 0xff, 0xe0, 0x0, 0xf, 0xff, 0xff,
    0x50, 0x0, 0x0, 0x0, 0x0, 0x6f, 0xff, 0xfe,
    0x0, 0x0, 0xff, 0xff, 0xf5, 0x0, 0x0, 0x0,
    0x0, 0x6, 0xff, 0xff, 0xe0, 0x0, 0xf, 0xff,
    0xff, 0x96, 0x66, 0x66, 0x66, 0x66, 0xaf, 0xff,
    0xfe, 0x66, 0x62, 0xff, 0xff, 0xff, 0xff, 0xff,
    0xff, 0xff, 0xff, 0xff, 0xff, 0xff, 0xff, 0x5f,
    0xff, 0xff, 0xff, 0xff, 0xff, 0xff, 0xff, 0xff,
    0xff, 0xff, 0xff, 0xf5, 0xff, 0xff, 0xff, 0xff,
    0xff, 0xff, 0xff, 0xff, 0xff, 0xff, 0xff, 0xff,
    0x4f, 0xff, 0xff, 0xff, 0xff, 0xff, 0xff, 0xff,
    0xff, 0xff, 0xff, 0xff, 0xf4, 0x0, 0x0, 0x0,
    0x0, 0x0, 0x0, 0x0, 0x0, 0x0, 0xe, 0xff,
    0xff, 0x30, 0x0, 0x0, 0x0, 0x0, 0x0, 0x0,
    0x0, 0x0, 0x0, 0xef, 0xff, 0xf3, 0x0, 0x0,
    0x0, 0x0, 0x0, 0x0, 0x0, 0x0, 0x0, 0xe,
    0xff, 0xff, 0x20, 0x0, 0x0, 0x0, 0x0, 0x0,
    0x0, 0x0, 0x0, 0x0, 0xef, 0xff, 0xf2, 0x0,
    0x0, 0x0, 0x0, 0x0, 0x0, 0x0, 0x0, 0x0,
    0xe, 0xff, 0xff, 0x10, 0x0, 0x0, 0x0, 0x0,
    0x0, 0x0, 0x0, 0x0, 0x0, 0xef, 0xff, 0xf0,
    0x0, 0x0, 0x0, 0x0, 0x0, 0x0, 0x0, 0x0,
    0x0, 0x5, 0x66, 0x66, 0x0,

    /* U+0427 "Ч" */
    0x9f, 0xff, 0xfb, 0x0, 0x0, 0x0, 0x0, 0x9,
    0xff, 0xff, 0xb9, 0xff, 0xff, 0xb0, 0x0, 0x0,
    0x0, 0x0, 0x9f, 0xff, 0xfb, 0x9f, 0xff, 0xfb,
    0x0, 0x0, 0x0, 0x0, 0x9, 0xff, 0xff, 0xb9,
    0xff, 0xff, 0xb0, 0x0, 0x0, 0x0, 0x0, 0x9f,
    0xff, 0xfb, 0x9f, 0xff, 0xfb, 0x0, 0x0, 0x0,
    0x0, 0x9, 0xff, 0xff, 0xb9, 0xff, 0xff, 0xb0,
    0x0, 0x0, 0x0, 0x0, 0x9f, 0xff, 0xfb, 0x9f,
    0xff, 0xfb, 0x0, 0x0, 0x0, 0x0, 0x9, 0xff,
    0xff, 0xb9, 0xff, 0xff, 0xb0, 0x0, 0x0, 0x0,
    0x0, 0x9f, 0xff, 0xfb, 0x8f, 0xff, 0xfc, 0x0,
    0x0, 0x0, 0x0, 0x9, 0xff, 0xff, 0xb7, 0xff,
    0xff, 0xe0, 0x0, 0x0, 0x0, 0x0, 0x9f, 0xff,
    0xfb, 0x4f, 0xff, 0xff, 0x50, 0x0, 0x0, 0x0,
    0x9, 0xff, 0xff, 0xb0, 0xef, 0xff, 0xff, 0x83,
    0x0, 0x1, 0x35, 0xcf, 0xff, 0xfb, 0x7, 0xff,
    0xff, 0xff, 0xff, 0xff, 0xff, 0xff, 0xff, 0xff,
    0xb0, 0xb, 0xff, 0xff, 0xff, 0xff, 0xff, 0xff,
    0xff, 0xff, 0xfb, 0x0, 0x9, 0xff, 0xff, 0xff,
    0xff, 0xff, 0xff, 0xff, 0xff, 0xb0, 0x0, 0x3,
    0x9e, 0xff, 0xff, 0xff, 0xff, 0xff, 0xff, 0xfb,
    0x0, 0x0, 0x0, 0x2, 0x45, 0x65, 0x43, 0x9,
    0xff, 0xff, 0xb0, 0x0, 0x0, 0x0, 0x0, 0x0,
    0x0, 0x0, 0x9f, 0xff, 0xfb, 0x0, 0x0, 0x0,
    0x0, 0x0, 0x0, 0x0, 0x9, 0xff, 0xff, 0xb0,
    0x0, 0x0, 0x0, 0x0, 0x0, 0x0, 0x0, 0x9f,
    0xff, 0xfb, 0x0, 0x0, 0x0, 0x0, 0x0, 0x0,
    0x0, 0x9, 0xff, 0xff, 0xb0, 0x0, 0x0, 0x0,
    0x0, 0x0, 0x0, 0x0, 0x9f, 0xff, 0xfb, 0x0,
    0x0, 0x0, 0x0, 0x0, 0x0, 0x0, 0x9, 0xff,
    0xff, 0xb0, 0x0, 0x0, 0x0, 0x0, 0x0, 0x0,
    0x0, 0x9f, 0xff, 0xfb, 0x0, 0x0, 0x0, 0x0,
    0x0, 0x0, 0x0, 0x9, 0xff, 0xff, 0xb0, 0x0,
    0x0, 0x0, 0x0, 0x0, 0x0, 0x0, 0x9f, 0xff,
    0xfb,

    /* U+0428 "Ш" */
    0xcf, 0xff, 0xf9, 0x0, 0x0, 0x0, 0x5f, 0xff,
    0xff, 0x0, 0x0, 0x0, 0xf, 0xff, 0xff, 0x3c,
    0xff, 0xff, 0x90, 0x0, 0x0, 0x5, 0xff, 0xff,
    0xf0, 0x0, 0x0, 0x0, 0xff, 0xff, 0xf3, 0xcf,
    0xff, 0xf9, 0x0, 0x0, 0x0, 0x5f, 0xff, 0xff,
    0x0, 0x0, 0x0, 0xf, 0xff, 0xff, 0x3c, 0xff,
    0xff, 0x90, 0x0, 0x0, 0x5, 0xff, 0xff, 0xf0,
    0x0, 0x0, 0x0, 0xff, 0xff, 0xf3, 0xcf, 0xff,
    0xf9, 0x0, 0x0, 0x0, 0x5f, 0xff, 0xff, 0x0,
    0x0, 0x0, 0xf, 0xff, 0xff, 0x3c, 0xff, 0xff,
    0x90, 0x0, 0x0, 0x5, 0xff, 0xff, 0xf0, 0x0,
    0x0, 0x0, 0xff, 0xff, 0xf3, 0xcf, 0xff, 0xf9,
    0x0, 0x0, 0x0, 0x5f, 0xff, 0xff, 0x0, 0x0,
    0x0, 0xf, 0xff, 0xff, 0x3c, 0xff, 0xff, 0x90,
    0x0, 0x0, 0x5, 0xff, 0xff, 0xf0, 0x0, 0x0,
    0x0, 0xff, 0xff, 0xf3, 0xcf, 0xff, 0xf9, 0x0,
    0x0, 0x0, 0x5f, 0xff, 0xff, 0x0, 0x0, 0x0,
    0xf, 0xff, 0xff, 0x3c, 0xff, 0xff, 0x90, 0x0,
    0x0, 0x5, 0xff, 0xff, 0xf0, 0x0, 0x0, 0x0,
    0xff, 0xff, 0xf3, 0xcf, 0xff, 0xf9, 0x0, 0x0,
    0x0, 0x5f, 0xff, 0xff, 0x0, 0x0, 0x0, 0xf,
    0xff, 0xff, 0x3c, 0xff, 0xff, 0x90, 0x0, 0x0,
    0x5, 0xff, 0xff, 0xf0, 0x0, 0x0, 0x0, 0xff,
    0xff, 0xf3, 0xcf, 0xff, 0xf9, 0x0, 0x0, 0x0,
    0x5f, 0xff, 0xff, 0x0, 0x0, 0x0, 0xf, 0xff,
    0xff, 0x3c, 0xff, 0xff, 0x90, 0x0, 0x0, 0x5,
    0xff, 0xff, 0xf0, 0x0, 0x0, 0x0, 0xff, 0xff,
    0xf3, 0xcf, 0xff, 0xf9, 0x0, 0x0, 0x0, 0x5f,
    0xff, 0xff, 0x0, 0x0, 0x0, 0xf, 0xff, 0xff,
    0x3c, 0xff, 0xff, 0x90, 0x0, 0x0, 0x5, 0xff,
    0xff, 0xf0, 0x0, 0x0, 0x0, 0xff, 0xff, 0xf3,
    0xcf, 0xff, 0xf9, 0x0, 0x0, 0x0, 0x5f, 0xff,
    0xff, 0x0, 0x0, 0x0, 0xf, 0xff, 0xff, 0x3c,
    0xff, 0xff, 0x90, 0x0, 0x0, 0x5, 0xff, 0xff,
    0xf0, 0x0, 0x0, 0x0, 0xff, 0xff, 0xf3, 0xcf,
    0xff, 0xf9, 0x0, 0x0, 0x0, 0x5f, 0xff, 0xff,
    0x0, 0x0, 0x0, 0xf, 0xff, 0xff, 0x3c, 0xff,
    0xff, 0x90, 0x0, 0x0, 0x5, 0xff, 0xff, 0xf0,
    0x0, 0x0, 0x0, 0xff, 0xff, 0xf3, 0xcf, 0xff,
    0xf9, 0x0, 0x0, 0x0, 0x5f, 0xff, 0xff, 0x0,
    0x0, 0x0, 0xf, 0xff, 0xff, 0x3c, 0xff, 0xff,
    0xb6, 0x66, 0x66, 0x69, 0xff, 0xff, 0xf6, 0x66,
    0x66, 0x66, 0xff, 0xff, 0xf3, 0xcf, 0xff, 0xff,
    0xff, 0xff, 0xff, 0xff, 0xff, 0xff, 0xff, 0xff,
    0xff, 0xff, 0xff, 0xff, 0x3c, 0xff, 0xff, 0xff,
    0xff, 0xff, 0xff, 0xff, 0xff, 0xff, 0xff, 0xff,
    0xff, 0xff, 0xff, 0xf3, 0xcf, 0xff, 0xff, 0xff,
    0xff, 0xff, 0xff, 0xff, 0xff, 0xff, 0xff, 0xff,
    0xff, 0xff, 0xff, 0x3c, 0xff, 0xff, 0xff, 0xff,
    0xff, 0xff, 0xff, 0xff, 0xff, 0xff, 0xff, 0xff,
    0xff, 0xff, 0xf3,

    /* U+0429 "Щ" */
    0xcf, 0xff, 0xf9, 0x0, 0x0, 0x0, 0x5f, 0xff,
    0xff, 0x0, 0x0, 0x0, 0xf, 0xff, 0xff, 0x30,
    0x0, 0xcf, 0xff, 0xf9, 0x0, 0x0, 0x0, 0x5f,
    0xff, 0xff, 0x0, 0x0, 0x0, 0xf, 0xff, 0xff,
    0x30, 0x0, 0xcf, 0xff, 0xf9, 0x0, 0x0, 0x0,
    0x5f, 0xff, 0xff, 0x0, 0x0, 0x0, 0xf, 0xff,
    0xff, 0x30, 0x0, 0xcf, 0xff, 0xf9, 0x0, 0x0,
    0x0, 0x5f, 0xff, 0xff, 0x0, 0x0, 0x0, 0xf,
    0xff, 0xff, 0x30, 0x0, 0xcf, 0xff, 0xf9, 0x0,
    0x0, 0x0, 0x5f, 0xff, 0xff, 0x0, 0x0, 0x0,
    0xf, 0xff, 0xff, 0x30, 0x0, 0xcf, 0xff, 0xf9,
    0x0, 0x0, 0x0, 0x5f, 0xff, 0xff, 0x0, 0x0,
    0x0, 0xf, 0xff, 0xff, 0x30, 0x0, 0xcf, 0xff,
    0xf9, 0x0, 0x0, 0x0, 0x5f, 0xff, 0xff, 0x0,
    0x0, 0x0, 0xf, 0xff, 0xff, 0x30, 0x0, 0xcf,
    0xff, 0xf9, 0x0, 0x0, 0x0, 0x5f, 0xff, 0xff,
    0x0, 0x0, 0x0, 0xf, 0xff, 0xff, 0x30, 0x0,
    0xcf, 0xff, 0xf9, 0x0, 0x0, 0x0, 0x5f, 0xff,
    0xff, 0x0, 0x0, 0x0, 0xf, 0xff, 0xff, 0x30,
    0x0, 0xcf, 0xff, 0xf9, 0x0, 0x0, 0x0, 0x5f,
    0xff, 0xff, 0x0, 0x0, 0x0, 0xf, 0xff, 0xff,
    0x30, 0x0, 0xcf, 0xff, 0xf9, 0x0, 0x0, 0x0,
    0x5f, 0xff, 0xff, 0x0, 0x0, 0x0, 0xf, 0xff,
    0xff, 0x30, 0x0, 0xcf, 0xff, 0xf9, 0x0, 0x0,
    0x0, 0x5f, 0xff, 0xff, 0x0, 0x0, 0x0, 0xf,
    0xff, 0xff, 0x30, 0x0, 0xcf, 0xff, 0xf9, 0x0,
    0x0, 0x0, 0x5f, 0xff, 0xff, 0x0, 0x0, 0x0,
    0xf, 0xff, 0xff, 0x30, 0x0, 0xcf, 0xff, 0xf9,
    0x0, 0x0, 0x0, 0x5f, 0xff, 0xff, 0x0, 0x0,
    0x0, 0xf, 0xff, 0xff, 0x30, 0x0, 0xcf, 0xff,
    0xf9, 0x0, 0x0, 0x0, 0x5f, 0xff, 0xff, 0x0,
    0x0, 0x0, 0xf, 0xff, 0xff, 0x30, 0x0, 0xcf,
    0xff, 0xf9, 0x0, 0x0, 0x0, 0x5f, 0xff, 0xff,
    0x0, 0x0, 0x0, 0xf, 0xff, 0xff, 0x30, 0x0,
    0xcf, 0xff, 0xf9, 0x0, 0x0, 0x0, 0x5f, 0xff,
    0xff, 0x0, 0x0, 0x0, 0xf, 0xff, 0xff, 0x30,
    0x0, 0xcf, 0xff, 0xf9, 0x0, 0x0, 0x0, 0x5f,
    0xff, 0xff, 0x0, 0x0, 0x0, 0xf, 0xff, 0xff,
    0x30, 0x0, 0xcf, 0xff, 0xf9, 0x0, 0x0, 0x0,
    0x5f, 0xff, 0xff, 0x0, 0x0, 0x0, 0xf, 0xff,
    0xff, 0x30, 0x0, 0xcf, 0xff, 0xf9, 0x0, 0x0,
    0x0, 0x5f, 0xff, 0xff, 0x0, 0x0, 0x0, 0xf,
    0xff, 0xff, 0x30, 0x0, 0xcf, 0xff, 0xf9, 0x0,
    0x0, 0x0, 0x5f, 0xff, 0xff, 0x0, 0x0, 0x0,
    0xf, 0xff, 0xff, 0x30, 0x0, 0xcf, 0xff, 0xfb,
    0x66, 0x66, 0x66, 0x9f, 0xff, 0xff, 0x66, 0x66,
    0x66, 0x6f, 0xff, 0xff, 0x86, 0x63, 0xcf, 0xff,
    0xff, 0xff, 0xff, 0xff, 0xff, 0xff, 0xff, 0xff,
    0xff, 0xff, 0xff, 0xff, 0xff, 0xff, 0xf9, 0xcf,
    0xff, 0xff, 0xff, 0xff, 0xff, 0xff, 0xff, 0xff,
    0xff, 0xff, 0xff, 0xff, 0xff, 0xff, 0xff, 0xf9,
    0xcf, 0xff, 0xff, 0xff, 0xff, 0xff, 0xff, 0xff,
    0xff, 0xff, 0xff, 0xff, 0xff, 0xff, 0xff, 0xff,
    0xf8, 0xcf, 0xff, 0xff, 0xff, 0xff, 0xff, 0xff,
    0xff, 0xff, 0xff, 0xff, 0xff, 0xff, 0xff, 0xff,
    0xff, 0xf8, 0x0, 0x0, 0x0, 0x0, 0x0, 0x0,
    0x0, 0x0, 0x0, 0x0, 0x0, 0x0, 0x0, 0x0,
    0x7f, 0xff, 0xf7, 0x0, 0x0, 0x0, 0x0, 0x0,
    0x0, 0x0, 0x0, 0x0, 0x0, 0x0, 0x0, 0x0,
    0x0, 0x7f, 0xff, 0xf6, 0x0, 0x0, 0x0, 0x0,
    0x0, 0x0, 0x0, 0x0, 0x0, 0x0, 0x0, 0x0,
    0x0, 0x0, 0x7f, 0xff, 0xf6, 0x0, 0x0, 0x0,
    0x0, 0x0, 0x0, 0x0, 0x0, 0x0, 0x0, 0x0,
    0x0, 0x0, 0x0, 0x7f, 0xff, 0xf5, 0x0, 0x0,
    0x0, 0x0, 0x0, 0x0, 0x0, 0x0, 0x0, 0x0,
    0x0, 0x0, 0x0, 0x0, 0x7f, 0xff, 0xf5, 0x0,
    0x0, 0x0, 0x0, 0x0, 0x0, 0x0, 0x0, 0x0,
    0x0, 0x0, 0x0, 0x0, 0x0, 0x7f, 0xff, 0xf4,
    0x0, 0x0, 0x0, 0x0, 0x0, 0x0, 0x0, 0x0,
    0x0, 0x0, 0x0, 0x0, 0x0, 0x0, 0x25, 0x55,
    0x51,

    /* U+042A "Ъ" */
    0x8f, 0xff, 0xff, 0xff, 0xff, 0xff, 0xc0, 0x0,
    0x0, 0x0, 0x0, 0x0, 0x0, 0x8, 0xff, 0xff,
    0xff, 0xff, 0xff, 0xfc, 0x0, 0x0, 0x0, 0x0,
    0x0, 0x0, 0x0, 0x8f, 0xff, 0xff, 0xff, 0xff,
    0xff, 0xc0, 0x0, 0x0, 0x0, 0x0, 0x0, 0x0,
    0x8, 0xff, 0xff, 0xff, 0xff, 0xff, 0xfc, 0x0,
    0x0, 0x0, 0x0, 0x0, 0x0, 0x0, 0x23, 0x33,
    0x33, 0x3a, 0xff, 0xff, 0xc0, 0x0, 0x0, 0x0,
    0x0, 0x0, 0x0, 0x0, 0x0, 0x0, 0x0, 0x8f,
    0xff, 0xfc, 0x0, 0x0, 0x0, 0x0, 0x0, 0x0,
    0x0, 0x0, 0x0, 0x0, 0x8, 0xff, 0xff, 0xc0,
    0x0, 0x0, 0x0, 0x0, 0x0, 0x0, 0x0, 0x0,
    0x0, 0x0, 0x8f, 0xff, 0xfc, 0x0, 0x0, 0x0,
    0x0, 0x0, 0x0, 0x0, 0x0, 0x0, 0x0, 0x8,
    0xff, 0xff, 0xc0, 0x0, 0x0, 0x0, 0x0, 0x0,
    0x0, 0x0, 0x0, 0x0, 0x0, 0x8f, 0xff, 0xff,
    0xff, 0xff, 0xfe, 0xc9, 0x40, 0x0, 0x0, 0x0,
    0x0, 0x0, 0x8, 0xff, 0xff, 0xff, 0xff, 0xff,
    0xff, 0xff, 0xc2, 0x0, 0x0, 0x0, 0x0, 0x0,
    0x8f, 0xff, 0xff, 0xff, 0xff, 0xff, 0xff, 0xff,
    0xf5, 0x0, 0x0, 0x0, 0x0, 0x8, 0xff, 0xff,
    0xff, 0xff, 0xff, 0xff, 0xff, 0xff, 0xf3, 0x0,
    0x0, 0x0, 0x0, 0x8f, 0xff, 0xfd, 0x55, 0x55,
    0x68, 0xef, 0xff, 0xff, 0xc0, 0x0, 0x0, 0x0,
    0x8, 0xff, 0xff, 0xc0, 0x0, 0x0, 0x0, 0xbf,
    0xff, 0xff, 0x30, 0x0, 0x0, 0x0, 0x8f, 0xff,
    0xfc, 0x0, 0x0, 0x0, 0x1, 0xff, 0xff, 0xf7,
    0x0, 0x0, 0x0, 0x8, 0xff, 0xff, 0xc0, 0x0,
    0x0, 0x0, 0xb, 0xff, 0xff, 0x90, 0x0, 0x0,
    0x0, 0x8f, 0xff, 0xfc, 0x0, 0x0, 0x0, 0x0,
    0xaf, 0xff, 0xfa, 0x0, 0x0, 0x0, 0x8, 0xff,
    0xff, 0xc0, 0x0, 0x0, 0x0, 0xc, 0xff, 0xff,
    0x90, 0x0, 0x0, 0x0, 0x8f, 0xff, 0xfc, 0x0,
    0x0, 0x0, 0x2, 0xff, 0xff, 0xf6, 0x0, 0x0,
    0x0, 0x8, 0xff, 0xff, 0xc0, 0x0, 0x0, 0x1,
    0xdf, 0xff, 0xff, 0x10, 0x0, 0x0, 0x0, 0x8f,
    0xff, 0xfd, 0x66, 0x66, 0x69, 0xff, 0xff, 0xff,
    0xa0, 0x0, 0x0, 0x0, 0x8, 0xff, 0xff, 0xff,
    0xff, 0xff, 0xff, 0xff, 0xff, 0xe1, 0x0, 0x0,
    0x0, 0x0, 0x8f, 0xff, 0xff, 0xff, 0xff, 0xff,
    0xff, 0xff, 0xe3, 0x0, 0x0, 0x0, 0x0, 0x8,
    0xff, 0xff, 0xff, 0xff, 0xff, 0xff, 0xff, 0xb1,
    0x0, 0x0, 0x0, 0x0, 0x0, 0x8f, 0xff, 0xff,
    0xff, 0xff, 0xfe, 0xc8, 0x20, 0x0, 0x0,

    /* U+042B "Ы" */
    0xaf, 0xff, 0xfa, 0x0, 0x0, 0x0, 0x0, 0x0,
    0x0, 0x0, 0x3, 0xff, 0xff, 0xf0, 0xaf, 0xff,
    0xfa, 0x0, 0x0, 0x0, 0x0, 0x0, 0x0, 0x0,
    0x3, 0xff, 0xff, 0xf0, 0xaf, 0xff, 0xfa, 0x0,
    0x0, 0x0, 0x0, 0x0, 0x0, 0x0, 0x3, 0xff,
    0xff, 0xf0, 0xaf, 0xff, 0xfa, 0x0, 0x0, 0x0,
    0x0, 0x0, 0x0, 0x0, 0x3, 0xff, 0xff, 0xf0,
    0xaf, 0xff, 0xfa, 0x0, 0x0, 0x0, 0x0, 0x0,
    0x0, 0x0, 0x3, 0xff, 0xff, 0xf0, 0xaf, 0xff,
    0xfa, 0x0, 0x0, 0x0, 0x0, 0x0, 0x0, 0x0,
    0x3, 0xff, 0xff, 0xf0, 0xaf, 0xff, 0xfa, 0x0,
    0x0, 0x0, 0x0, 0x0, 0x0, 0x0, 0x3, 0xff,
    0xff, 0xf0, 0xaf, 0xff, 0xfa, 0x0, 0x0, 0x0,
    0x0, 0x0, 0x0, 0x0, 0x3, 0xff, 0xff, 0xf0,
    0xaf, 0xff, 0xfa, 0x0, 0x0, 0x0, 0x0, 0x0,
    0x0, 0x0, 0x3, 0xff, 0xff, 0xf0, 0xaf, 0xff,
    0xff, 0xff, 0xff, 0xfe, 0xc8, 0x30, 0x0, 0x0,
    0x3, 0xff, 0xff, 0xf0, 0xaf, 0xff, 0xff, 0xff,
    0xff, 0xff, 0xff, 0xfb, 0x20, 0x0, 0x3, 0xff,
    0xff, 0xf0, 0xaf, 0xff, 0xff, 0xff, 0xff, 0xff,
    0xff, 0xff, 0xf3, 0x0, 0x3, 0xff, 0xff, 0xf0,
    0xaf, 0xff, 0xff, 0xff, 0xff, 0xff, 0xff, 0xff,
    0xfe, 0x20, 0x3, 0xff, 0xff, 0xf0, 0xaf, 0xff,
    0xfc, 0x55, 0x55, 0x69, 0xef, 0xff, 0xff, 0xa0,
    0x3, 0xff, 0xff, 0xf0, 0xaf, 0xff, 0xfa, 0x0,
    0x0, 0x0, 0x1c, 0xff, 0xff, 0xf1, 0x3, 0xff,
    0xff, 0xf0, 0xaf, 0xff, 0xfa, 0x0, 0x0, 0x0,
    0x2, 0xff, 0xff, 0xf5, 0x3, 0xff, 0xff, 0xf0,
    0xaf, 0xff, 0xfa, 0x0, 0x0, 0x0, 0x0, 0xdf,
    0xff, 0xf7, 0x3, 0xff, 0xff, 0xf0, 0xaf, 0xff,
    0xfa, 0x0, 0x0, 0x0, 0x0, 0xbf, 0xff, 0xf8,
    0x3, 0xff, 0xff, 0xf0, 0xaf, 0xff, 0xfa, 0x0,
    0x0, 0x0, 0x0, 0xdf, 0xff, 0xf7, 0x3, 0xff,
    0xff, 0xf0, 0xaf, 0xff, 0xfa, 0x0, 0x0, 0x0,
    0x3, 0xff, 0xff, 0xf4, 0x3, 0xff, 0xff, 0xf0,
    0xaf, 0xff, 0xfa, 0x0, 0x0, 0x0, 0x2d, 0xff,
    0xff, 0xf0, 0x3, 0xff, 0xff, 0xf0, 0xaf, 0xff,
    0xfc, 0x66, 0x66, 0x7a, 0xff, 0xff, 0xff, 0x80,
    0x3, 0xff, 0xff, 0xf0, 0xaf, 0xff, 0xff, 0xff,
    0xff, 0xff, 0xff, 0xff, 0xfd, 0x10, 0x3, 0xff,
    0xff, 0xf0, 0xaf, 0xff, 0xff, 0xff, 0xff, 0xff,
    0xff, 0xff, 0xe2, 0x0, 0x3, 0xff, 0xff, 0xf0,
    0xaf, 0xff, 0xff, 0xff, 0xff, 0xff, 0xff, 0xfa,
    0x10, 0x0, 0x3, 0xff, 0xff, 0xf0, 0xaf, 0xff,
    0xff, 0xff, 0xff, 0xfe, 0xb7, 0x20, 0x0, 0x0,
    0x3, 0xff, 0xff, 0xf0,

    /* U+042C "Ь" */
    0xbf, 0xff, 0xf9, 0x0, 0x0, 0x0, 0x0, 0x0,
    0x0, 0x0, 0xbf, 0xff, 0xf9, 0x0, 0x0, 0x0,
    0x0, 0x0, 0x0, 0x0, 0xbf, 0xff, 0xf9, 0x0,
    0x0, 0x0, 0x0, 0x0, 0x0, 0x0, 0xbf, 0xff,
    0xf9, 0x0, 0x0, 0x0, 0x0, 0x0, 0x0, 0x0,
    0xbf, 0xff, 0xf9, 0x0, 0x0, 0x0, 0x0, 0x0,
    0x0, 0x0, 0xbf, 0xff, 0xf9, 0x0, 0x0, 0x0,
    0x0, 0x0, 0x0, 0x0, 0xbf, 0xff, 0xf9, 0x0,
    0x0, 0x0, 0x0, 0x0, 0x0, 0x0, 0xbf, 0xff,
    0xf9, 0x0, 0x0, 0x0, 0x0, 0x0, 0x0, 0x0,
    0xbf, 0xff, 0xf9, 0x0, 0x0, 0x0, 0x0, 0x0,
    0x0, 0x0, 0xbf, 0xff, 0xff, 0xff, 0xff, 0xfe,
    0xc8, 0x20, 0x0, 0x0, 0xbf, 0xff, 0xff, 0xff,
    0xff, 0xff, 0xff, 0xfb, 0x10, 0x0, 0xbf, 0xff,
    0xff, 0xff, 0xff, 0xff, 0xff, 0xff, 0xe2, 0x0,
    0xbf, 0xff, 0xff, 0xff, 0xff, 0xff, 0xff, 0xff,
    0xfe, 0x10, 0xbf, 0xff, 0xfb, 0x55, 0x55, 0x69,
    0xff, 0xff, 0xff, 0x90, 0xbf, 0xff, 0xf9, 0x0,
    0x0, 0x0, 0x1d, 0xff, 0xff, 0xf0, 0xbf, 0xff,
    0xf9, 0x0, 0x0, 0x0, 0x3, 0xff, 0xff, 0xf4,
    0xbf, 0xff, 0xf9, 0x0, 0x0, 0x0, 0x0, 0xef,
    0xff, 0xf6, 0xbf, 0xff, 0xf9, 0x0, 0x0, 0x0,
    0x0, 0xdf, 0xff, 0xf7, 0xbf, 0xff, 0xf9, 0x0,
    0x0, 0x0, 0x0, 0xff, 0xff, 0xf6, 0xbf, 0xff,
    0xf9, 0x0, 0x0, 0x0, 0x5, 0xff, 0xff, 0xf3,
    0xbf, 0xff, 0xf9, 0x0, 0x0, 0x0, 0x2e, 0xff,
    0xff, 0xe0, 0xbf, 0xff, 0xfb, 0x66, 0x66, 0x7a,
    0xff, 0xff, 0xff, 0x70, 0xbf, 0xff, 0xff, 0xff,
    0xff, 0xff, 0xff, 0xff, 0xfc, 0x0, 0xbf, 0xff,
    0xff, 0xff, 0xff, 0xff, 0xff, 0xff, 0xd1, 0x0,
    0xbf, 0xff, 0xff, 0xff, 0xff, 0xff, 0xff, 0xf9,
    0x0, 0x0, 0xbf, 0xff, 0xff, 0xff, 0xff, 0xfe,
    0xb7, 0x10, 0x0, 0x0,

    /* U+042D "Э" */
    0x0, 0x0, 0x2, 0x7b, 0xef, 0xfe, 0xc8, 0x30,
    0x0, 0x0, 0x0, 0x0, 0x1a, 0xff, 0xff, 0xff,
    0xff, 0xff, 0xb2, 0x0, 0x0, 0x0, 0x2e, 0xff,
    0xff, 0xff, 0xff, 0xff, 0xff, 0xf4, 0x0, 0x0,
    0x1e, 0xff, 0xff, 0xff, 0xff, 0xff, 0xff, 0xff,
    0xf3, 0x0, 0xa, 0xff, 0xff, 0xfe, 0x97, 0x68,
    0xcf, 0xff, 0xff, 0xe1, 0x2, 0xff, 0xff, 0xfa,
    0x0, 0x0, 0x0, 0x4f, 0xff, 0xff, 0x80, 0x8f,
    0xff, 0xfe, 0x0, 0x0, 0x0, 0x0, 0x5f, 0xff,
    0xfe, 0xb, 0xff, 0xff, 0x90, 0x0, 0x0, 0x0,
    0x0, 0xdf, 0xff, 0xf5, 0x56, 0x66, 0x62, 0x0,
    0x0, 0x0, 0x0, 0x8, 0xff, 0xff, 0x90, 0x0,
    0x0, 0x0, 0x0, 0x0, 0x0, 0x0, 0x6f, 0xff,
    0xfc, 0x0, 0x0, 0x0, 0x6, 0xff, 0xff, 0xff,
    0xff, 0xff, 0xff, 0xd0, 0x0, 0x0, 0x0, 0x6f,
    0xff, 0xff, 0xff, 0xff, 0xff, 0xff, 0x0, 0x0,
    0x0, 0x6, 0xff, 0xff, 0xff, 0xff, 0xff, 0xff,
    0xf0, 0x0, 0x0, 0x0, 0x6f, 0xff, 0xff, 0xff,
    0xff, 0xff, 0xff, 0x0, 0x0, 0x0, 0x2, 0x66,
    0x66, 0x66, 0x69, 0xff, 0xff, 0xf0, 0x0, 0x0,
    0x0, 0x0, 0x0, 0x0, 0x0, 0x6f, 0xff, 0xfd,
    0x45, 0x55, 0x52, 0x0, 0x0, 0x0, 0x0, 0x8,
    0xff, 0xff, 0xcc, 0xff, 0xff, 0x80, 0x0, 0x0,
    0x0, 0x0, 0xcf, 0xff, 0xf9, 0x9f, 0xff, 0xfb,
    0x0, 0x0, 0x0, 0x0, 0x1f, 0xff, 0xff, 0x55,
    0xff, 0xff, 0xf2, 0x0, 0x0, 0x0, 0x9, 0xff,
    0xff, 0xf0, 0xe, 0xff, 0xff, 0xd1, 0x0, 0x0,
    0x6, 0xff, 0xff, 0xf9, 0x0, 0x6f, 0xff, 0xff,
    0xf9, 0x66, 0x7c, 0xff, 0xff, 0xfe, 0x10, 0x0,
    0xbf, 0xff, 0xff, 0xff, 0xff, 0xff, 0xff, 0xff,
    0x50, 0x0, 0x0, 0xbf, 0xff, 0xff, 0xff, 0xff,
    0xff, 0xff, 0x50, 0x0, 0x0, 0x0, 0x7f, 0xff,
    0xff, 0xff, 0xff, 0xfc, 0x30, 0x0, 0x0, 0x0,
    0x0, 0x6, 0xad, 0xef, 0xed, 0x94, 0x0, 0x0,
    0x0,

    /* U+042E "Ю" */
    0x8f, 0xff, 0xfc, 0x0, 0x0, 0x0, 0x0, 0x5,
    0x9d, 0xef, 0xec, 0x94, 0x0, 0x0, 0x0, 0x8,
    0xff, 0xff, 0xc0, 0x0, 0x0, 0x0, 0x5d, 0xff,
    0xff, 0xff, 0xff, 0xfc, 0x40, 0x0, 0x0, 0x8f,
    0xff, 0xfc, 0x0, 0x0, 0x0, 0x9f, 0xff, 0xff,
    0xff, 0xff, 0xff, 0xff, 0x70, 0x0, 0x8, 0xff,
    0xff, 0xc0, 0x0, 0x0, 0x9f, 0xff, 0xff, 0xff,
    0xff, 0xff, 0xff, 0xff, 0x70, 0x0, 0x8f, 0xff,
    0xfc, 0x0, 0x0, 0x6f, 0xff, 0xff, 0xfe, 0x98,
    0x9e, 0xff, 0xff, 0xff, 0x30, 0x8, 0xff, 0xff,
    0xc0, 0x0, 0xe, 0xff, 0xff, 0xf7, 0x0, 0x0,
    0x7, 0xff, 0xff, 0xfd, 0x0, 0x8f, 0xff, 0xfc,
    0x0, 0x7, 0xff, 0xff, 0xf7, 0x0, 0x0, 0x0,
    0x7, 0xff, 0xff, 0xf4, 0x8, 0xff, 0xff, 0xc0,
    0x0, 0xcf, 0xff, 0xfd, 0x0, 0x0, 0x0, 0x0,
    0xd, 0xff, 0xff, 0xb0, 0x8f, 0xff, 0xfc, 0x0,
    0xf, 0xff, 0xff, 0x70, 0x0, 0x0, 0x0, 0x0,
    0x7f, 0xff, 0xff, 0x8, 0xff, 0xff, 0xc0, 0x3,
    0xff, 0xff, 0xf3, 0x0, 0x0, 0x0, 0x0, 0x3,
    0xff, 0xff, 0xf2, 0x8f, 0xff, 0xfc, 0x0, 0x5f,
    0xff, 0xff, 0x0, 0x0, 0x0, 0x0, 0x0, 0xf,
    0xff, 0xff, 0x48, 0xff, 0xff, 0xff, 0xff, 0xff,
    0xff, 0xf0, 0x0, 0x0, 0x0, 0x0, 0x0, 0xff,
    0xff, 0xf5, 0x8f, 0xff, 0xff, 0xff, 0xff, 0xff,
    0xff, 0x0, 0x0, 0x0, 0x0, 0x0, 0xe, 0xff,
    0xff, 0x68, 0xff, 0xff, 0xff, 0xff, 0xff, 0xff,
    0xf0, 0x0, 0x0, 0x0, 0x0, 0x0, 0xef, 0xff,
    0xf6, 0x8f, 0xff, 0xff, 0xff, 0xff, 0xff, 0xff,
    0x0, 0x0, 0x0, 0x0, 0x0, 0xf, 0xff, 0xff,
    0x58, 0xff, 0xff, 0xd4, 0x46, 0xff, 0xff, 0xf0,
    0x0, 0x0, 0x0, 0x0, 0x0, 0xff, 0xff, 0xf4,
    0x8f, 0xff, 0xfc, 0x0, 0x1f, 0xff, 0xff, 0x30,
    0x0, 0x0, 0x0, 0x0, 0x3f, 0xff, 0xff, 0x28,
    0xff, 0xff, 0xc0, 0x0, 0xef, 0xff, 0xf7, 0x0,
    0x0, 0x0, 0x0, 0x7, 0xff, 0xff, 0xf0, 0x8f,
    0xff, 0xfc, 0x0, 0x9, 0xff, 0xff, 0xd0, 0x0,
    0x0, 0x0, 0x0, 0xdf, 0xff, 0xfb, 0x8, 0xff,
    0xff, 0xc0, 0x0, 0x3f, 0xff, 0xff, 0x70, 0x0,
    0x0, 0x0, 0x6f, 0xff, 0xff, 0x50, 0x8f, 0xff,
    0xfc, 0x0, 0x0, 0xbf, 0xff, 0xff, 0x70, 0x0,
    0x0, 0x6f, 0xff, 0xff, 0xd0, 0x8, 0xff, 0xff,
    0xc0, 0x0, 0x2, 0xff, 0xff, 0xff, 0xd9, 0x89,
    0xdf, 0xff, 0xff, 0xf4, 0x0, 0x8f, 0xff, 0xfc,
    0x0, 0x0, 0x5, 0xff, 0xff, 0xff, 0xff, 0xff,
    0xff, 0xff, 0xf8, 0x0, 0x8, 0xff, 0xff, 0xc0,
    0x0, 0x0, 0x6, 0xff, 0xff, 0xff, 0xff, 0xff,
    0xff, 0xf7, 0x0, 0x0, 0x8f, 0xff, 0xfc, 0x0,
    0x0, 0x0, 0x3, 0xcf, 0xff, 0xff, 0xff, 0xff,
    0xd4, 0x0, 0x0, 0x8, 0xff, 0xff, 0xc0, 0x0,
    0x0, 0x0, 0x0, 0x49, 0xde, 0xfe, 0xd9, 0x40,
    0x0, 0x0, 0x0,

    /* U+042F "Я" */
    0x0, 0x0, 0x0, 0x17, 0xbd, 0xff, 0xff, 0xff,
    0xff, 0xff, 0x60, 0x0, 0x1, 0x9f, 0xff, 0xff,
    0xff, 0xff, 0xff, 0xff, 0xf6, 0x0, 0x1, 0xdf,
    0xff, 0xff, 0xff, 0xff, 0xff, 0xff, 0xff, 0x60,
    0x0, 0xcf, 0xff, 0xff, 0xff, 0xff, 0xff, 0xff,
    0xff, 0xf6, 0x0, 0x5f, 0xff, 0xff, 0xfb, 0x76,
    0x66, 0x6e, 0xff, 0xff, 0x60, 0xa, 0xff, 0xff,
    0xf4, 0x0, 0x0, 0x0, 0xef, 0xff, 0xf6, 0x0,
    0xdf, 0xff, 0xf9, 0x0, 0x0, 0x0, 0xe, 0xff,
    0xff, 0x60, 0xf, 0xff, 0xff, 0x50, 0x0, 0x0,
    0x0, 0xef, 0xff, 0xf6, 0x0, 0xef, 0xff, 0xf5,
    0x0, 0x0, 0x0, 0xe, 0xff, 0xff, 0x60, 0xc,
    0xff, 0xff, 0x80, 0x0, 0x0, 0x0, 0xef, 0xff,
    0xf6, 0x0, 0x7f, 0xff, 0xfe, 0x0, 0x0, 0x0,
    0xe, 0xff, 0xff, 0x60, 0x1, 0xff, 0xff, 0xfd,
    0x41, 0x0, 0x0, 0xef, 0xff, 0xf6, 0x0, 0x4,
    0xff, 0xff, 0xff, 0xff, 0xff, 0xff, 0xff, 0xff,
    0x60, 0x0, 0x5, 0xef, 0xff, 0xff, 0xff, 0xff,
    0xff, 0xff, 0xf6, 0x0, 0x0, 0x3, 0xff, 0xff,
    0xff, 0xff, 0xff, 0xff, 0xff, 0x60, 0x0, 0x0,
    0x8f, 0xff, 0xff, 0xff, 0xff, 0xff, 0xff, 0xf6,
    0x0, 0x0, 0xf, 0xff, 0xff, 0xa2, 0x22, 0x2e,
    0xff, 0xff, 0x60, 0x0, 0x7, 0xff, 0xff, 0xf3,
    0x0, 0x0, 0xef, 0xff, 0xf6, 0x0, 0x0, 0xef,
    0xff, 0xfb, 0x0, 0x0, 0xe, 0xff, 0xff, 0x60,
    0x0, 0x6f, 0xff, 0xff, 0x40, 0x0, 0x0, 0xef,
    0xff, 0xf6, 0x0, 0xe, 0xff, 0xff, 0xc0, 0x0,
    0x0, 0xe, 0xff, 0xff, 0x60, 0x6, 0xff, 0xff,
    0xf5, 0x0, 0x0, 0x0, 0xef, 0xff, 0xf6, 0x0,
    0xdf, 0xff, 0xfd, 0x0, 0x0, 0x0, 0xe, 0xff,
    0xff, 0x60, 0x5f, 0xff, 0xff, 0x60, 0x0, 0x0,
    0x0, 0xef, 0xff, 0xf6, 0xc, 0xff, 0xff, 0xe0,
    0x0, 0x0, 0x0, 0xe, 0xff, 0xff, 0x64, 0xff,
    0xff, 0xf7, 0x0, 0x0, 0x0, 0x0, 0xef, 0xff,
    0xf6,

    /* U+0430 "а" */
    0x0, 0x0, 0x28, 0xce, 0xff, 0xd9, 0x30, 0x0,
    0x0, 0x0, 0x9, 0xff, 0xff, 0xff, 0xff, 0xfa,
    0x10, 0x0, 0x0, 0xcf, 0xff, 0xff, 0xff, 0xff,
    0xff, 0xc0, 0x0, 0x9, 0xff, 0xff, 0xff, 0xef,
    0xff, 0xff, 0xf8, 0x0, 0x1f, 0xff, 0xff, 0x70,
    0x1, 0xaf, 0xff, 0xff, 0x0, 0x4f, 0xff, 0xfd,
    0x0, 0x0, 0xf, 0xff, 0xff, 0x30, 0x13, 0x33,
    0x32, 0x0, 0x0, 0xc, 0xff, 0xff, 0x40, 0x0,
    0x0, 0x0, 0x0, 0x0, 0xc, 0xff, 0xff, 0x50,
    0x0, 0x1, 0x6a, 0xdf, 0xff, 0xff, 0xff, 0xff,
    0x50, 0x0, 0x6e, 0xff, 0xff, 0xff, 0xff, 0xff,
    0xff, 0x50, 0x7, 0xff, 0xff, 0xff, 0xff, 0xff,
    0xff, 0xff, 0x50, 0x2f, 0xff, 0xff, 0xa3, 0x0,
    0xc, 0xff, 0xff, 0x50, 0x8f, 0xff, 0xfb, 0x0,
    0x0, 0xc, 0xff, 0xff, 0x50, 0xbf, 0xff, 0xf6,
    0x0, 0x0, 0xc, 0xff, 0xff, 0x50, 0xcf, 0xff,
    0xf7, 0x0, 0x0, 0x1e, 0xff, 0xff, 0x50, 0xaf,
    0xff, 0xfe, 0x40, 0x15, 0xef, 0xff, 0xff, 0x50,
    0x4f, 0xff, 0xff, 0xff, 0xff, 0xff, 0xff, 0xff,
    0x50, 0xb, 0xff, 0xff, 0xff, 0xff, 0xff, 0xff,
    0xff, 0x70, 0x0, 0xbf, 0xff, 0xff, 0xff, 0xd9,
    0xff, 0xff, 0x90, 0x0, 0x4, 0xae, 0xfe, 0xc7,
    0x3, 0xff, 0xff, 0xe0,

    /* U+0431 "б" */
    0x0, 0x0, 0x0, 0x0, 0x0, 0x0, 0x38, 0x88,
    0x50, 0x0, 0x0, 0x0, 0x0, 0x0, 0x0, 0xb,
    0xff, 0xfa, 0x0, 0x0, 0x0, 0x0, 0x0, 0x3,
    0x7d, 0xff, 0xff, 0x70, 0x0, 0x0, 0x0, 0x2,
    0x9e, 0xff, 0xff, 0xff, 0xf1, 0x0, 0x0, 0x0,
    0x8, 0xff, 0xff, 0xff, 0xff, 0xf6, 0x0, 0x0,
    0x0, 0xa, 0xff, 0xff, 0xff, 0xff, 0xc3, 0x0,
    0x0, 0x0, 0x8, 0xff, 0xff, 0xff, 0xb7, 0x20,
    0x0, 0x0, 0x0, 0x4, 0xff, 0xff, 0xd5, 0x0,
    0x0, 0x0, 0x0, 0x0, 0x0, 0xcf, 0xff, 0xa0,
    0x0, 0x0, 0x0, 0x0, 0x0, 0x0, 0x4f, 0xff,
    0xc0, 0x0, 0x0, 0x0, 0x0, 0x0, 0x0, 0x8,
    0xff, 0xf4, 0x7, 0xce, 0xfe, 0xb6, 0x0, 0x0,
    0x0, 0xdf, 0xfe, 0x4e, 0xff, 0xff, 0xff, 0xfe,
    0x30, 0x0, 0xf, 0xff, 0xef, 0xff, 0xff, 0xff,
    0xff, 0xff, 0x30, 0x3, 0xff, 0xff, 0xff, 0xff,
    0xff, 0xff, 0xff, 0xfd, 0x0, 0x5f, 0xff, 0xff,
    0xfb, 0x54, 0x6c, 0xff, 0xff, 0xf6, 0x6, 0xff,
    0xff, 0xf9, 0x0, 0x0, 0xb, 0xff, 0xff, 0xd0,
    0x7f, 0xff, 0xff, 0x10, 0x0, 0x0, 0x3f, 0xff,
    0xff, 0x17, 0xff, 0xff, 0xc0, 0x0, 0x0, 0x0,
    0xef, 0xff, 0xf4, 0x8f, 0xff, 0xfa, 0x0, 0x0,
    0x0, 0xc, 0xff, 0xff, 0x57, 0xff, 0xff, 0x90,
    0x0, 0x0, 0x0, 0xbf, 0xff, 0xf6, 0x6f, 0xff,
    0xfa, 0x0, 0x0, 0x0, 0xc, 0xff, 0xff, 0x54,
    0xff, 0xff, 0xc0, 0x0, 0x0, 0x0, 0xef, 0xff,
    0xf3, 0xf, 0xff, 0xff, 0x20, 0x0, 0x0, 0x4f,
    0xff, 0xff, 0x0, 0xaf, 0xff, 0xf9, 0x0, 0x0,
    0xb, 0xff, 0xff, 0xb0, 0x3, 0xff, 0xff, 0xfb,
    0x53, 0x5c, 0xff, 0xff, 0xf4, 0x0, 0x9, 0xff,
    0xff, 0xff, 0xff, 0xff, 0xff, 0xfa, 0x0, 0x0,
    0xc, 0xff, 0xff, 0xff, 0xff, 0xff, 0xfc, 0x10,
    0x0, 0x0, 0x9, 0xff, 0xff, 0xff, 0xff, 0xfa,
    0x0, 0x0, 0x0, 0x0, 0x3, 0x8c, 0xef, 0xec,
    0x83, 0x0, 0x0, 0x0,

    /* U+0432 "в" */
    0xbf, 0xff, 0xff, 0xff, 0xfe, 0xda, 0x50, 0x0,
    0x0, 0xbf, 0xff, 0xff, 0xff, 0xff, 0xff, 0xfe,
    0x40, 0x0, 0xbf, 0xff, 0xff, 0xff, 0xff, 0xff,
    0xff, 0xf4, 0x0, 0xbf, 0xff, 0xff, 0xff, 0xff,
    0xff, 0xff, 0xfd, 0x0, 0xbf, 0xff, 0xf8, 0x33,
    0x36, 0xdf, 0xff, 0xff, 0x10, 0xbf, 0xff, 0xf6,
    0x0, 0x0, 0x1f, 0xff, 0xff, 0x30, 0xbf, 0xff,
    0xf6, 0x0, 0x0, 0xd, 0xff, 0xff, 0x20, 0xbf,
    0xff, 0xf6, 0x0, 0x0, 0x3f, 0xff, 0xfd, 0x0,
    0xbf, 0xff, 0xfb, 0x99, 0x9b, 0xff, 0xff, 0xf3,
    0x0, 0xbf, 0xff, 0xff, 0xff, 0xff, 0xff, 0xfb,
    0x20, 0x0, 0xbf, 0xff, 0xff, 0xff, 0xff, 0xff,
    0xfc, 0x70, 0x0, 0xbf, 0xff, 0xff, 0xff, 0xff,
    0xff, 0xff, 0xfd, 0x10, 0xbf, 0xff, 0xf6, 0x0,
    0x0, 0x18, 0xff, 0xff, 0xb0, 0xbf, 0xff, 0xf6,
    0x0, 0x0, 0x0, 0xef, 0xff, 0xf1, 0xbf, 0xff,
    0xf6, 0x0, 0x0, 0x0, 0xff, 0xff, 0xf3, 0xbf,
    0xff, 0xf8, 0x33, 0x33, 0x4b, 0xff, 0xff, 0xf2,
    0xbf, 0xff, 0xff, 0xff, 0xff, 0xff, 0xff, 0xff,
    0xd0, 0xbf, 0xff, 0xff, 0xff, 0xff, 0xff, 0xff,
    0xff, 0x50, 0xbf, 0xff, 0xff, 0xff, 0xff, 0xff,
    0xff, 0xf5, 0x0, 0xbf, 0xff, 0xff, 0xff, 0xff,
    0xfd, 0xb6, 0x10, 0x0,

    /* U+0433 "г" */
    0xf, 0xff, 0xff, 0xff, 0xff, 0xff, 0xfe, 0xf,
    0xff, 0xff, 0xff, 0xff, 0xff, 0xfe, 0xf, 0xff,
    0xff, 0xff, 0xff, 0xff, 0xfe, 0xf, 0xff, 0xff,
    0xff, 0xff, 0xff, 0xfe, 0xf, 0xff, 0xff, 0x43,
    0x33, 0x33, 0x33, 0xf, 0xff, 0xff, 0x0, 0x0,
    0x0, 0x0, 0xf, 0xff, 0xff, 0x0, 0x0, 0x0,
    0x0, 0xf, 0xff, 0xff, 0x0, 0x0, 0x0, 0x0,
    0xf, 0xff, 0xff, 0x0, 0x0, 0x0, 0x0, 0xf,
    0xff, 0xff, 0x0, 0x0, 0x0, 0x0, 0xf, 0xff,
    0xff, 0x0, 0x0, 0x0, 0x0, 0xf, 0xff, 0xff,
    0x0, 0x0, 0x0, 0x0, 0xf, 0xff, 0xff, 0x0,
    0x0, 0x0, 0x0, 0xf, 0xff, 0xff, 0x0, 0x0,
    0x0, 0x0, 0xf, 0xff, 0xff, 0x0, 0x0, 0x0,
    0x0, 0xf, 0xff, 0xff, 0x0, 0x0, 0x0, 0x0,
    0xf, 0xff, 0xff, 0x0, 0x0, 0x0, 0x0, 0xf,
    0xff, 0xff, 0x0, 0x0, 0x0, 0x0, 0xf, 0xff,
    0xff, 0x0, 0x0, 0x0, 0x0, 0xf, 0xff, 0xff,
    0x0, 0x0, 0x0, 0x0,

    /* U+0434 "д" */
    0x0, 0x0, 0x9, 0xff, 0xff, 0xff, 0xff, 0xff,
    0xff, 0xf6, 0x0, 0x0, 0x0, 0x0, 0xaf, 0xff,
    0xff, 0xff, 0xff, 0xff, 0xff, 0x60, 0x0, 0x0,
    0x0, 0xa, 0xff, 0xff, 0xff, 0xff, 0xff, 0xff,
    0xf6, 0x0, 0x0, 0x0, 0x0, 0xbf, 0xff, 0xff,
    0xff, 0xff, 0xff, 0xff, 0x60, 0x0, 0x0, 0x0,
    0xb, 0xff, 0xff, 0x95, 0x55, 0xcf, 0xff, 0xf6,
    0x0, 0x0, 0x0, 0x0, 0xbf, 0xff, 0xf5, 0x0,
    0xa, 0xff, 0xff, 0x60, 0x0, 0x0, 0x0, 0xc,
    0xff, 0xff, 0x50, 0x0, 0xaf, 0xff, 0xf6, 0x0,
    0x0, 0x0, 0x0, 0xcf, 0xff, 0xf4, 0x0, 0xa,
    0xff, 0xff, 0x60, 0x0, 0x0, 0x0, 0xd, 0xff,
    0xff, 0x30, 0x0, 0xaf, 0xff, 0xf6, 0x0, 0x0,
    0x0, 0x0, 0xff, 0xff, 0xf1, 0x0, 0xa, 0xff,
    0xff, 0x60, 0x0, 0x0, 0x0, 0x1f, 0xff, 0xff,
    0x0, 0x0, 0xaf, 0xff, 0xf6, 0x0, 0x0, 0x0,
    0x5, 0xff, 0xff, 0xc0, 0x0, 0xa, 0xff, 0xff,
    0x60, 0x0, 0x0, 0x0, 0xaf, 0xff, 0xf8, 0x0,
    0x0, 0xaf, 0xff, 0xf6, 0x0, 0x0, 0x0, 0x2f,
    0xff, 0xff, 0x30, 0x0, 0xa, 0xff, 0xff, 0x60,
    0x0, 0x0, 0xc, 0xff, 0xff, 0xc0, 0x0, 0x0,
    0xaf, 0xff, 0xf6, 0x0, 0x1, 0x39, 0xff, 0xff,
    0xf8, 0x33, 0x33, 0x3b, 0xff, 0xff, 0x83, 0x30,
    0x6f, 0xff, 0xff, 0xff, 0xff, 0xff, 0xff, 0xff,
    0xff, 0xff, 0xff, 0x26, 0xff, 0xff, 0xff, 0xff,
    0xff, 0xff, 0xff, 0xff, 0xff, 0xff, 0xf2, 0x6f,
    0xff, 0xff, 0xff, 0xff, 0xff, 0xff, 0xff, 0xff,
    0xff, 0xff, 0x26, 0xff, 0xff, 0xff, 0xff, 0xff,
    0xff, 0xff, 0xff, 0xff, 0xff, 0xf2, 0x6f, 0xff,
    0xfc, 0x0, 0x0, 0x0, 0x0, 0x0, 0xf, 0xff,
    0xff, 0x26, 0xff, 0xff, 0xc0, 0x0, 0x0, 0x0,
    0x0, 0x0, 0xff, 0xff, 0xf2, 0x6f, 0xff, 0xfc,
    0x0, 0x0, 0x0, 0x0, 0x0, 0xf, 0xff, 0xff,
    0x26, 0xff, 0xff, 0xc0, 0x0, 0x0, 0x0, 0x0,
    0x0, 0xff, 0xff, 0xf2, 0x6f, 0xff, 0xfc, 0x0,
    0x0, 0x0, 0x0, 0x0, 0xf, 0xff, 0xff, 0x26,
    0xee, 0xee, 0xb0, 0x0, 0x0, 0x0, 0x0, 0x0,
    0xee, 0xee, 0xe1,

    /* U+0435 "е" */
    0x0, 0x0, 0x4, 0x9d, 0xff, 0xeb, 0x60, 0x0,
    0x0, 0x0, 0x1, 0xbf, 0xff, 0xff, 0xff, 0xfe,
    0x40, 0x0, 0x0, 0x1d, 0xff, 0xff, 0xff, 0xff,
    0xff, 0xf4, 0x0, 0x0, 0xcf, 0xff, 0xff, 0xff,
    0xff, 0xff, 0xfe, 0x10, 0x7, 0xff, 0xff, 0xf9,
    0x44, 0x7f, 0xff, 0xff, 0x80, 0xe, 0xff, 0xff,
    0x80, 0x0, 0x2, 0xff, 0xff, 0xe0, 0x3f, 0xff,
    0xfe, 0x0, 0x0, 0x0, 0xaf, 0xff, 0xf3, 0x7f,
    0xff, 0xf9, 0x0, 0x0, 0x0, 0x7f, 0xff, 0xf6,
    0x9f, 0xff, 0xff, 0xff, 0xff, 0xff, 0xff, 0xff,
    0xf7, 0xaf, 0xff, 0xff, 0xff, 0xff, 0xff, 0xff,
    0xff, 0xf8, 0xbf, 0xff, 0xff, 0xff, 0xff, 0xff,
    0xff, 0xff, 0xf8, 0xaf, 0xff, 0xfc, 0x99, 0x99,
    0x99, 0x99, 0x99, 0x95, 0x8f, 0xff, 0xfb, 0x0,
    0x0, 0x0, 0x0, 0x0, 0x0, 0x4f, 0xff, 0xff,
    0x20, 0x0, 0x0, 0x0, 0x20, 0x0, 0xe, 0xff,
    0xff, 0xc0, 0x0, 0x0, 0x5, 0xf6, 0x0, 0x7,
    0xff, 0xff, 0xfe, 0x74, 0x46, 0xbf, 0xff, 0x40,
    0x0, 0xcf, 0xff, 0xff, 0xff, 0xff, 0xff, 0xff,
    0xe0, 0x0, 0x1d, 0xff, 0xff, 0xff, 0xff, 0xff,
    0xff, 0x30, 0x0, 0x1, 0xaf, 0xff, 0xff, 0xff,
    0xff, 0xc2, 0x0, 0x0, 0x0, 0x2, 0x8c, 0xef,
    0xfd, 0xa5, 0x0, 0x0,

    /* U+0436 "ж" */
    0xe, 0xff, 0xff, 0xf4, 0x0, 0x0, 0x1f, 0xff,
    0xff, 0x0, 0x0, 0x7, 0xff, 0xff, 0xfc, 0x0,
    0x5f, 0xff, 0xff, 0xc0, 0x0, 0x1, 0xff, 0xff,
    0xf0, 0x0, 0x0, 0xef, 0xff, 0xff, 0x30, 0x0,
    0xcf, 0xff, 0xff, 0x40, 0x0, 0x1f, 0xff, 0xff,
    0x0, 0x0, 0x6f, 0xff, 0xff, 0xa0, 0x0, 0x2,
    0xff, 0xff, 0xfc, 0x0, 0x1, 0xff, 0xff, 0xf0,
    0x0, 0xe, 0xff, 0xff, 0xf1, 0x0, 0x0, 0x9,
    0xff, 0xff, 0xf4, 0x0, 0x1f, 0xff, 0xff, 0x0,
    0x6, 0xff, 0xff, 0xf7, 0x0, 0x0, 0x0, 0xe,
    0xff, 0xff, 0xc0, 0x1, 0xff, 0xff, 0xf0, 0x0,
    0xef, 0xff, 0xfd, 0x0, 0x0, 0x0, 0x0, 0x6f,
    0xff, 0xff, 0x40, 0x1f, 0xff, 0xff, 0x0, 0x6f,
    0xff, 0xff, 0x40, 0x0, 0x0, 0x0, 0x0, 0xcf,
    0xff, 0xfc, 0x1, 0xff, 0xff, 0xf0, 0xe, 0xff,
    0xff, 0xa0, 0x0, 0x0, 0x0, 0x0, 0x3, 0xff,
    0xff, 0xff, 0xff, 0xff, 0xff, 0xff, 0xff, 0xff,
    0xf1, 0x0, 0x0, 0x0, 0x0, 0x0, 0x9, 0xff,
    0xff, 0xff, 0xff, 0xff, 0xff, 0xff, 0xff, 0xf7,
    0x0, 0x0, 0x0, 0x0, 0x0, 0x0, 0x9f, 0xff,
    0xff, 0xff, 0xff, 0xff, 0xff, 0xff, 0xff, 0x90,
    0x0, 0x0, 0x0, 0x0, 0x0, 0x3f, 0xff, 0xff,
    0xff, 0xff, 0xff, 0xff, 0xff, 0xff, 0xff, 0x30,
    0x0, 0x0, 0x0, 0x0, 0xc, 0xff, 0xff, 0xff,
    0xff, 0xff, 0xff, 0xff, 0xff, 0xff, 0xfc, 0x0,
    0x0, 0x0, 0x0, 0x6, 0xff, 0xff, 0xf5, 0x1,
    0xff, 0xff, 0xf0, 0x7, 0xff, 0xff, 0xf6, 0x0,
    0x0, 0x0, 0x1, 0xef, 0xff, 0xfc, 0x0, 0x1f,
    0xff, 0xff, 0x0, 0xe, 0xff, 0xff, 0xe1, 0x0,
    0x0, 0x0, 0x9f, 0xff, 0xff, 0x40, 0x1, 0xff,
    0xff, 0xf0, 0x0, 0x6f, 0xff, 0xff, 0x90, 0x0,
    0x0, 0x3f, 0xff, 0xff, 0xb0, 0x0, 0x1f, 0xff,
    0xff, 0x0, 0x0, 0xdf, 0xff, 0xff, 0x30, 0x0,
    0xc, 0xff, 0xff, 0xf3, 0x0, 0x1, 0xff, 0xff,
    0xf0, 0x0, 0x5, 0xff, 0xff, 0xfc, 0x0, 0x6,
    0xff, 0xff, 0xfa, 0x0, 0x0, 0x1f, 0xff, 0xff,
    0x0, 0x0, 0xc, 0xff, 0xff, 0xf6, 0x1, 0xef,
    0xff, 0xff, 0x20, 0x0, 0x1, 0xff, 0xff, 0xf0,
    0x0, 0x0, 0x3f, 0xff, 0xff, 0xe1,

    /* U+0437 "з" */
    0x0, 0x0, 0x5a, 0xdf, 0xfe, 0xc9, 0x40, 0x0,
    0x0, 0x3, 0xdf, 0xff, 0xff, 0xff, 0xff, 0xc1,
    0x0, 0x4, 0xff, 0xff, 0xff, 0xff, 0xff, 0xff,
    0xe1, 0x0, 0xef, 0xff, 0xff, 0xff, 0xff, 0xff,
    0xff, 0x90, 0x4f, 0xff, 0xff, 0x71, 0x2, 0xcf,
    0xff, 0xfe, 0x6, 0xee, 0xee, 0xa0, 0x0, 0x2,
    0xff, 0xff, 0xf0, 0x0, 0x0, 0x0, 0x0, 0x0,
    0x2f, 0xff, 0xfe, 0x0, 0x0, 0x0, 0x0, 0x0,
    0x2b, 0xff, 0xff, 0x80, 0x0, 0x0, 0x6, 0xff,
    0xff, 0xff, 0xff, 0xb0, 0x0, 0x0, 0x0, 0x6f,
    0xff, 0xff, 0xff, 0x90, 0x0, 0x0, 0x0, 0x6,
    0xff, 0xff, 0xff, 0xff, 0x90, 0x0, 0x0, 0x0,
    0x27, 0x77, 0x9e, 0xff, 0xff, 0x90, 0x0, 0x0,
    0x0, 0x0, 0x0, 0x2f, 0xff, 0xff, 0x11, 0x22,
    0x22, 0x0, 0x0, 0x0, 0xcf, 0xff, 0xf4, 0xbf,
    0xff, 0xf7, 0x0, 0x0, 0xe, 0xff, 0xff, 0x59,
    0xff, 0xff, 0xf6, 0x10, 0x1a, 0xff, 0xff, 0xf3,
    0x3f, 0xff, 0xff, 0xff, 0xff, 0xff, 0xff, 0xfc,
    0x0, 0x7f, 0xff, 0xff, 0xff, 0xff, 0xff, 0xfe,
    0x20, 0x0, 0x5e, 0xff, 0xff, 0xff, 0xff, 0xfc,
    0x20, 0x0, 0x0, 0x6, 0xad, 0xff, 0xec, 0x93,
    0x0, 0x0,

    /* U+0438 "и" */
    0xf, 0xff, 0xff, 0x0, 0x0, 0x0, 0xdf, 0xff,
    0xf8, 0xf, 0xff, 0xff, 0x0, 0x0, 0x5, 0xff,
    0xff, 0xf8, 0xf, 0xff, 0xff, 0x0, 0x0, 0xd,
    0xff, 0xff, 0xf8, 0xf, 0xff, 0xff, 0x0, 0x0,
    0x6f, 0xff, 0xff, 0xf8, 0xf, 0xff, 0xff, 0x0,
    0x0, 0xef, 0xff, 0xff, 0xf8, 0xf, 0xff, 0xff,
    0x0, 0x6, 0xff, 0xff, 0xff, 0xf8, 0xf, 0xff,
    0xff, 0x0, 0xe, 0xff, 0xff, 0xff, 0xf8, 0xf,
    0xff, 0xff, 0x0, 0x7f, 0xff, 0xff, 0xff, 0xf8,
    0xf, 0xff, 0xff, 0x0, 0xef, 0xfe, 0xaf, 0xff,
    0xf8, 0xf, 0xff, 0xff, 0x7, 0xff, 0xf7, 0x9f,
    0xff, 0xf8, 0xf, 0xff, 0xff, 0x1f, 0xff, 0xe0,
    0x9f, 0xff, 0xf8, 0xf, 0xff, 0xff, 0x9f, 0xff,
    0x60, 0x9f, 0xff, 0xf8, 0xf, 0xff, 0xff, 0xff,
    0xfe, 0x0, 0x9f, 0xff, 0xf8, 0xf, 0xff, 0xff,
    0xff, 0xf6, 0x0, 0x9f, 0xff, 0xf8, 0xf, 0xff,
    0xff, 0xff, 0xd0, 0x0, 0x9f, 0xff, 0xf8, 0xf,
    0xff, 0xff, 0xff, 0x50, 0x0, 0x9f, 0xff, 0xf8,
    0xf, 0xff, 0xff, 0xfd, 0x0, 0x0, 0x9f, 0xff,
    0xf8, 0xf, 0xff, 0xff, 0xf5, 0x0, 0x0, 0x9f,
    0xff, 0xf8, 0xf, 0xff, 0xff, 0xd0, 0x0, 0x0,
    0x9f, 0xff, 0xf8, 0xf, 0xff, 0xff, 0x40, 0x0,
    0x0, 0x9f, 0xff, 0xf8,

    /* U+0439 "й" */
    0x0, 0x5, 0x88, 0x70, 0x0, 0x2, 0x88, 0x83,
    0x0, 0x0, 0xa, 0xff, 0xf1, 0x0, 0x6, 0xff,
    0xf4, 0x0, 0x0, 0x6, 0xff, 0xfb, 0x20, 0x4e,
    0xff, 0xf1, 0x0, 0x0, 0x0, 0xdf, 0xff, 0xff,
    0xff, 0xff, 0x80, 0x0, 0x0, 0x0, 0x2d, 0xff,
    0xff, 0xff, 0xfa, 0x0, 0x0, 0x0, 0x0, 0x0,
    0x7c, 0xff, 0xeb, 0x40, 0x0, 0x0, 0x0, 0x0,
    0x0, 0x0, 0x0, 0x0, 0x0, 0x0, 0x0, 0x0,
    0x0, 0x0, 0x0, 0x0, 0x0, 0x0, 0x0, 0x0,
    0xf, 0xff, 0xff, 0x0, 0x0, 0x0, 0xdf, 0xff,
    0xf8, 0xf, 0xff, 0xff, 0x0, 0x0, 0x5, 0xff,
    0xff, 0xf8, 0xf, 0xff, 0xff, 0x0, 0x0, 0xd,
    0xff, 0xff, 0xf8, 0xf, 0xff, 0xff, 0x0, 0x0,
    0x6f, 0xff, 0xff, 0xf8, 0xf, 0xff, 0xff, 0x0,
    0x0, 0xef, 0xff, 0xff, 0xf8, 0xf, 0xff, 0xff,
    0x0, 0x6, 0xff, 0xff, 0xff, 0xf8, 0xf, 0xff,
    0xff, 0x0, 0xe, 0xff, 0xff, 0xff, 0xf8, 0xf,
    0xff, 0xff, 0x0, 0x7f, 0xff, 0xff, 0xff, 0xf8,
    0xf, 0xff, 0xff, 0x0, 0xef, 0xfe, 0xaf, 0xff,
    0xf8, 0xf, 0xff, 0xff, 0x7, 0xff, 0xf7, 0x9f,
    0xff, 0xf8, 0xf, 0xff, 0xff, 0x1f, 0xff, 0xe0,
    0x9f, 0xff, 0xf8, 0xf, 0xff, 0xff, 0x9f, 0xff,
    0x60, 0x9f, 0xff, 0xf8, 0xf, 0xff, 0xff, 0xff,
    0xfe, 0x0, 0x9f, 0xff, 0xf8, 0xf, 0xff, 0xff,
    0xff, 0xf6, 0x0, 0x9f, 0xff, 0xf8, 0xf, 0xff,
    0xff, 0xff, 0xd0, 0x0, 0x9f, 0xff, 0xf8, 0xf,
    0xff, 0xff, 0xff, 0x50, 0x0, 0x9f, 0xff, 0xf8,
    0xf, 0xff, 0xff, 0xfd, 0x0, 0x0, 0x9f, 0xff,
    0xf8, 0xf, 0xff, 0xff, 0xf5, 0x0, 0x0, 0x9f,
    0xff, 0xf8, 0xf, 0xff, 0xff, 0xd0, 0x0, 0x0,
    0x9f, 0xff, 0xf8, 0xf, 0xff, 0xff, 0x40, 0x0,
    0x0, 0x9f, 0xff, 0xf8,

    /* U+043A "к" */
    0xbf, 0xff, 0xf6, 0x0, 0x0, 0xe, 0xff, 0xff,
    0xf7, 0xb, 0xff, 0xff, 0x60, 0x0, 0x7, 0xff,
    0xff, 0xfc, 0x0, 0xbf, 0xff, 0xf6, 0x0, 0x0,
    0xef, 0xff, 0xff, 0x30, 0xb, 0xff, 0xff, 0x60,
    0x0, 0x7f, 0xff, 0xff, 0x90, 0x0, 0xbf, 0xff,
    0xf6, 0x0, 0x1f, 0xff, 0xff, 0xe0, 0x0, 0xb,
    0xff, 0xff, 0x60, 0x8, 0xff, 0xff, 0xf5, 0x0,
    0x0, 0xbf, 0xff, 0xf6, 0x1, 0xff, 0xff, 0xfb,
    0x0, 0x0, 0xb, 0xff, 0xff, 0x60, 0x9f, 0xff,
    0xff, 0x10, 0x0, 0x0, 0xbf, 0xff, 0xff, 0xff,
    0xff, 0xff, 0x70, 0x0, 0x0, 0xb, 0xff, 0xff,
    0xff, 0xff, 0xff, 0xc0, 0x0, 0x0, 0x0, 0xbf,
    0xff, 0xff, 0xff, 0xff, 0xfd, 0x0, 0x0, 0x0,
    0xb, 0xff, 0xff, 0xff, 0xff, 0xff, 0xf9, 0x0,
    0x0, 0x0, 0xbf, 0xff, 0xff, 0xff, 0xff, 0xff,
    0xf4, 0x0, 0x0, 0xb, 0xff, 0xff, 0x60, 0x4f,
    0xff, 0xff, 0xe0, 0x0, 0x0, 0xbf, 0xff, 0xf6,
    0x0, 0xbf, 0xff, 0xff, 0x90, 0x0, 0xb, 0xff,
    0xff, 0x60, 0x2, 0xff, 0xff, 0xff, 0x40, 0x0,
    0xbf, 0xff, 0xf6, 0x0, 0x8, 0xff, 0xff, 0xfe,
    0x10, 0xb, 0xff, 0xff, 0x60, 0x0, 0xe, 0xff,
    0xff, 0xfa, 0x0, 0xbf, 0xff, 0xf6, 0x0, 0x0,
    0x5f, 0xff, 0xff, 0xf4, 0xb, 0xff, 0xff, 0x60,
    0x0, 0x0, 0xbf, 0xff, 0xff, 0xe1,

    /* U+043B "л" */
    0x0, 0x0, 0xdf, 0xff, 0xff, 0xff, 0xff, 0xff,
    0xff, 0x80, 0x0, 0xe, 0xff, 0xff, 0xff, 0xff,
    0xff, 0xff, 0xf8, 0x0, 0x0, 0xef, 0xff, 0xff,
    0xff, 0xff, 0xff, 0xff, 0x80, 0x0, 0xf, 0xff,
    0xff, 0xff, 0xff, 0xff, 0xff, 0xf8, 0x0, 0x0,
    0xff, 0xff, 0xf3, 0x33, 0x3a, 0xff, 0xff, 0x80,
    0x0, 0xf, 0xff, 0xfe, 0x0, 0x0, 0x9f, 0xff,
    0xf8, 0x0, 0x1, 0xff, 0xff, 0xd0, 0x0, 0x9,
    0xff, 0xff, 0x80, 0x0, 0x2f, 0xff, 0xfc, 0x0,
    0x0, 0x9f, 0xff, 0xf8, 0x0, 0x2, 0xff, 0xff,
    0xb0, 0x0, 0x9, 0xff, 0xff, 0x80, 0x0, 0x3f,
    0xff, 0xfa, 0x0, 0x0, 0x9f, 0xff, 0xf8, 0x0,
    0x4, 0xff, 0xff, 0x90, 0x0, 0x9, 0xff, 0xff,
    0x80, 0x0, 0x6f, 0xff, 0xf8, 0x0, 0x0, 0x9f,
    0xff, 0xf8, 0x0, 0x9, 0xff, 0xff, 0x60, 0x0,
    0x9, 0xff, 0xff, 0x80, 0x0, 0xdf, 0xff, 0xf4,
    0x0, 0x0, 0x9f, 0xff, 0xf8, 0x0, 0x5f, 0xff,
    0xff, 0x0, 0x0, 0x9, 0xff, 0xff, 0x83, 0x9f,
    0xff, 0xff, 0xc0, 0x0, 0x0, 0x9f, 0xff, 0xf8,
    0x9f, 0xff, 0xff, 0xf6, 0x0, 0x0, 0x9, 0xff,
    0xff, 0x89, 0xff, 0xff, 0xfd, 0x0, 0x0, 0x0,
    0x9f, 0xff, 0xf8, 0x9f, 0xff, 0xfe, 0x20, 0x0,
    0x0, 0x9, 0xff, 0xff, 0x89, 0xff, 0xd8, 0x0,
    0x0, 0x0, 0x0, 0x9f, 0xff, 0xf8,

    /* U+043C "м" */
    0xbf, 0xff, 0xff, 0xc0, 0x0, 0x0, 0x0, 0x0,
    0xaf, 0xff, 0xff, 0xeb, 0xff, 0xff, 0xff, 0x20,
    0x0, 0x0, 0x0, 0x1f, 0xff, 0xff, 0xfe, 0xbf,
    0xff, 0xff, 0xf8, 0x0, 0x0, 0x0, 0x6, 0xff,
    0xff, 0xff, 0xeb, 0xff, 0xff, 0xff, 0xe0, 0x0,
    0x0, 0x0, 0xcf, 0xff, 0xff, 0xfe, 0xbf, 0xff,
    0xff, 0xff, 0x40, 0x0, 0x0, 0x2f, 0xff, 0xff,
    0xff, 0xeb, 0xff, 0xff, 0xff, 0xf9, 0x0, 0x0,
    0x8, 0xff, 0xff, 0xff, 0xfe, 0xbf, 0xff, 0xff,
    0xff, 0xf0, 0x0, 0x0, 0xef, 0xff, 0xff, 0xff,
    0xeb, 0xff, 0xff, 0xff, 0xff, 0x50, 0x0, 0x4f,
    0xff, 0xff, 0xff, 0xfe, 0xbf, 0xff, 0xfc, 0xff,
    0xfb, 0x0, 0xa, 0xff, 0xfb, 0xff, 0xff, 0xeb,
    0xff, 0xff, 0x7f, 0xff, 0xf1, 0x0, 0xff, 0xff,
    0x5f, 0xff, 0xfe, 0xbf, 0xff, 0xf6, 0xaf, 0xff,
    0x70, 0x6f, 0xff, 0xc3, 0xff, 0xff, 0xeb, 0xff,
    0xff, 0x64, 0xff, 0xfd, 0xc, 0xff, 0xf6, 0x3f,
    0xff, 0xfe, 0xbf, 0xff, 0xf6, 0xe, 0xff, 0xf5,
    0xff, 0xff, 0x13, 0xff, 0xff, 0xeb, 0xff, 0xff,
    0x60, 0x9f, 0xff, 0xef, 0xff, 0xa0, 0x3f, 0xff,
    0xfe, 0xbf, 0xff, 0xf6, 0x3, 0xff, 0xff, 0xff,
    0xf4, 0x3, 0xff, 0xff, 0xeb, 0xff, 0xff, 0x60,
    0xd, 0xff, 0xff, 0xfe, 0x0, 0x3f, 0xff, 0xfe,
    0xbf, 0xff, 0xf6, 0x0, 0x7f, 0xff, 0xff, 0x80,
    0x3, 0xff, 0xff, 0xeb, 0xff, 0xff, 0x60, 0x1,
    0xff, 0xff, 0xf3, 0x0, 0x3f, 0xff, 0xfe, 0xbf,
    0xff, 0xf6, 0x0, 0xb, 0xff, 0xfd, 0x0, 0x3,
    0xff, 0xff, 0xeb, 0xff, 0xff, 0x60, 0x0, 0x5f,
    0xff, 0x70, 0x0, 0x3f, 0xff, 0xfe,

    /* U+043D "н" */
    0xf, 0xff, 0xff, 0x0, 0x0, 0x0, 0xaf, 0xff,
    0xf7, 0xf, 0xff, 0xff, 0x0, 0x0, 0x0, 0xaf,
    0xff, 0xf7, 0xf, 0xff, 0xff, 0x0, 0x0, 0x0,
    0xaf, 0xff, 0xf7, 0xf, 0xff, 0xff, 0x0, 0x0,
    0x0, 0xaf, 0xff, 0xf7, 0xf, 0xff, 0xff, 0x0,
    0x0, 0x0, 0xaf, 0xff, 0xf7, 0xf, 0xff, 0xff,
    0x0, 0x0, 0x0, 0xaf, 0xff, 0xf7, 0xf, 0xff,
    0xff, 0x0, 0x0, 0x0, 0xaf, 0xff, 0xf7, 0xf,
    0xff, 0xff, 0x0, 0x0, 0x0, 0xaf, 0xff, 0xf7,
    0xf, 0xff, 0xff, 0xff, 0xff, 0xff, 0xff, 0xff,
    0xf7, 0xf, 0xff, 0xff, 0xff, 0xff, 0xff, 0xff,
    0xff, 0xf7, 0xf, 0xff, 0xff, 0xff, 0xff, 0xff,
    0xff, 0xff, 0xf7, 0xf, 0xff, 0xff, 0xff, 0xff,
    0xff, 0xff, 0xff, 0xf7, 0xf, 0xff, 0xff, 0x43,
    0x33, 0x33, 0xbf, 0xff, 0xf7, 0xf, 0xff, 0xff,
    0x0, 0x0, 0x0, 0xaf, 0xff, 0xf7, 0xf, 0xff,
    0xff, 0x0, 0x0, 0x0, 0xaf, 0xff, 0xf7, 0xf,
    0xff, 0xff, 0x0, 0x0, 0x0, 0xaf, 0xff, 0xf7,
    0xf, 0xff, 0xff, 0x0, 0x0, 0x0, 0xaf, 0xff,
    0xf7, 0xf, 0xff, 0xff, 0x0, 0x0, 0x0, 0xaf,
    0xff, 0xf7, 0xf, 0xff, 0xff, 0x0, 0x0, 0x0,
    0xaf, 0xff, 0xf7, 0xf, 0xff, 0xff, 0x0, 0x0,
    0x0, 0xaf, 0xff, 0xf7,

    /* U+043E "о" */
    0x0, 0x0, 0x5, 0xad, 0xff, 0xeb, 0x71, 0x0,
    0x0, 0x0, 0x0, 0x2c, 0xff, 0xff, 0xff, 0xff,
    0xe6, 0x0, 0x0, 0x0, 0x3e, 0xff, 0xff, 0xff,
    0xff, 0xff, 0xf7, 0x0, 0x0, 0x1e, 0xff, 0xff,
    0xff, 0xff, 0xff, 0xff, 0xf4, 0x0, 0x9, 0xff,
    0xff, 0xf9, 0x44, 0x7e, 0xff, 0xff, 0xe0, 0x1,
    0xff, 0xff, 0xf6, 0x0, 0x0, 0x2f, 0xff, 0xff,
    0x60, 0x6f, 0xff, 0xfd, 0x0, 0x0, 0x0, 0x9f,
    0xff, 0xfb, 0x9, 0xff, 0xff, 0x90, 0x0, 0x0,
    0x3, 0xff, 0xff, 0xf0, 0xcf, 0xff, 0xf6, 0x0,
    0x0, 0x0, 0xf, 0xff, 0xff, 0x1d, 0xff, 0xff,
    0x40, 0x0, 0x0, 0x0, 0xff, 0xff, 0xf2, 0xdf,
    0xff, 0xf4, 0x0, 0x0, 0x0, 0xf, 0xff, 0xff,
    0x2b, 0xff, 0xff, 0x60, 0x0, 0x0, 0x0, 0xff,
    0xff, 0xf1, 0xaf, 0xff, 0xf8, 0x0, 0x0, 0x0,
    0x3f, 0xff, 0xff, 0x6, 0xff, 0xff, 0xe0, 0x0,
    0x0, 0x8, 0xff, 0xff, 0xb0, 0x1f, 0xff, 0xff,
    0x60, 0x0, 0x1, 0xef, 0xff, 0xf6, 0x0, 0x9f,
    0xff, 0xff, 0x94, 0x47, 0xef, 0xff, 0xfe, 0x0,
    0x1, 0xef, 0xff, 0xff, 0xff, 0xff, 0xff, 0xff,
    0x50, 0x0, 0x3, 0xff, 0xff, 0xff, 0xff, 0xff,
    0xff, 0x80, 0x0, 0x0, 0x3, 0xdf, 0xff, 0xff,
    0xff, 0xff, 0x60, 0x0, 0x0, 0x0, 0x0, 0x5a,
    0xdf, 0xfe, 0xb7, 0x10, 0x0, 0x0,

    /* U+043F "п" */
    0xf, 0xff, 0xff, 0xff, 0xff, 0xff, 0xff, 0xff,
    0xf8, 0xf, 0xff, 0xff, 0xff, 0xff, 0xff, 0xff,
    0xff, 0xf8, 0xf, 0xff, 0xff, 0xff, 0xff, 0xff,
    0xff, 0xff, 0xf8, 0xf, 0xff, 0xff, 0xff, 0xff,
    0xff, 0xff, 0xff, 0xf8, 0xf, 0xff, 0xff, 0x43,
    0x33, 0x33, 0xbf, 0xff, 0xf8, 0xf, 0xff, 0xff,
    0x0, 0x0, 0x0, 0x9f, 0xff, 0xf8, 0xf, 0xff,
    0xff, 0x0, 0x0, 0x0, 0x9f, 0xff, 0xf8, 0xf,
    0xff, 0xff, 0x0, 0x0, 0x0, 0x9f, 0xff, 0xf8,
    0xf, 0xff, 0xff, 0x0, 0x0, 0x0, 0x9f, 0xff,
    0xf8, 0xf, 0xff, 0xff, 0x0, 0x0, 0x0, 0x9f,
    0xff, 0xf8, 0xf, 0xff, 0xff, 0x0, 0x0, 0x0,
    0x9f, 0xff, 0xf8, 0xf, 0xff, 0xff, 0x0, 0x0,
    0x0, 0x9f, 0xff, 0xf8, 0xf, 0xff, 0xff, 0x0,
    0x0, 0x0, 0x9f, 0xff, 0xf8, 0xf, 0xff, 0xff,
    0x0, 0x0, 0x0, 0x9f, 0xff, 0xf8, 0xf, 0xff,
    0xff, 0x0, 0x0, 0x0, 0x9f, 0xff, 0xf8, 0xf,
    0xff, 0xff, 0x0, 0x0, 0x0, 0x9f, 0xff, 0xf8,
    0xf, 0xff, 0xff, 0x0, 0x0, 0x0, 0x9f, 0xff,
    0xf8, 0xf, 0xff, 0xff, 0x0, 0x0, 0x0, 0x9f,
    0xff, 0xf8, 0xf, 0xff, 0xff, 0x0, 0x0, 0x0,
    0x9f, 0xff, 0xf8, 0xf, 0xff, 0xff, 0x0, 0x0,
    0x0, 0x9f, 0xff, 0xf8,

    /* U+0440 "р" */
    0xf, 0xff, 0xfb, 0x3, 0xae, 0xfe, 0xc7, 0x0,
    0x0, 0x0, 0xff, 0xff, 0xd7, 0xff, 0xff, 0xff,
    0xfd, 0x20, 0x0, 0xf, 0xff, 0xff, 0xff, 0xff,
    0xff, 0xff, 0xfe, 0x10, 0x0, 0xff, 0xff, 0xff,
    0xff, 0xff, 0xff, 0xff, 0xfa, 0x0, 0xf, 0xff,
    0xff, 0xfa, 0x54, 0x7e, 0xff, 0xff, 0xf2, 0x0,
    0xff, 0xff, 0xf7, 0x0, 0x0, 0x2f, 0xff, 0xff,
    0x70, 0xf, 0xff, 0xff, 0x0, 0x0, 0x0, 0x9f,
    0xff, 0xfb, 0x0, 0xff, 0xff, 0xf0, 0x0, 0x0,
    0x4, 0xff, 0xff, 0xe0, 0xf, 0xff, 0xff, 0x0,
    0x0, 0x0, 0x1f, 0xff, 0xff, 0x0, 0xff, 0xff,
    0xf0, 0x0, 0x0, 0x0, 0xff, 0xff, 0xf1, 0xf,
    0xff, 0xff, 0x0, 0x0, 0x0, 0xf, 0xff, 0xff,
    0x10, 0xff, 0xff, 0xf0, 0x0, 0x0, 0x1, 0xff,
    0xff, 0xf0, 0xf, 0xff, 0xff, 0x0, 0x0, 0x0,
    0x4f, 0xff, 0xfe, 0x0, 0xff, 0xff, 0xf0, 0x0,
    0x0, 0x8, 0xff, 0xff, 0xb0, 0xf, 0xff, 0xff,
    0x70, 0x0, 0x1, 0xff, 0xff, 0xf7, 0x0, 0xff,
    0xff, 0xff, 0xa5, 0x36, 0xef, 0xff, 0xff, 0x10,
    0xf, 0xff, 0xff, 0xff, 0xff, 0xff, 0xff, 0xff,
    0x90, 0x0, 0xff, 0xff, 0xff, 0xff, 0xff, 0xff,
    0xff, 0xd1, 0x0, 0xf, 0xff, 0xff, 0x6f, 0xff,
    0xff, 0xff, 0xd2, 0x0, 0x0, 0xff, 0xff, 0xf0,
    0x29, 0xdf, 0xec, 0x60, 0x0, 0x0, 0xf, 0xff,
    0xff, 0x0, 0x0, 0x0, 0x0, 0x0, 0x0, 0x0,
    0xff, 0xff, 0xf0, 0x0, 0x0, 0x0, 0x0, 0x0,
    0x0, 0xf, 0xff, 0xff, 0x0, 0x0, 0x0, 0x0,
    0x0, 0x0, 0x0, 0xff, 0xff, 0xf0, 0x0, 0x0,
    0x0, 0x0, 0x0, 0x0, 0xf, 0xff, 0xff, 0x0,
    0x0, 0x0, 0x0, 0x0, 0x0, 0x0, 0xff, 0xff,
    0xf0, 0x0, 0x0, 0x0, 0x0, 0x0, 0x0, 0xf,
    0xff, 0xff, 0x0, 0x0, 0x0, 0x0, 0x0, 0x0,
    0x0, 0xff, 0xff, 0xf0, 0x0, 0x0, 0x0, 0x0,
    0x0, 0x0,

    /* U+0441 "с" */
    0x0, 0x0, 0x6, 0xbe, 0xff, 0xda, 0x40, 0x0,
    0x0, 0x0, 0x4e, 0xff, 0xff, 0xff, 0xff, 0xc1,
    0x0, 0x0, 0x5f, 0xff, 0xff, 0xff, 0xff, 0xff,
    0xe1, 0x0, 0x2f, 0xff, 0xff, 0xff, 0xff, 0xff,
    0xff, 0xc0, 0xa, 0xff, 0xff, 0xe7, 0x45, 0xbf,
    0xff, 0xff, 0x41, 0xff, 0xff, 0xf3, 0x0, 0x0,
    0xaf, 0xff, 0xf9, 0x6f, 0xff, 0xfb, 0x0, 0x0,
    0x2, 0xff, 0xff, 0xba, 0xff, 0xff, 0x70, 0x0,
    0x0, 0x8, 0x99, 0x97, 0xcf, 0xff, 0xf5, 0x0,
    0x0, 0x0, 0x0, 0x0, 0xd, 0xff, 0xff, 0x40,
    0x0, 0x0, 0x0, 0x0, 0x0, 0xdf, 0xff, 0xf4,
    0x0, 0x0, 0x0, 0x0, 0x0, 0xc, 0xff, 0xff,
    0x50, 0x0, 0x0, 0x0, 0x0, 0x0, 0xaf, 0xff,
    0xf7, 0x0, 0x0, 0x0, 0x0, 0x0, 0x6, 0xff,
    0xff, 0xc0, 0x0, 0x0, 0xf, 0xff, 0xfc, 0x1f,
    0xff, 0xff, 0x20, 0x0, 0x7, 0xff, 0xff, 0xa0,
    0xaf, 0xff, 0xfe, 0x74, 0x59, 0xff, 0xff, 0xf5,
    0x2, 0xff, 0xff, 0xff, 0xff, 0xff, 0xff, 0xfc,
    0x0, 0x5, 0xff, 0xff, 0xff, 0xff, 0xff, 0xfe,
    0x10, 0x0, 0x4, 0xef, 0xff, 0xff, 0xff, 0xfb,
    0x10, 0x0, 0x0, 0x0, 0x6b, 0xef, 0xfd, 0xa4,
    0x0, 0x0,

    /* U+0442 "т" */
    0x7f, 0xff, 0xff, 0xff, 0xff, 0xff, 0xff, 0xff,
    0xfb, 0x7f, 0xff, 0xff, 0xff, 0xff, 0xff, 0xff,
    0xff, 0xfb, 0x7f, 0xff, 0xff, 0xff, 0xff, 0xff,
    0xff, 0xff, 0xfb, 0x7f, 0xff, 0xff, 0xff, 0xff,
    0xff, 0xff, 0xff, 0xfb, 0x13, 0x33, 0x33, 0x8f,
    0xff, 0xfb, 0x33, 0x33, 0x32, 0x0, 0x0, 0x0,
    0x7f, 0xff, 0xfa, 0x0, 0x0, 0x0, 0x0, 0x0,
    0x0, 0x7f, 0xff, 0xfa, 0x0, 0x0, 0x0, 0x0,
    0x0, 0x0, 0x7f, 0xff, 0xfa, 0x0, 0x0, 0x0,
    0x0, 0x0, 0x0, 0x7f, 0xff, 0xfa, 0x0, 0x0,
    0x0, 0x0, 0x0, 0x0, 0x7f, 0xff, 0xfa, 0x0,
    0x0, 0x0, 0x0, 0x0, 0x0, 0x7f, 0xff, 0xfa,
    0x0, 0x0, 0x0, 0x0, 0x0, 0x0, 0x7f, 0xff,
    0xfa, 0x0, 0x0, 0x0, 0x0, 0x0, 0x0, 0x7f,
    0xff, 0xfa, 0x0, 0x0, 0x0, 0x0, 0x0, 0x0,
    0x7f, 0xff, 0xfa, 0x0, 0x0, 0x0, 0x0, 0x0,
    0x0, 0x7f, 0xff, 0xfa, 0x0, 0x0, 0x0, 0x0,
    0x0, 0x0, 0x7f, 0xff, 0xfa, 0x0, 0x0, 0x0,
    0x0, 0x0, 0x0, 0x7f, 0xff, 0xfa, 0x0, 0x0,
    0x0, 0x0, 0x0, 0x0, 0x7f, 0xff, 0xfa, 0x0,
    0x0, 0x0, 0x0, 0x0, 0x0, 0x7f, 0xff, 0xfa,
    0x0, 0x0, 0x0, 0x0, 0x0, 0x0, 0x7f, 0xff,
    0xfa, 0x0, 0x0, 0x0,

    /* U+0443 "у" */
    0xcf, 0xff, 0xfa, 0x0, 0x0, 0x0, 0x8f, 0xff,
    0xfd, 0x6, 0xff, 0xff, 0xf0, 0x0, 0x0, 0xd,
    0xff, 0xff, 0x80, 0x1f, 0xff, 0xff, 0x30, 0x0,
    0x1, 0xff, 0xff, 0xf2, 0x0, 0xcf, 0xff, 0xf8,
    0x0, 0x0, 0x6f, 0xff, 0xfd, 0x0, 0x6, 0xff,
    0xff, 0xc0, 0x0, 0xa, 0xff, 0xff, 0x80, 0x0,
    0x1f, 0xff, 0xff, 0x10, 0x0, 0xff, 0xff, 0xf3,
    0x0, 0x0, 0xcf, 0xff, 0xf6, 0x0, 0x3f, 0xff,
    0xfd, 0x0, 0x0, 0x6, 0xff, 0xff, 0xa0, 0x8,
    0xff, 0xff, 0x80, 0x0, 0x0, 0x1f, 0xff, 0xfe,
    0x0, 0xcf, 0xff, 0xf3, 0x0, 0x0, 0x0, 0xcf,
    0xff, 0xf3, 0x1f, 0xff, 0xfd, 0x0, 0x0, 0x0,
    0x6, 0xff, 0xff, 0x85, 0xff, 0xff, 0x80, 0x0,
    0x0, 0x0, 0x1f, 0xff, 0xfc, 0xaf, 0xff, 0xf3,
    0x0, 0x0, 0x0, 0x0, 0xcf, 0xff, 0xff, 0xff,
    0xfd, 0x0, 0x0, 0x0, 0x0, 0x7, 0xff, 0xff,
    0xff, 0xff, 0x80, 0x0, 0x0, 0x0, 0x0, 0x1f,
    0xff, 0xff, 0xff, 0xf3, 0x0, 0x0, 0x0, 0x0,
    0x0, 0xcf, 0xff, 0xff, 0xfd, 0x0, 0x0, 0x0,
    0x0, 0x0, 0x7, 0xff, 0xff, 0xff, 0x80, 0x0,
    0x0, 0x0, 0x0, 0x0, 0x1f, 0xff, 0xff, 0xf3,
    0x0, 0x0, 0x0, 0x0, 0x0, 0x0, 0xcf, 0xff,
    0xfe, 0x0, 0x0, 0x0, 0x0, 0x0, 0x0, 0x7,
    0xff, 0xff, 0x80, 0x0, 0x0, 0x0, 0x0, 0x0,
    0x0, 0x6f, 0xff, 0xf3, 0x0, 0x0, 0x0, 0x0,
    0x0, 0x0, 0xc, 0xff, 0xfe, 0x0, 0x0, 0x0,
    0x0, 0x0, 0x0, 0x5, 0xff, 0xff, 0x80, 0x0,
    0x0, 0x0, 0x0, 0x4, 0x58, 0xff, 0xff, 0xf2,
    0x0, 0x0, 0x0, 0x0, 0x0, 0xef, 0xff, 0xff,
    0xfb, 0x0, 0x0, 0x0, 0x0, 0x0, 0xe, 0xff,
    0xff, 0xff, 0x20, 0x0, 0x0, 0x0, 0x0, 0x0,
    0xef, 0xff, 0xff, 0x50, 0x0, 0x0, 0x0, 0x0,
    0x0, 0xb, 0xef, 0xd9, 0x20, 0x0, 0x0, 0x0,
    0x0, 0x0,

    /* U+0444 "ф" */
    0x0, 0x0, 0x0, 0x0, 0x2, 0x66, 0x66, 0x40,
    0x0, 0x0, 0x0, 0x0, 0x0, 0x0, 0x0, 0x0,
    0x0, 0x7f, 0xff, 0xfa, 0x0, 0x0, 0x0, 0x0,
    0x0, 0x0, 0x0, 0x0, 0x0, 0x7, 0xff, 0xff,
    0xa0, 0x0, 0x0, 0x0, 0x0, 0x0, 0x0, 0x0,
    0x0, 0x0, 0x7f, 0xff, 0xfa, 0x0, 0x0, 0x0,
    0x0, 0x0, 0x0, 0x0, 0x0, 0x0, 0x7, 0xff,
    0xff, 0xa0, 0x0, 0x0, 0x0, 0x0, 0x0, 0x0,
    0x0, 0x0, 0x0, 0x7f, 0xff, 0xfa, 0x0, 0x0,
    0x0, 0x0, 0x0, 0x0, 0x0, 0x0, 0x0, 0x7,
    0xff, 0xff, 0xa0, 0x0, 0x0, 0x0, 0x0, 0x0,
    0x0, 0x0, 0x0, 0x0, 0x7f, 0xff, 0xfa, 0x0,
    0x0, 0x0, 0x0, 0x0, 0x0, 0x0, 0x6c, 0xef,
    0xdc, 0xff, 0xff, 0xdc, 0xef, 0xd8, 0x10, 0x0,
    0x0, 0x1, 0xcf, 0xff, 0xff, 0xff, 0xff, 0xff,
    0xff, 0xff, 0xfe, 0x30, 0x0, 0x0, 0xbf, 0xff,
    0xff, 0xff, 0xff, 0xff, 0xff, 0xff, 0xff, 0xfe,
    0x10, 0x0, 0x5f, 0xff, 0xff, 0xff, 0xff, 0xff,
    0xff, 0xff, 0xff, 0xff, 0xfa, 0x0, 0xc, 0xff,
    0xff, 0xf7, 0x49, 0xff, 0xff, 0xc4, 0x5d, 0xff,
    0xff, 0xf2, 0x2, 0xff, 0xff, 0xf4, 0x0, 0x7f,
    0xff, 0xfa, 0x0, 0x1e, 0xff, 0xff, 0x70, 0x6f,
    0xff, 0xfd, 0x0, 0x7, 0xff, 0xff, 0xa0, 0x0,
    0x9f, 0xff, 0xfb, 0x9, 0xff, 0xff, 0x90, 0x0,
    0x7f, 0xff, 0xfa, 0x0, 0x4, 0xff, 0xff, 0xe0,
    0xbf, 0xff, 0xf6, 0x0, 0x7, 0xff, 0xff, 0xa0,
    0x0, 0x2f, 0xff, 0xff, 0xc, 0xff, 0xff, 0x50,
    0x0, 0x7f, 0xff, 0xfa, 0x0, 0x0, 0xff, 0xff,
    0xf1, 0xcf, 0xff, 0xf4, 0x0, 0x7, 0xff, 0xff,
    0xa0, 0x0, 0xf, 0xff, 0xff, 0x1b, 0xff, 0xff,
    0x60, 0x0, 0x7f, 0xff, 0xfa, 0x0, 0x1, 0xff,
    0xff, 0xf0, 0xaf, 0xff, 0xf7, 0x0, 0x7, 0xff,
    0xff, 0xa0, 0x0, 0x3f, 0xff, 0xff, 0x7, 0xff,
    0xff, 0xb0, 0x0, 0x7f, 0xff, 0xfa, 0x0, 0x7,
    0xff, 0xff, 0xc0, 0x4f, 0xff, 0xff, 0x20, 0x7,
    0xff, 0xff, 0xa0, 0x0, 0xdf, 0xff, 0xf9, 0x0,
    0xef, 0xff, 0xfe, 0x63, 0x9f, 0xff, 0xfc, 0x35,
    0xcf, 0xff, 0xff, 0x30, 0x7, 0xff, 0xff, 0xff,
    0xff, 0xff, 0xff, 0xff, 0xff, 0xff, 0xff, 0xc0,
    0x0, 0xd, 0xff, 0xff, 0xff, 0xff, 0xff, 0xff,
    0xff, 0xff, 0xff, 0xf3, 0x0, 0x0, 0x1d, 0xff,
    0xff, 0xff, 0xff, 0xff, 0xff, 0xff, 0xff, 0xf4,
    0x0, 0x0, 0x0, 0x6, 0xce, 0xfd, 0xcf, 0xff,
    0xfd, 0xcf, 0xfd, 0x81, 0x0, 0x0, 0x0, 0x0,
    0x0, 0x0, 0x7, 0xff, 0xff, 0xa0, 0x0, 0x0,
    0x0, 0x0, 0x0, 0x0, 0x0, 0x0, 0x0, 0x7f,
    0xff, 0xfa, 0x0, 0x0, 0x0, 0x0, 0x0, 0x0,
    0x0, 0x0, 0x0, 0x7, 0xff, 0xff, 0xa0, 0x0,
    0x0, 0x0, 0x0, 0x0, 0x0, 0x0, 0x0, 0x0,
    0x7f, 0xff, 0xfa, 0x0, 0x0, 0x0, 0x0, 0x0,
    0x0, 0x0, 0x0, 0x0, 0x7, 0xff, 0xff, 0xa0,
    0x0, 0x0, 0x0, 0x0, 0x0, 0x0, 0x0, 0x0,
    0x0, 0x7f, 0xff, 0xfa, 0x0, 0x0, 0x0, 0x0,
    0x0, 0x0, 0x0, 0x0, 0x0, 0x7, 0xff, 0xff,
    0xa0, 0x0, 0x0, 0x0, 0x0, 0x0, 0x0, 0x0,
    0x0, 0x0, 0x7f, 0xff, 0xfa, 0x0, 0x0, 0x0,
    0x0, 0x0,

    /* U+0445 "х" */
    0x2f, 0xff, 0xff, 0x50, 0x0, 0x0, 0xdf, 0xff,
    0xf8, 0x0, 0x9f, 0xff, 0xfd, 0x0, 0x0, 0x6f,
    0xff, 0xfe, 0x10, 0x1, 0xef, 0xff, 0xf6, 0x0,
    0xe, 0xff, 0xff, 0x70, 0x0, 0x7, 0xff, 0xff,
    0xe0, 0x7, 0xff, 0xff, 0xd0, 0x0, 0x0, 0xd,
    0xff, 0xff, 0x61, 0xff, 0xff, 0xf5, 0x0, 0x0,
    0x0, 0x5f, 0xff, 0xfe, 0x9f, 0xff, 0xfc, 0x0,
    0x0, 0x0, 0x0, 0xcf, 0xff, 0xff, 0xff, 0xff,
    0x30, 0x0, 0x0, 0x0, 0x3, 0xff, 0xff, 0xff,
    0xff, 0xa0, 0x0, 0x0, 0x0, 0x0, 0xa, 0xff,
    0xff, 0xff, 0xf2, 0x0, 0x0, 0x0, 0x0, 0x0,
    0x2f, 0xff, 0xff, 0xf9, 0x0, 0x0, 0x0, 0x0,
    0x0, 0x5, 0xff, 0xff, 0xff, 0xc0, 0x0, 0x0,
    0x0, 0x0, 0x0, 0xef, 0xff, 0xff, 0xff, 0x50,
    0x0, 0x0, 0x0, 0x0, 0x7f, 0xff, 0xff, 0xff,
    0xfe, 0x0, 0x0, 0x0, 0x0, 0x1f, 0xff, 0xff,
    0xff, 0xff, 0xf7, 0x0, 0x0, 0x0, 0x9, 0xff,
    0xff, 0xc5, 0xff, 0xff, 0xe1, 0x0, 0x0, 0x2,
    0xff, 0xff, 0xf4, 0xc, 0xff, 0xff, 0x80, 0x0,
    0x0, 0xaf, 0xff, 0xfb, 0x0, 0x4f, 0xff, 0xff,
    0x20, 0x0, 0x3f, 0xff, 0xff, 0x30, 0x0, 0xbf,
    0xff, 0xfa, 0x0, 0xc, 0xff, 0xff, 0xa0, 0x0,
    0x3, 0xff, 0xff, 0xf3, 0x5, 0xff, 0xff, 0xf2,
    0x0, 0x0, 0xa, 0xff, 0xff, 0xc0,

    /* U+0446 "ц" */
    0xf, 0xff, 0xff, 0x0, 0x0, 0x0, 0x9f, 0xff,
    0xf8, 0x0, 0x0, 0xff, 0xff, 0xf0, 0x0, 0x0,
    0x9, 0xff, 0xff, 0x80, 0x0, 0xf, 0xff, 0xff,
    0x0, 0x0, 0x0, 0x9f, 0xff, 0xf8, 0x0, 0x0,
    0xff, 0xff, 0xf0, 0x0, 0x0, 0x9, 0xff, 0xff,
    0x80, 0x0, 0xf, 0xff, 0xff, 0x0, 0x0, 0x0,
    0x9f, 0xff, 0xf8, 0x0, 0x0, 0xff, 0xff, 0xf0,
    0x0, 0x0, 0x9, 0xff, 0xff, 0x80, 0x0, 0xf,
    0xff, 0xff, 0x0, 0x0, 0x0, 0x9f, 0xff, 0xf8,
    0x0, 0x0, 0xff, 0xff, 0xf0, 0x0, 0x0, 0x9,
    0xff, 0xff, 0x80, 0x0, 0xf, 0xff, 0xff, 0x0,
    0x0, 0x0, 0x9f, 0xff, 0xf8, 0x0, 0x0, 0xff,
    0xff, 0xf0, 0x0, 0x0, 0x9, 0xff, 0xff, 0x80,
    0x0, 0xf, 0xff, 0xff, 0x0, 0x0, 0x0, 0x9f,
    0xff, 0xf8, 0x0, 0x0, 0xff, 0xff, 0xf0, 0x0,
    0x0, 0x9, 0xff, 0xff, 0x80, 0x0, 0xf, 0xff,
    0xff, 0x0, 0x0, 0x0, 0x9f, 0xff, 0xf8, 0x0,
    0x0, 0xff, 0xff, 0xf0, 0x0, 0x0, 0x9, 0xff,
    0xff, 0x80, 0x0, 0xf, 0xff, 0xff, 0x0, 0x0,
    0x0, 0x9f, 0xff, 0xf8, 0x0, 0x0, 0xff, 0xff,
    0xf4, 0x33, 0x33, 0x3b, 0xff, 0xff, 0x93, 0x31,
    0xf, 0xff, 0xff, 0xff, 0xff, 0xff, 0xff, 0xff,
    0xff, 0xff, 0x50, 0xff, 0xff, 0xff, 0xff, 0xff,
    0xff, 0xff, 0xff, 0xff, 0xf4, 0xf, 0xff, 0xff,
    0xff, 0xff, 0xff, 0xff, 0xff, 0xff, 0xff, 0x30,
    0xff, 0xff, 0xff, 0xff, 0xff, 0xff, 0xff, 0xff,
    0xff, 0xf3, 0x0, 0x0, 0x0, 0x0, 0x0, 0x0,
    0x0, 0xb, 0xff, 0xff, 0x20, 0x0, 0x0, 0x0,
    0x0, 0x0, 0x0, 0x0, 0xbf, 0xff, 0xf2, 0x0,
    0x0, 0x0, 0x0, 0x0, 0x0, 0x0, 0xb, 0xff,
    0xff, 0x10, 0x0, 0x0, 0x0, 0x0, 0x0, 0x0,
    0x0, 0xbf, 0xff, 0xf1, 0x0, 0x0, 0x0, 0x0,
    0x0, 0x0, 0x0, 0xb, 0xff, 0xff, 0x0, 0x0,
    0x0, 0x0, 0x0, 0x0, 0x0, 0x0, 0x9d, 0xdd,
    0xd0,

    /* U+0447 "ч" */
    0x7f, 0xff, 0xfa, 0x0, 0x0, 0x1, 0xff, 0xff,
    0xf7, 0xff, 0xff, 0xa0, 0x0, 0x0, 0x1f, 0xff,
    0xff, 0x7f, 0xff, 0xfa, 0x0, 0x0, 0x1, 0xff,
    0xff, 0xf7, 0xff, 0xff, 0xa0, 0x0, 0x0, 0x1f,
    0xff, 0xff, 0x7f, 0xff, 0xfa, 0x0, 0x0, 0x1,
    0xff, 0xff, 0xf7, 0xff, 0xff, 0xa0, 0x0, 0x0,
    0x1f, 0xff, 0xff, 0x6f, 0xff, 0xfa, 0x0, 0x0,
    0x1, 0xff, 0xff, 0xf5, 0xff, 0xff, 0xb0, 0x0,
    0x0, 0x1f, 0xff, 0xff, 0x3f, 0xff, 0xff, 0x10,
    0x0, 0x1, 0xff, 0xff, 0xf0, 0xef, 0xff, 0xfe,
    0x74, 0x45, 0x8f, 0xff, 0xff, 0x7, 0xff, 0xff,
    0xff, 0xff, 0xff, 0xff, 0xff, 0xf0, 0xb, 0xff,
    0xff, 0xff, 0xff, 0xff, 0xff, 0xff, 0x0, 0x8,
    0xff, 0xff, 0xff, 0xff, 0xff, 0xff, 0xf0, 0x0,
    0x1, 0x7b, 0xef, 0xfe, 0xcf, 0xff, 0xff, 0x0,
    0x0, 0x0, 0x0, 0x0, 0x1, 0xff, 0xff, 0xf0,
    0x0, 0x0, 0x0, 0x0, 0x0, 0x1f, 0xff, 0xff,
    0x0, 0x0, 0x0, 0x0, 0x0, 0x1, 0xff, 0xff,
    0xf0, 0x0, 0x0, 0x0, 0x0, 0x0, 0x1f, 0xff,
    0xff, 0x0, 0x0, 0x0, 0x0, 0x0, 0x1, 0xff,
    0xff, 0xf0, 0x0, 0x0, 0x0, 0x0, 0x0, 0x1f,
    0xff, 0xff,

    /* U+0448 "ш" */
    0xf, 0xff, 0xff, 0x0, 0x0, 0xb, 0xff, 0xff,
    0x50, 0x0, 0x6, 0xff, 0xff, 0xa0, 0xff, 0xff,
    0xf0, 0x0, 0x0, 0xbf, 0xff, 0xf5, 0x0, 0x0,
    0x6f, 0xff, 0xfa, 0xf, 0xff, 0xff, 0x0, 0x0,
    0xb, 0xff, 0xff, 0x50, 0x0, 0x6, 0xff, 0xff,
    0xa0, 0xff, 0xff, 0xf0, 0x0, 0x0, 0xbf, 0xff,
    0xf5, 0x0, 0x0, 0x6f, 0xff, 0xfa, 0xf, 0xff,
    0xff, 0x0, 0x0, 0xb, 0xff, 0xff, 0x50, 0x0,
    0x6, 0xff, 0xff, 0xa0, 0xff, 0xff, 0xf0, 0x0,
    0x0, 0xbf, 0xff, 0xf5, 0x0, 0x0, 0x6f, 0xff,
    0xfa, 0xf, 0xff, 0xff, 0x0, 0x0, 0xb, 0xff,
    0xff, 0x50, 0x0, 0x6, 0xff, 0xff, 0xa0, 0xff,
    0xff, 0xf0, 0x0, 0x0, 0xbf, 0xff, 0xf5, 0x0,
    0x0, 0x6f, 0xff, 0xfa, 0xf, 0xff, 0xff, 0x0,
    0x0, 0xb, 0xff, 0xff, 0x50, 0x0, 0x6, 0xff,
    0xff, 0xa0, 0xff, 0xff, 0xf0, 0x0, 0x0, 0xbf,
    0xff, 0xf5, 0x0, 0x0, 0x6f, 0xff, 0xfa, 0xf,
    0xff, 0xff, 0x0, 0x0, 0xb, 0xff, 0xff, 0x50,
    0x0, 0x6, 0xff, 0xff, 0xa0, 0xff, 0xff, 0xf0,
    0x0, 0x0, 0xbf, 0xff, 0xf5, 0x0, 0x0, 0x6f,
    0xff, 0xfa, 0xf, 0xff, 0xff, 0x0, 0x0, 0xb,
    0xff, 0xff, 0x50, 0x0, 0x6, 0xff, 0xff, 0xa0,
    0xff, 0xff, 0xf0, 0x0, 0x0, 0xbf, 0xff, 0xf5,
    0x0, 0x0, 0x6f, 0xff, 0xfa, 0xf, 0xff, 0xff,
    0x0, 0x0, 0xb, 0xff, 0xff, 0x50, 0x0, 0x6,
    0xff, 0xff, 0xa0, 0xff, 0xff, 0xf4, 0x33, 0x33,
    0xcf, 0xff, 0xf7, 0x33, 0x33, 0x8f, 0xff, 0xfa,
    0xf, 0xff, 0xff, 0xff, 0xff, 0xff, 0xff, 0xff,
    0xff, 0xff, 0xff, 0xff, 0xff, 0xa0, 0xff, 0xff,
    0xff, 0xff, 0xff, 0xff, 0xff, 0xff, 0xff, 0xff,
    0xff, 0xff, 0xfa, 0xf, 0xff, 0xff, 0xff, 0xff,
    0xff, 0xff, 0xff, 0xff, 0xff, 0xff, 0xff, 0xff,
    0xa0, 0xff, 0xff, 0xff, 0xff, 0xff, 0xff, 0xff,
    0xff, 0xff, 0xff, 0xff, 0xff, 0xfa,

    /* U+0449 "щ" */
    0x1f, 0xff, 0xff, 0x0, 0x0, 0xc, 0xff, 0xff,
    0x40, 0x0, 0x7, 0xff, 0xff, 0x90, 0x0, 0x1,
    0xff, 0xff, 0xf0, 0x0, 0x0, 0xcf, 0xff, 0xf4,
    0x0, 0x0, 0x7f, 0xff, 0xf9, 0x0, 0x0, 0x1f,
    0xff, 0xff, 0x0, 0x0, 0xc, 0xff, 0xff, 0x40,
    0x0, 0x7, 0xff, 0xff, 0x90, 0x0, 0x1, 0xff,
    0xff, 0xf0, 0x0, 0x0, 0xcf, 0xff, 0xf4, 0x0,
    0x0, 0x7f, 0xff, 0xf9, 0x0, 0x0, 0x1f, 0xff,
    0xff, 0x0, 0x0, 0xc, 0xff, 0xff, 0x40, 0x0,
    0x7, 0xff, 0xff, 0x90, 0x0, 0x1, 0xff, 0xff,
    0xf0, 0x0, 0x0, 0xcf, 0xff, 0xf4, 0x0, 0x0,
    0x7f, 0xff, 0xf9, 0x0, 0x0, 0x1f, 0xff, 0xff,
    0x0, 0x0, 0xc, 0xff, 0xff, 0x40, 0x0, 0x7,
    0xff, 0xff, 0x90, 0x0, 0x1, 0xff, 0xff, 0xf0,
    0x0, 0x0, 0xcf, 0xff, 0xf4, 0x0, 0x0, 0x7f,
    0xff, 0xf9, 0x0, 0x0, 0x1f, 0xff, 0xff, 0x0,
    0x0, 0xc, 0xff, 0xff, 0x40, 0x0, 0x7, 0xff,
    0xff, 0x90, 0x0, 0x1, 0xff, 0xff, 0xf0, 0x0,
    0x0, 0xcf, 0xff, 0xf4, 0x0, 0x0, 0x7f, 0xff,
    0xf9, 0x0, 0x0, 0x1f, 0xff, 0xff, 0x0, 0x0,
    0xc, 0xff, 0xff, 0x40, 0x0, 0x7, 0xff, 0xff,
    0x90, 0x0, 0x1, 0xff, 0xff, 0xf0, 0x0, 0x0,
    0xcf, 0xff, 0xf4, 0x0, 0x0, 0x7f, 0xff, 0xf9,
    0x0, 0x0, 0x1f, 0xff, 0xff, 0x0, 0x0, 0xc,
    0xff, 0xff, 0x40, 0x0, 0x7, 0xff, 0xff, 0x90,
    0x0, 0x1, 0xff, 0xff, 0xf0, 0x0, 0x0, 0xcf,
    0xff, 0xf4, 0x0, 0x0, 0x7f, 0xff, 0xf9, 0x0,
    0x0, 0x1f, 0xff, 0xff, 0x0, 0x0, 0xc, 0xff,
    0xff, 0x40, 0x0, 0x7, 0xff, 0xff, 0x90, 0x0,
    0x1, 0xff, 0xff, 0xf3, 0x33, 0x33, 0xdf, 0xff,
    0xf7, 0x33, 0x33, 0x9f, 0xff, 0xfb, 0x33, 0x31,
    0x1f, 0xff, 0xff, 0xff, 0xff, 0xff, 0xff, 0xff,
    0xff, 0xff, 0xff, 0xff, 0xff, 0xff, 0xff, 0x51,
    0xff, 0xff, 0xff, 0xff, 0xff, 0xff, 0xff, 0xff,
    0xff, 0xff, 0xff, 0xff, 0xff, 0xff, 0xf5, 0x1f,
    0xff, 0xff, 0xff, 0xff, 0xff, 0xff, 0xff, 0xff,
    0xff, 0xff, 0xff, 0xff, 0xff, 0xff, 0x41, 0xff,
    0xff, 0xff, 0xff, 0xff, 0xff, 0xff, 0xff, 0xff,
    0xff, 0xff, 0xff, 0xff, 0xff, 0xf3, 0x0, 0x0,
    0x0, 0x0, 0x0, 0x0, 0x0, 0x0, 0x0, 0x0,
    0x0, 0x0, 0xb, 0xff, 0xff, 0x30, 0x0, 0x0,
    0x0, 0x0, 0x0, 0x0, 0x0, 0x0, 0x0, 0x0,
    0x0, 0x0, 0xbf, 0xff, 0xf2, 0x0, 0x0, 0x0,
    0x0, 0x0, 0x0, 0x0, 0x0, 0x0, 0x0, 0x0,
    0x0, 0xb, 0xff, 0xff, 0x20, 0x0, 0x0, 0x0,
    0x0, 0x0, 0x0, 0x0, 0x0, 0x0, 0x0, 0x0,
    0x0, 0xbf, 0xff, 0xf1, 0x0, 0x0, 0x0, 0x0,
    0x0, 0x0, 0x0, 0x0, 0x0, 0x0, 0x0, 0x0,
    0xb, 0xff, 0xff, 0x10, 0x0, 0x0, 0x0, 0x0,
    0x0, 0x0, 0x0, 0x0, 0x0, 0x0, 0x0, 0x0,
    0x9d, 0xdd, 0xd0,

    /* U+044A "ъ" */
    0x6f, 0xff, 0xff, 0xff, 0xff, 0xf1, 0x0, 0x0,
    0x0, 0x0, 0x0, 0x6, 0xff, 0xff, 0xff, 0xff,
    0xff, 0x10, 0x0, 0x0, 0x0, 0x0, 0x0, 0x6f,
    0xff, 0xff, 0xff, 0xff, 0xf1, 0x0, 0x0, 0x0,
    0x0, 0x0, 0x6, 0xff, 0xff, 0xff, 0xff, 0xff,
    0x10, 0x0, 0x0, 0x0, 0x0, 0x0, 0x14, 0x44,
    0x44, 0xff, 0xff, 0xf1, 0x0, 0x0, 0x0, 0x0,
    0x0, 0x0, 0x0, 0x0, 0xf, 0xff, 0xff, 0x10,
    0x0, 0x0, 0x0, 0x0, 0x0, 0x0, 0x0, 0x0,
    0xff, 0xff, 0xff, 0xff, 0xff, 0xeb, 0x60, 0x0,
    0x0, 0x0, 0x0, 0xf, 0xff, 0xff, 0xff, 0xff,
    0xff, 0xff, 0xe4, 0x0, 0x0, 0x0, 0x0, 0xff,
    0xff, 0xff, 0xff, 0xff, 0xff, 0xff, 0xf4, 0x0,
    0x0, 0x0, 0xf, 0xff, 0xff, 0xff, 0xff, 0xff,
    0xff, 0xff, 0xe1, 0x0, 0x0, 0x0, 0xff, 0xff,
    0xf4, 0x33, 0x34, 0xaf, 0xff, 0xff, 0x70, 0x0,
    0x0, 0xf, 0xff, 0xff, 0x10, 0x0, 0x0, 0x9f,
    0xff, 0xfb, 0x0, 0x0, 0x0, 0xff, 0xff, 0xf1,
    0x0, 0x0, 0x3, 0xff, 0xff, 0xd0, 0x0, 0x0,
    0xf, 0xff, 0xff, 0x10, 0x0, 0x0, 0x3f, 0xff,
    0xfd, 0x0, 0x0, 0x0, 0xff, 0xff, 0xf1, 0x0,
    0x0, 0x9, 0xff, 0xff, 0xb0, 0x0, 0x0, 0xf,
    0xff, 0xff, 0x43, 0x33, 0x5a, 0xff, 0xff, 0xf7,
    0x0, 0x0, 0x0, 0xff, 0xff, 0xff, 0xff, 0xff,
    0xff, 0xff, 0xfe, 0x0, 0x0, 0x0, 0xf, 0xff,
    0xff, 0xff, 0xff, 0xff, 0xff, 0xff, 0x40, 0x0,
    0x0, 0x0, 0xff, 0xff, 0xff, 0xff, 0xff, 0xff,
    0xfd, 0x30, 0x0, 0x0, 0x0, 0xf, 0xff, 0xff,
    0xff, 0xff, 0xfd, 0xa5, 0x0, 0x0,

    /* U+044B "ы" */
    0xbf, 0xff, 0xf6, 0x0, 0x0, 0x0, 0x0, 0x0,
    0x0, 0x0, 0xcf, 0xff, 0xf4, 0xbf, 0xff, 0xf6,
    0x0, 0x0, 0x0, 0x0, 0x0, 0x0, 0x0, 0xcf,
    0xff, 0xf4, 0xbf, 0xff, 0xf6, 0x0, 0x0, 0x0,
    0x0, 0x0, 0x0, 0x0, 0xcf, 0xff, 0xf4, 0xbf,
    0xff, 0xf6, 0x0, 0x0, 0x0, 0x0, 0x0, 0x0,
    0x0, 0xcf, 0xff, 0xf4, 0xbf, 0xff, 0xf6, 0x0,
    0x0, 0x0, 0x0, 0x0, 0x0, 0x0, 0xcf, 0xff,
    0xf4, 0xbf, 0xff, 0xf6, 0x0, 0x0, 0x0, 0x0,
    0x0, 0x0, 0x0, 0xcf, 0xff, 0xf4, 0xbf, 0xff,
    0xff, 0xff, 0xff, 0xec, 0x81, 0x0, 0x0, 0x0,
    0xcf, 0xff, 0xf4, 0xbf, 0xff, 0xff, 0xff, 0xff,
    0xff, 0xff, 0x70, 0x0, 0x0, 0xcf, 0xff, 0xf4,
    0xbf, 0xff, 0xff, 0xff, 0xff, 0xff, 0xff, 0xf9,
    0x0, 0x0, 0xcf, 0xff, 0xf4, 0xbf, 0xff, 0xff,
    0xff, 0xff, 0xff, 0xff, 0xff, 0x40, 0x0, 0xcf,
    0xff, 0xf4, 0xbf, 0xff, 0xf8, 0x33, 0x34, 0x7f,
    0xff, 0xff, 0xc0, 0x0, 0xcf, 0xff, 0xf4, 0xbf,
    0xff, 0xf6, 0x0, 0x0, 0x5, 0xff, 0xff, 0xf0,
    0x0, 0xcf, 0xff, 0xf4, 0xbf, 0xff, 0xf6, 0x0,
    0x0, 0x0, 0xff, 0xff, 0xf2, 0x0, 0xcf, 0xff,
    0xf4, 0xbf, 0xff, 0xf6, 0x0, 0x0, 0x0, 0xff,
    0xff, 0xf2, 0x0, 0xcf, 0xff, 0xf4, 0xbf, 0xff,
    0xf6, 0x0, 0x0, 0x4, 0xff, 0xff, 0xf0, 0x0,
    0xcf, 0xff, 0xf4, 0xbf, 0xff, 0xf8, 0x33, 0x34,
    0x7f, 0xff, 0xff, 0xb0, 0x0, 0xcf, 0xff, 0xf4,
    0xbf, 0xff, 0xff, 0xff, 0xff, 0xff, 0xff, 0xff,
    0x40, 0x0, 0xcf, 0xff, 0xf4, 0xbf, 0xff, 0xff,
    0xff, 0xff, 0xff, 0xff, 0xf8, 0x0, 0x0, 0xcf,
    0xff, 0xf4, 0xbf, 0xff, 0xff, 0xff, 0xff, 0xff,
    0xff, 0x60, 0x0, 0x0, 0xcf, 0xff, 0xf4, 0xbf,
    0xff, 0xff, 0xff, 0xff, 0xeb, 0x71, 0x0, 0x0,
    0x0, 0xcf, 0xff, 0xf4,

    /* U+044C "ь" */
    0xbf, 0xff, 0xf6, 0x0, 0x0, 0x0, 0x0, 0x0,
    0x0, 0xbf, 0xff, 0xf6, 0x0, 0x0, 0x0, 0x0,
    0x0, 0x0, 0xbf, 0xff, 0xf6, 0x0, 0x0, 0x0,
    0x0, 0x0, 0x0, 0xbf, 0xff, 0xf6, 0x0, 0x0,
    0x0, 0x0, 0x0, 0x0, 0xbf, 0xff, 0xf6, 0x0,
    0x0, 0x0, 0x0, 0x0, 0x0, 0xbf, 0xff, 0xf6,
    0x0, 0x0, 0x0, 0x0, 0x0, 0x0, 0xbf, 0xff,
    0xff, 0xff, 0xff, 0xec, 0x81, 0x0, 0x0, 0xbf,
    0xff, 0xff, 0xff, 0xff, 0xff, 0xff, 0x70, 0x0,
    0xbf, 0xff, 0xff, 0xff, 0xff, 0xff, 0xff, 0xf9,
    0x0, 0xbf, 0xff, 0xff, 0xff, 0xff, 0xff, 0xff,
    0xff, 0x40, 0xbf, 0xff, 0xf8, 0x33, 0x34, 0x7f,
    0xff, 0xff, 0xc0, 0xbf, 0xff, 0xf6, 0x0, 0x0,
    0x5, 0xff, 0xff, 0xf0, 0xbf, 0xff, 0xf6, 0x0,
    0x0, 0x0, 0xff, 0xff, 0xf2, 0xbf, 0xff, 0xf6,
    0x0, 0x0, 0x0, 0xff, 0xff, 0xf2, 0xbf, 0xff,
    0xf6, 0x0, 0x0, 0x4, 0xff, 0xff, 0xf0, 0xbf,
    0xff, 0xf8, 0x33, 0x34, 0x7f, 0xff, 0xff, 0xb0,
    0xbf, 0xff, 0xff, 0xff, 0xff, 0xff, 0xff, 0xff,
    0x40, 0xbf, 0xff, 0xff, 0xff, 0xff, 0xff, 0xff,
    0xf8, 0x0, 0xbf, 0xff, 0xff, 0xff, 0xff, 0xff,
    0xff, 0x60, 0x0, 0xbf, 0xff, 0xff, 0xff, 0xff,
    0xeb, 0x71, 0x0, 0x0,

    /* U+044D "э" */
    0x0, 0x0, 0x5a, 0xef, 0xfd, 0xa5, 0x0, 0x0,
    0x0, 0x3, 0xdf, 0xff, 0xff, 0xff, 0xfc, 0x20,
    0x0, 0x3, 0xff, 0xff, 0xff, 0xff, 0xff, 0xfe,
    0x20, 0x0, 0xef, 0xff, 0xff, 0xff, 0xff, 0xff,
    0xfd, 0x0, 0x7f, 0xff, 0xff, 0x84, 0x49, 0xff,
    0xff, 0xf7, 0xb, 0xff, 0xff, 0x40, 0x0, 0x6,
    0xff, 0xff, 0xe0, 0xac, 0xcc, 0xc0, 0x0, 0x0,
    0xd, 0xff, 0xff, 0x30, 0x0, 0x0, 0x0, 0x0,
    0x0, 0x9f, 0xff, 0xf7, 0x0, 0x0, 0x0, 0x9f,
    0xff, 0xff, 0xff, 0xff, 0x90, 0x0, 0x0, 0x9,
    0xff, 0xff, 0xff, 0xff, 0xfa, 0x0, 0x0, 0x0,
    0x9f, 0xff, 0xff, 0xff, 0xff, 0xa0, 0x0, 0x0,
    0x1, 0x33, 0x33, 0xaf, 0xff, 0xf9, 0xac, 0xcc,
    0xc0, 0x0, 0x0, 0xb, 0xff, 0xff, 0x7c, 0xff,
    0xff, 0x10, 0x0, 0x1, 0xff, 0xff, 0xf3, 0x9f,
    0xff, 0xf9, 0x0, 0x0, 0x8f, 0xff, 0xfe, 0x4,
    0xff, 0xff, 0xf9, 0x44, 0x9f, 0xff, 0xff, 0x70,
    0xc, 0xff, 0xff, 0xff, 0xff, 0xff, 0xff, 0xd0,
    0x0, 0x2e, 0xff, 0xff, 0xff, 0xff, 0xff, 0xe3,
    0x0, 0x0, 0x2d, 0xff, 0xff, 0xff, 0xff, 0xc2,
    0x0, 0x0, 0x0, 0x5, 0xae, 0xff, 0xda, 0x50,
    0x0, 0x0,

    /* U+044E "ю" */
    0xaf, 0xff, 0xf7, 0x0, 0x0, 0x0, 0x5, 0xae,
    0xff, 0xdb, 0x60, 0x0, 0x0, 0xa, 0xff, 0xff,
    0x70, 0x0, 0x0, 0x3d, 0xff, 0xff, 0xff, 0xff,
    0xe5, 0x0, 0x0, 0xaf, 0xff, 0xf7, 0x0, 0x0,
    0x4f, 0xff, 0xff, 0xff, 0xff, 0xff, 0xf6, 0x0,
    0xa, 0xff, 0xff, 0x70, 0x0, 0x2f, 0xff, 0xff,
    0xff, 0xff, 0xff, 0xff, 0xf3, 0x0, 0xaf, 0xff,
    0xf7, 0x0, 0xb, 0xff, 0xff, 0xf8, 0x44, 0x8f,
    0xff, 0xff, 0xc0, 0xa, 0xff, 0xff, 0x70, 0x2,
    0xff, 0xff, 0xf4, 0x0, 0x0, 0x3f, 0xff, 0xff,
    0x40, 0xaf, 0xff, 0xf7, 0x0, 0x7f, 0xff, 0xfc,
    0x0, 0x0, 0x0, 0xbf, 0xff, 0xf9, 0xa, 0xff,
    0xff, 0x94, 0x4c, 0xff, 0xff, 0x70, 0x0, 0x0,
    0x5, 0xff, 0xff, 0xd0, 0xaf, 0xff, 0xff, 0xff,
    0xff, 0xff, 0xf4, 0x0, 0x0, 0x0, 0x2f, 0xff,
    0xff, 0xa, 0xff, 0xff, 0xff, 0xff, 0xff, 0xff,
    0x20, 0x0, 0x0, 0x1, 0xff, 0xff, 0xf0, 0xaf,
    0xff, 0xff, 0xff, 0xff, 0xff, 0xf2, 0x0, 0x0,
    0x0, 0x1f, 0xff, 0xff, 0xa, 0xff, 0xff, 0xff,
    0xff, 0xff, 0xff, 0x40, 0x0, 0x0, 0x2, 0xff,
    0xff, 0xf0, 0xaf, 0xff, 0xf7, 0x0, 0xbf, 0xff,
    0xf6, 0x0, 0x0, 0x0, 0x5f, 0xff, 0xfd, 0xa,
    0xff, 0xff, 0x70, 0x8, 0xff, 0xff, 0xc0, 0x0,
    0x0, 0xa, 0xff, 0xff, 0x90, 0xaf, 0xff, 0xf7,
    0x0, 0x2f, 0xff, 0xff, 0x40, 0x0, 0x3, 0xff,
    0xff, 0xf4, 0xa, 0xff, 0xff, 0x70, 0x0, 0xbf,
    0xff, 0xff, 0x84, 0x47, 0xff, 0xff, 0xfd, 0x0,
    0xaf, 0xff, 0xf7, 0x0, 0x2, 0xff, 0xff, 0xff,
    0xff, 0xff, 0xff, 0xff, 0x30, 0xa, 0xff, 0xff,
    0x70, 0x0, 0x5, 0xff, 0xff, 0xff, 0xff, 0xff,
    0xff, 0x60, 0x0, 0xaf, 0xff, 0xf7, 0x0, 0x0,
    0x3, 0xef, 0xff, 0xff, 0xff, 0xfe, 0x50, 0x0,
    0xa, 0xff, 0xff, 0x70, 0x0, 0x0, 0x0, 0x5a,
    0xdf, 0xfe, 0xb6, 0x0, 0x0, 0x0,

    /* U+044F "я" */
    0x0, 0x0, 0x4, 0x9d, 0xef, 0xff, 0xff, 0xff,
    0xfd, 0x0, 0x2, 0xcf, 0xff, 0xff, 0xff, 0xff,
    0xff, 0xfd, 0x0, 0x2e, 0xff, 0xff, 0xff, 0xff,
    0xff, 0xff, 0xfd, 0x0, 0xdf, 0xff, 0xff, 0xff,
    0xff, 0xff, 0xff, 0xfd, 0x4, 0xff, 0xff, 0xfc,
    0x53, 0x33, 0x6f, 0xff, 0xfd, 0x9, 0xff, 0xff,
    0xd0, 0x0, 0x0, 0x4f, 0xff, 0xfd, 0xa, 0xff,
    0xff, 0x70, 0x0, 0x0, 0x4f, 0xff, 0xfd, 0x9,
    0xff, 0xff, 0x90, 0x0, 0x0, 0x4f, 0xff, 0xfd,
    0x6, 0xff, 0xff, 0xf3, 0x0, 0x0, 0x4f, 0xff,
    0xfd, 0x0, 0xef, 0xff, 0xff, 0xca, 0xaa, 0xcf,
    0xff, 0xfd, 0x0, 0x4f, 0xff, 0xff, 0xff, 0xff,
    0xff, 0xff, 0xfd, 0x0, 0x3, 0xdf, 0xff, 0xff,
    0xff, 0xff, 0xff, 0xfd, 0x0, 0x0, 0x5f, 0xff,
    0xff, 0xff, 0xff, 0xff, 0xfd, 0x0, 0x0, 0xdf,
    0xff, 0xf4, 0x0, 0x4f, 0xff, 0xfd, 0x0, 0x6,
    0xff, 0xff, 0xc0, 0x0, 0x4f, 0xff, 0xfd, 0x0,
    0xe, 0xff, 0xff, 0x30, 0x0, 0x4f, 0xff, 0xfd,
    0x0, 0x6f, 0xff, 0xfb, 0x0, 0x0, 0x4f, 0xff,
    0xfd, 0x0, 0xef, 0xff, 0xf3, 0x0, 0x0, 0x4f,
    0xff, 0xfd, 0x7, 0xff, 0xff, 0xa0, 0x0, 0x0,
    0x4f, 0xff, 0xfd, 0x1f, 0xff, 0xff, 0x20, 0x0,
    0x0, 0x4f, 0xff, 0xfd,

    /* U+0451 "ё" */
    0x0, 0x4d, 0xfa, 0x0, 0x0, 0x9, 0xee, 0x50,
    0x0, 0x0, 0xef, 0xff, 0x80, 0x0, 0x6f, 0xff,
    0xf1, 0x0, 0x1, 0xff, 0xff, 0xa0, 0x0, 0x8f,
    0xff, 0xf3, 0x0, 0x0, 0xcf, 0xff, 0x50, 0x0,
    0x3f, 0xff, 0xd0, 0x0, 0x0, 0x7, 0x84, 0x0,
    0x0, 0x3, 0x87, 0x10, 0x0, 0x0, 0x0, 0x0,
    0x0, 0x0, 0x0, 0x0, 0x0, 0x0, 0x0, 0x0,
    0x4, 0x9d, 0xff, 0xeb, 0x60, 0x0, 0x0, 0x0,
    0x1, 0xbf, 0xff, 0xff, 0xff, 0xfe, 0x40, 0x0,
    0x0, 0x1d, 0xff, 0xff, 0xff, 0xff, 0xff, 0xf4,
    0x0, 0x0, 0xcf, 0xff, 0xff, 0xff, 0xff, 0xff,
    0xfe, 0x10, 0x7, 0xff, 0xff, 0xf9, 0x44, 0x7f,
    0xff, 0xff, 0x80, 0xe, 0xff, 0xff, 0x80, 0x0,
    0x2, 0xff, 0xff, 0xe0, 0x3f, 0xff, 0xfe, 0x0,
    0x0, 0x0, 0xaf, 0xff, 0xf3, 0x7f, 0xff, 0xf9,
    0x0, 0x0, 0x0, 0x7f, 0xff, 0xf6, 0x9f, 0xff,
    0xff, 0xff, 0xff, 0xff, 0xff, 0xff, 0xf7, 0xaf,
    0xff, 0xff, 0xff, 0xff, 0xff, 0xff, 0xff, 0xf8,
    0xbf, 0xff, 0xff, 0xff, 0xff, 0xff, 0xff, 0xff,
    0xf8, 0xaf, 0xff, 0xfc, 0x99, 0x99, 0x99, 0x99,
    0x99, 0x95, 0x8f, 0xff, 0xfb, 0x0, 0x0, 0x0,
    0x0, 0x0, 0x0, 0x4f, 0xff, 0xff, 0x20, 0x0,
    0x0, 0x0, 0x20, 0x0, 0xe, 0xff, 0xff, 0xc0,
    0x0, 0x0, 0x5, 0xf6, 0x0, 0x7, 0xff, 0xff,
    0xfe, 0x74, 0x46, 0xbf, 0xff, 0x40, 0x0, 0xcf,
    0xff, 0xff, 0xff, 0xff, 0xff, 0xff, 0xe0, 0x0,
    0x1d, 0xff, 0xff, 0xff, 0xff, 0xff, 0xff, 0x30,
    0x0, 0x1, 0xaf, 0xff, 0xff, 0xff, 0xff, 0xc2,
    0x0, 0x0, 0x0, 0x2, 0x8c, 0xef, 0xfd, 0xa5,
    0x0, 0x0
};


/*---------------------
 *  GLYPH DESCRIPTION
 *--------------------*/

static const lv_font_fmt_txt_glyph_dsc_t glyph_dsc[] = {
    {.bitmap_index = 0, .adv_w = 0, .box_w = 0, .box_h = 0, .ofs_x = 0, .ofs_y = 0} /* id = 0 reserved */,
    {.bitmap_index = 0, .adv_w = 143, .box_w = 0, .box_h = 0, .ofs_x = 0, .ofs_y = 0},
    {.bitmap_index = 0, .adv_w = 157, .box_w = 6, .box_h = 26, .ofs_x = 2, .ofs_y = 0},
    {.bitmap_index = 78, .adv_w = 185, .box_w = 10, .box_h = 10, .ofs_x = 1, .ofs_y = 18},
    {.bitmap_index = 128, .adv_w = 343, .box_w = 20, .box_h = 26, .ofs_x = 1, .ofs_y = 0},
    {.bitmap_index = 388, .adv_w = 330, .box_w = 18, .box_h = 35, .ofs_x = 1, .ofs_y = -4},
    {.bitmap_index = 703, .adv_w = 425, .box_w = 25, .box_h = 26, .ofs_x = 1, .ofs_y = 0},
    {.bitmap_index = 1028, .adv_w = 378, .box_w = 23, .box_h = 26, .ofs_x = 1, .ofs_y = 0},
    {.bitmap_index = 1327, .adv_w = 93, .box_w = 4, .box_h = 10, .ofs_x = 1, .ofs_y = 18},
    {.bitmap_index = 1347, .adv_w = 202, .box_w = 10, .box_h = 39, .ofs_x = 2, .ofs_y = -9},
    {.bitmap_index = 1542, .adv_w = 203, .box_w = 11, .box_h = 39, .ofs_x = 0, .ofs_y = -9},
    {.bitmap_index = 1757, .adv_w = 261, .box_w = 17, .box_h = 17, .ofs_x = 0, .ofs_y = 9},
    {.bitmap_index = 1902, .adv_w = 314, .box_w = 18, .box_h = 20, .ofs_x = 1, .ofs_y = 3},
    {.bitmap_index = 2082, .adv_w = 141, .box_w = 7, .box_h = 12, .ofs_x = 0, .ofs_y = -8},
    {.bitmap_index = 2124, .adv_w = 224, .box_w = 11, .box_h = 5, .ofs_x = 1, .ofs_y = 9},
    {.bitmap_index = 2152, .adv_w = 168, .box_w = 6, .box_h = 6, .ofs_x = 2, .ofs_y = 0},
    {.bitmap_index = 2170, .adv_w = 215, .box_w = 14, .box_h = 29, .ofs_x = -1, .ofs_y = -3},
    {.bitmap_index = 2373, .adv_w = 330, .box_w = 18, .box_h = 26, .ofs_x = 1, .ofs_y = 0},
    {.bitmap_index = 2607, .adv_w = 330, .box_w = 13, .box_h = 26, .ofs_x = 2, .ofs_y = 0},
    {.bitmap_index = 2776, .adv_w = 330, .box_w = 19, .box_h = 26, .ofs_x = 1, .ofs_y = 0},
    {.bitmap_index = 3023, .adv_w = 330, .box_w = 18, .box_h = 26, .ofs_x = 1, .ofs_y = 0},
    {.bitmap_index = 3257, .adv_w = 330, .box_w = 20, .box_h = 26, .ofs_x = 0, .ofs_y = 0},
    {.bitmap_index = 3517, .adv_w = 330, .box_w = 19, .box_h = 26, .ofs_x = 1, .ofs_y = 0},
    {.bitmap_index = 3764, .adv_w = 330, .box_w = 19, .box_h = 26, .ofs_x = 1, .ofs_y = 0},
    {.bitmap_index = 4011, .adv_w = 330, .box_w = 19, .box_h = 26, .ofs_x = 1, .ofs_y = 0},
    {.bitmap_index = 4258, .adv_w = 330, .box_w = 18, .box_h = 26, .ofs_x = 1, .ofs_y = 0},
    {.bitmap_index = 4492, .adv_w = 330, .box_w = 18, .box_h = 26, .ofs_x = 1, .ofs_y = 0},
    {.bitmap_index = 4726, .adv_w = 163, .box_w = 6, .box_h = 20, .ofs_x = 2, .ofs_y = 0},
    {.bitmap_index = 4786, .adv_w = 151, .box_w = 7, .box_h = 27, .ofs_x = 1, .ofs_y = -7},
    {.bitmap_index = 4881, .adv_w = 293, .box_w = 17, .box_h = 19, .ofs_x = 0, .ofs_y = 2},
    {.bitmap_index = 5043, .adv_w = 330, .box_w = 17, .box_h = 12, .ofs_x = 2, .ofs_y = 6},
    {.bitmap_index = 5145, .adv_w = 298, .box_w = 16, .box_h = 19, .ofs_x = 2, .ofs_y = 2},
    {.bitmap_index = 5297, .adv_w = 287, .box_w = 17, .box_h = 26, .ofs_x = 0, .ofs_y = 0},
    {.bitmap_index = 5518, .adv_w = 516, .box_w = 30, .box_h = 34, .ofs_x = 1, .ofs_y = -8},
    {.bitmap_index = 6028, .adv_w = 388, .box_w = 25, .box_h = 26, .ofs_x = 0, .ofs_y = 0},
    {.bitmap_index = 6353, .adv_w = 368, .box_w = 20, .box_h = 26, .ofs_x = 2, .ofs_y = 0},
    {.bitmap_index = 6613, .adv_w = 377, .box_w = 22, .box_h = 26, .ofs_x = 1, .ofs_y = 0},
    {.bitmap_index = 6899, .adv_w = 375, .box_w = 20, .box_h = 26, .ofs_x = 2, .ofs_y = 0},
    {.bitmap_index = 7159, .adv_w = 324, .box_w = 18, .box_h = 26, .ofs_x = 2, .ofs_y = 0},
    {.bitmap_index = 7393, .adv_w = 316, .box_w = 17, .box_h = 26, .ofs_x = 2, .ofs_y = 0},
    {.bitmap_index = 7614, .adv_w = 392, .box_w = 22, .box_h = 26, .ofs_x = 1, .ofs_y = 0},
    {.bitmap_index = 7900, .adv_w = 407, .box_w = 22, .box_h = 26, .ofs_x = 2, .ofs_y = 0},
    {.bitmap_index = 8186, .adv_w = 168, .box_w = 6, .box_h = 26, .ofs_x = 2, .ofs_y = 0},
    {.bitmap_index = 8264, .adv_w = 322, .box_w = 18, .box_h = 26, .ofs_x = 0, .ofs_y = 0},
    {.bitmap_index = 8498, .adv_w = 366, .box_w = 22, .box_h = 26, .ofs_x = 2, .ofs_y = 0},
    {.bitmap_index = 8784, .adv_w = 312, .box_w = 17, .box_h = 26, .ofs_x = 2, .ofs_y = 0},
    {.bitmap_index = 9005, .adv_w = 505, .box_w = 28, .box_h = 26, .ofs_x = 2, .ofs_y = 0},
    {.bitmap_index = 9369, .adv_w = 407, .box_w = 22, .box_h = 26, .ofs_x = 2, .ofs_y = 0},
    {.bitmap_index = 9655, .adv_w = 398, .box_w = 23, .box_h = 26, .ofs_x = 1, .ofs_y = 0},
    {.bitmap_index = 9954, .adv_w = 372, .box_w = 20, .box_h = 26, .ofs_x = 2, .ofs_y = 0},
    {.bitmap_index = 10214, .adv_w = 398, .box_w = 23, .box_h = 31, .ofs_x = 1, .ofs_y = -5},
    {.bitmap_index = 10571, .adv_w = 368, .box_w = 21, .box_h = 26, .ofs_x = 2, .ofs_y = 0},
    {.bitmap_index = 10844, .adv_w = 354, .box_w = 20, .box_h = 26, .ofs_x = 1, .ofs_y = 0},
    {.bitmap_index = 11104, .adv_w = 356, .box_w = 22, .box_h = 26, .ofs_x = 0, .ofs_y = 0},
    {.bitmap_index = 11390, .adv_w = 379, .box_w = 20, .box_h = 26, .ofs_x = 2, .ofs_y = 0},
    {.bitmap_index = 11650, .adv_w = 377, .box_w = 24, .box_h = 26, .ofs_x = 0, .ofs_y = 0},
    {.bitmap_index = 11962, .adv_w = 504, .box_w = 31, .box_h = 26, .ofs_x = 0, .ofs_y = 0},
    {.bitmap_index = 12365, .adv_w = 366, .box_w = 23, .box_h = 26, .ofs_x = 0, .ofs_y = 0},
    {.bitmap_index = 12664, .adv_w = 356, .box_w = 23, .box_h = 26, .ofs_x = 0, .ofs_y = 0},
    {.bitmap_index = 12963, .adv_w = 349, .box_w = 20, .box_h = 26, .ofs_x = 1, .ofs_y = 0},
    {.bitmap_index = 13223, .adv_w = 160, .box_w = 8, .box_h = 37, .ofs_x = 2, .ofs_y = -6},
    {.bitmap_index = 13371, .adv_w = 243, .box_w = 16, .box_h = 29, .ofs_x = 0, .ofs_y = -3},
    {.bitmap_index = 13603, .adv_w = 160, .box_w = 8, .box_h = 37, .ofs_x = 0, .ofs_y = -6},
    {.bitmap_index = 13751, .adv_w = 252, .box_w = 15, .box_h = 13, .ofs_x = 0, .ofs_y = 13},
    {.bitmap_index = 13849, .adv_w = 257, .box_w = 17, .box_h = 5, .ofs_x = 0, .ofs_y = -4},
    {.bitmap_index = 13892, .adv_w = 191, .box_w = 10, .box_h = 6, .ofs_x = 0, .ofs_y = 22},
    {.bitmap_index = 13922, .adv_w = 309, .box_w = 18, .box_h = 20, .ofs_x = 1, .ofs_y = 0},
    {.bitmap_index = 14102, .adv_w = 324, .box_w = 19, .box_h = 28, .ofs_x = 1, .ofs_y = 0},
    {.bitmap_index = 14368, .adv_w = 301, .box_w = 17, .box_h = 20, .ofs_x = 1, .ofs_y = 0},
    {.bitmap_index = 14538, .adv_w = 325, .box_w = 18, .box_h = 28, .ofs_x = 1, .ofs_y = 0},
    {.bitmap_index = 14790, .adv_w = 311, .box_w = 18, .box_h = 20, .ofs_x = 1, .ofs_y = 0},
    {.bitmap_index = 14970, .adv_w = 206, .box_w = 13, .box_h = 29, .ofs_x = 0, .ofs_y = 0},
    {.bitmap_index = 15159, .adv_w = 329, .box_w = 18, .box_h = 28, .ofs_x = 1, .ofs_y = -8},
    {.bitmap_index = 15411, .adv_w = 323, .box_w = 18, .box_h = 28, .ofs_x = 1, .ofs_y = 0},
    {.bitmap_index = 15663, .adv_w = 153, .box_w = 7, .box_h = 28, .ofs_x = 1, .ofs_y = 0},
    {.bitmap_index = 15761, .adv_w = 150, .box_w = 10, .box_h = 36, .ofs_x = -2, .ofs_y = -8},
    {.bitmap_index = 15941, .adv_w = 308, .box_w = 19, .box_h = 28, .ofs_x = 1, .ofs_y = 0},
    {.bitmap_index = 16207, .adv_w = 153, .box_w = 6, .box_h = 28, .ofs_x = 2, .ofs_y = 0},
    {.bitmap_index = 16291, .adv_w = 499, .box_w = 29, .box_h = 20, .ofs_x = 1, .ofs_y = 0},
    {.bitmap_index = 16581, .adv_w = 323, .box_w = 18, .box_h = 20, .ofs_x = 1, .ofs_y = 0},
    {.bitmap_index = 16761, .adv_w = 326, .box_w = 19, .box_h = 20, .ofs_x = 1, .ofs_y = 0},
    {.bitmap_index = 16951, .adv_w = 324, .box_w = 19, .box_h = 28, .ofs_x = 1, .ofs_y = -8},
    {.bitmap_index = 17217, .adv_w = 325, .box_w = 18, .box_h = 28, .ofs_x = 1, .ofs_y = -8},
    {.bitmap_index = 17469, .adv_w = 210, .box_w = 12, .box_h = 20, .ofs_x = 1, .ofs_y = 0},
    {.bitmap_index = 17589, .adv_w = 296, .box_w = 18, .box_h = 20, .ofs_x = 0, .ofs_y = 0},
    {.bitmap_index = 17769, .adv_w = 195, .box_w = 12, .box_h = 25, .ofs_x = 0, .ofs_y = 0},
    {.bitmap_index = 17919, .adv_w = 323, .box_w = 18, .box_h = 20, .ofs_x = 1, .ofs_y = 0},
    {.bitmap_index = 18099, .adv_w = 291, .box_w = 18, .box_h = 20, .ofs_x = 0, .ofs_y = 0},
    {.bitmap_index = 18279, .adv_w = 423, .box_w = 26, .box_h = 20, .ofs_x = 0, .ofs_y = 0},
    {.bitmap_index = 18539, .adv_w = 293, .box_w = 19, .box_h = 20, .ofs_x = 0, .ofs_y = 0},
    {.bitmap_index = 18729, .adv_w = 289, .box_w = 19, .box_h = 28, .ofs_x = 0, .ofs_y = -8},
    {.bitmap_index = 18995, .adv_w = 293, .box_w = 17, .box_h = 20, .ofs_x = 1, .ofs_y = 0},
    {.bitmap_index = 19165, .adv_w = 190, .box_w = 12, .box_h = 36, .ofs_x = 0, .ofs_y = -7},
    {.bitmap_index = 19381, .adv_w = 146, .box_w = 4, .box_h = 32, .ofs_x = 3, .ofs_y = -6},
    {.bitmap_index = 19445, .adv_w = 190, .box_w = 12, .box_h = 36, .ofs_x = 0, .ofs_y = -7},
    {.bitmap_index = 19661, .adv_w = 374, .box_w = 21, .box_h = 9, .ofs_x = 1, .ofs_y = 7},
    {.bitmap_index = 19756, .adv_w = 194, .box_w = 17, .box_h = 32, .ofs_x = -3, .ofs_y = 0},
    {.bitmap_index = 20028, .adv_w = 388, .box_w = 25, .box_h = 26, .ofs_x = 0, .ofs_y = 0},
    {.bitmap_index = 20353, .adv_w = 368, .box_w = 20, .box_h = 26, .ofs_x = 2, .ofs_y = 0},
    {.bitmap_index = 20613, .adv_w = 321, .box_w = 18, .box_h = 26, .ofs_x = 2, .ofs_y = 0},
    {.bitmap_index = 20847, .adv_w = 421, .box_w = 27, .box_h = 26, .ofs_x = 0, .ofs_y = 0},
    {.bitmap_index = 21198, .adv_w = 324, .box_w = 18, .box_h = 26, .ofs_x = 2, .ofs_y = 0},
    {.bitmap_index = 21432, .adv_w = 349, .box_w = 20, .box_h = 26, .ofs_x = 1, .ofs_y = 0},
    {.bitmap_index = 21692, .adv_w = 407, .box_w = 22, .box_h = 26, .ofs_x = 2, .ofs_y = 0},
    {.bitmap_index = 21978, .adv_w = 396, .box_w = 23, .box_h = 26, .ofs_x = 1, .ofs_y = 0},
    {.bitmap_index = 22277, .adv_w = 168, .box_w = 6, .box_h = 26, .ofs_x = 2, .ofs_y = 0},
    {.bitmap_index = 22355, .adv_w = 366, .box_w = 22, .box_h = 26, .ofs_x = 2, .ofs_y = 0},
    {.bitmap_index = 22641, .adv_w = 373, .box_w = 23, .box_h = 26, .ofs_x = 0, .ofs_y = 0},
    {.bitmap_index = 22940, .adv_w = 505, .box_w = 28, .box_h = 26, .ofs_x = 2, .ofs_y = 0},
    {.bitmap_index = 23304, .adv_w = 407, .box_w = 22, .box_h = 26, .ofs_x = 2, .ofs_y = 0},
    {.bitmap_index = 23590, .adv_w = 327, .box_w = 18, .box_h = 26, .ofs_x = 1, .ofs_y = 0},
    {.bitmap_index = 23824, .adv_w = 398, .box_w = 23, .box_h = 26, .ofs_x = 1, .ofs_y = 0},
    {.bitmap_index = 24123, .adv_w = 408, .box_w = 22, .box_h = 26, .ofs_x = 2, .ofs_y = 0},
    {.bitmap_index = 24409, .adv_w = 372, .box_w = 20, .box_h = 26, .ofs_x = 2, .ofs_y = 0},
    {.bitmap_index = 24669, .adv_w = 327, .box_w = 19, .box_h = 26, .ofs_x = 1, .ofs_y = 0},
    {.bitmap_index = 24916, .adv_w = 356, .box_w = 22, .box_h = 26, .ofs_x = 0, .ofs_y = 0},
    {.bitmap_index = 25202, .adv_w = 356, .box_w = 23, .box_h = 26, .ofs_x = 0, .ofs_y = 0},
    {.bitmap_index = 25501, .adv_w = 443, .box_w = 26, .box_h = 26, .ofs_x = 1, .ofs_y = 0},
    {.bitmap_index = 25839, .adv_w = 366, .box_w = 23, .box_h = 26, .ofs_x = 0, .ofs_y = 0},
    {.bitmap_index = 26138, .adv_w = 419, .box_w = 26, .box_h = 26, .ofs_x = 0, .ofs_y = 0},
    {.bitmap_index = 26476, .adv_w = 387, .box_w = 22, .box_h = 26, .ofs_x = 1, .ofs_y = 0},
    {.bitmap_index = 26762, .adv_w = 168, .box_w = 14, .box_h = 33, .ofs_x = -2, .ofs_y = 0},
    {.bitmap_index = 26993, .adv_w = 356, .box_w = 23, .box_h = 33, .ofs_x = 0, .ofs_y = 0},
    {.bitmap_index = 27373, .adv_w = 325, .box_w = 20, .box_h = 30, .ofs_x = 1, .ofs_y = 0},
    {.bitmap_index = 27673, .adv_w = 321, .box_w = 18, .box_h = 30, .ofs_x = 1, .ofs_y = 0},
    {.bitmap_index = 27943, .adv_w = 325, .box_w = 18, .box_h = 37, .ofs_x = 1, .ofs_y = -8},
    {.bitmap_index = 28276, .adv_w = 194, .box_w = 9, .box_h = 29, .ofs_x = 2, .ofs_y = 0},
    {.bitmap_index = 28407, .adv_w = 315, .box_w = 17, .box_h = 32, .ofs_x = 2, .ofs_y = 0},
    {.bitmap_index = 28679, .adv_w = 325, .box_w = 20, .box_h = 20, .ofs_x = 1, .ofs_y = 0},
    {.bitmap_index = 28879, .adv_w = 347, .box_w = 19, .box_h = 34, .ofs_x = 2, .ofs_y = -8},
    {.bitmap_index = 29202, .adv_w = 294, .box_w = 19, .box_h = 28, .ofs_x = 0, .ofs_y = -8},
    {.bitmap_index = 29468, .adv_w = 325, .box_w = 19, .box_h = 29, .ofs_x = 1, .ofs_y = 0},
    {.bitmap_index = 29744, .adv_w = 321, .box_w = 18, .box_h = 20, .ofs_x = 1, .ofs_y = 0},
    {.bitmap_index = 29924, .adv_w = 289, .box_w = 17, .box_h = 34, .ofs_x = 1, .ofs_y = -8},
    {.bitmap_index = 30213, .adv_w = 325, .box_w = 18, .box_h = 28, .ofs_x = 1, .ofs_y = -8},
    {.bitmap_index = 30465, .adv_w = 340, .box_w = 19, .box_h = 26, .ofs_x = 1, .ofs_y = 0},
    {.bitmap_index = 30712, .adv_w = 194, .box_w = 9, .box_h = 20, .ofs_x = 2, .ofs_y = 0},
    {.bitmap_index = 30802, .adv_w = 340, .box_w = 19, .box_h = 20, .ofs_x = 2, .ofs_y = 0},
    {.bitmap_index = 30992, .adv_w = 316, .box_w = 20, .box_h = 29, .ofs_x = 0, .ofs_y = 0},
    {.bitmap_index = 31282, .adv_w = 355, .box_w = 18, .box_h = 28, .ofs_x = 2, .ofs_y = -8},
    {.bitmap_index = 31534, .adv_w = 291, .box_w = 18, .box_h = 20, .ofs_x = 0, .ofs_y = 0},
    {.bitmap_index = 31714, .adv_w = 305, .box_w = 17, .box_h = 34, .ofs_x = 1, .ofs_y = -8},
    {.bitmap_index = 32003, .adv_w = 326, .box_w = 19, .box_h = 20, .ofs_x = 1, .ofs_y = 0},
    {.bitmap_index = 32193, .adv_w = 371, .box_w = 23, .box_h = 20, .ofs_x = 0, .ofs_y = 0},
    {.bitmap_index = 32423, .adv_w = 325, .box_w = 19, .box_h = 28, .ofs_x = 1, .ofs_y = -8},
    {.bitmap_index = 32689, .adv_w = 296, .box_w = 17, .box_h = 27, .ofs_x = 1, .ofs_y = -7},
    {.bitmap_index = 32919, .adv_w = 330, .box_w = 20, .box_h = 20, .ofs_x = 1, .ofs_y = 0},
    {.bitmap_index = 33119, .adv_w = 300, .box_w = 18, .box_h = 20, .ofs_x = 0, .ofs_y = 0},
    {.bitmap_index = 33299, .adv_w = 315, .box_w = 17, .box_h = 20, .ofs_x = 2, .ofs_y = 0},
    {.bitmap_index = 33469, .adv_w = 429, .box_w = 26, .box_h = 29, .ofs_x = 0, .ofs_y = -9},
    {.bitmap_index = 33846, .adv_w = 309, .box_w = 20, .box_h = 29, .ofs_x = 0, .ofs_y = -9},
    {.bitmap_index = 34136, .adv_w = 429, .box_w = 25, .box_h = 29, .ofs_x = 1, .ofs_y = -9},
    {.bitmap_index = 34499, .adv_w = 473, .box_w = 28, .box_h = 20, .ofs_x = 1, .ofs_y = 0},
    {.bitmap_index = 34779, .adv_w = 324, .box_w = 18, .box_h = 33, .ofs_x = 2, .ofs_y = 0},
    {.bitmap_index = 35076, .adv_w = 388, .box_w = 25, .box_h = 26, .ofs_x = 0, .ofs_y = 0},
    {.bitmap_index = 35401, .adv_w = 361, .box_w = 20, .box_h = 26, .ofs_x = 2, .ofs_y = 0},
    {.bitmap_index = 35661, .adv_w = 368, .box_w = 20, .box_h = 26, .ofs_x = 2, .ofs_y = 0},
    {.bitmap_index = 35921, .adv_w = 321, .box_w = 18, .box_h = 26, .ofs_x = 2, .ofs_y = 0},
    {.bitmap_index = 36155, .adv_w = 431, .box_w = 27, .box_h = 33, .ofs_x = 0, .ofs_y = -7},
    {.bitmap_index = 36601, .adv_w = 324, .box_w = 18, .box_h = 26, .ofs_x = 2, .ofs_y = 0},
    {.bitmap_index = 36835, .adv_w = 575, .box_w = 36, .box_h = 26, .ofs_x = 0, .ofs_y = 0},
    {.bitmap_index = 37303, .adv_w = 355, .box_w = 20, .box_h = 26, .ofs_x = 1, .ofs_y = 0},
    {.bitmap_index = 37563, .adv_w = 403, .box_w = 21, .box_h = 26, .ofs_x = 2, .ofs_y = 0},
    {.bitmap_index = 37836, .adv_w = 403, .box_w = 21, .box_h = 34, .ofs_x = 2, .ofs_y = 0},
    {.bitmap_index = 38193, .adv_w = 372, .box_w = 22, .box_h = 26, .ofs_x = 2, .ofs_y = 0},
    {.bitmap_index = 38479, .adv_w = 407, .box_w = 24, .box_h = 26, .ofs_x = 0, .ofs_y = 0},
    {.bitmap_index = 38791, .adv_w = 505, .box_w = 28, .box_h = 26, .ofs_x = 2, .ofs_y = 0},
    {.bitmap_index = 39155, .adv_w = 407, .box_w = 22, .box_h = 26, .ofs_x = 2, .ofs_y = 0},
    {.bitmap_index = 39441, .adv_w = 398, .box_w = 23, .box_h = 26, .ofs_x = 1, .ofs_y = 0},
    {.bitmap_index = 39740, .adv_w = 408, .box_w = 22, .box_h = 26, .ofs_x = 2, .ofs_y = 0},
    {.bitmap_index = 40026, .adv_w = 372, .box_w = 20, .box_h = 26, .ofs_x = 2, .ofs_y = 0},
    {.bitmap_index = 40286, .adv_w = 377, .box_w = 22, .box_h = 26, .ofs_x = 1, .ofs_y = 0},
    {.bitmap_index = 40572, .adv_w = 356, .box_w = 22, .box_h = 26, .ofs_x = 0, .ofs_y = 0},
    {.bitmap_index = 40858, .adv_w = 364, .box_w = 23, .box_h = 26, .ofs_x = 0, .ofs_y = 0},
    {.bitmap_index = 41157, .adv_w = 471, .box_w = 28, .box_h = 29, .ofs_x = 1, .ofs_y = -1},
    {.bitmap_index = 41563, .adv_w = 366, .box_w = 23, .box_h = 26, .ofs_x = 0, .ofs_y = 0},
    {.bitmap_index = 41862, .adv_w = 437, .box_w = 25, .box_h = 33, .ofs_x = 2, .ofs_y = -7},
    {.bitmap_index = 42275, .adv_w = 401, .box_w = 21, .box_h = 26, .ofs_x = 2, .ofs_y = 0},
    {.bitmap_index = 42548, .adv_w = 552, .box_w = 31, .box_h = 26, .ofs_x = 2, .ofs_y = 0},
    {.bitmap_index = 42951, .adv_w = 588, .box_w = 34, .box_h = 33, .ofs_x = 2, .ofs_y = -7},
    {.bitmap_index = 43512, .adv_w = 444, .box_w = 27, .box_h = 26, .ofs_x = 0, .ofs_y = 0},
    {.bitmap_index = 43863, .adv_w = 502, .box_w = 28, .box_h = 26, .ofs_x = 2, .ofs_y = 0},
    {.bitmap_index = 44227, .adv_w = 361, .box_w = 20, .box_h = 26, .ofs_x = 2, .ofs_y = 0},
    {.bitmap_index = 44487, .adv_w = 375, .box_w = 21, .box_h = 26, .ofs_x = 1, .ofs_y = 0},
    {.bitmap_index = 44760, .adv_w = 543, .box_w = 31, .box_h = 26, .ofs_x = 2, .ofs_y = 0},
    {.bitmap_index = 45163, .adv_w = 344, .box_w = 21, .box_h = 26, .ofs_x = -1, .ofs_y = 0},
    {.bitmap_index = 45436, .adv_w = 309, .box_w = 18, .box_h = 20, .ofs_x = 1, .ofs_y = 0},
    {.bitmap_index = 45616, .adv_w = 328, .box_w = 19, .box_h = 29, .ofs_x = 1, .ofs_y = 0},
    {.bitmap_index = 45892, .adv_w = 326, .box_w = 18, .box_h = 20, .ofs_x = 2, .ofs_y = 0},
    {.bitmap_index = 46072, .adv_w = 241, .box_w = 14, .box_h = 20, .ofs_x = 1, .ofs_y = 0},
    {.bitmap_index = 46212, .adv_w = 364, .box_w = 23, .box_h = 26, .ofs_x = 0, .ofs_y = -6},
    {.bitmap_index = 46511, .adv_w = 311, .box_w = 18, .box_h = 20, .ofs_x = 1, .ofs_y = 0},
    {.bitmap_index = 46691, .adv_w = 492, .box_w = 31, .box_h = 20, .ofs_x = 0, .ofs_y = 0},
    {.bitmap_index = 47001, .adv_w = 296, .box_w = 17, .box_h = 20, .ofs_x = 1, .ofs_y = 0},
    {.bitmap_index = 47171, .adv_w = 327, .box_w = 18, .box_h = 20, .ofs_x = 1, .ofs_y = 0},
    {.bitmap_index = 47351, .adv_w = 327, .box_w = 18, .box_h = 28, .ofs_x = 1, .ofs_y = 0},
    {.bitmap_index = 47603, .adv_w = 325, .box_w = 19, .box_h = 20, .ofs_x = 2, .ofs_y = 0},
    {.bitmap_index = 47793, .adv_w = 328, .box_w = 19, .box_h = 20, .ofs_x = 0, .ofs_y = 0},
    {.bitmap_index = 47983, .adv_w = 437, .box_w = 23, .box_h = 20, .ofs_x = 2, .ofs_y = 0},
    {.bitmap_index = 48213, .adv_w = 327, .box_w = 18, .box_h = 20, .ofs_x = 1, .ofs_y = 0},
    {.bitmap_index = 48393, .adv_w = 326, .box_w = 19, .box_h = 20, .ofs_x = 1, .ofs_y = 0},
    {.bitmap_index = 48583, .adv_w = 327, .box_w = 18, .box_h = 20, .ofs_x = 1, .ofs_y = 0},
    {.bitmap_index = 48763, .adv_w = 324, .box_w = 19, .box_h = 28, .ofs_x = 1, .ofs_y = -8},
    {.bitmap_index = 49029, .adv_w = 301, .box_w = 17, .box_h = 20, .ofs_x = 1, .ofs_y = 0},
    {.bitmap_index = 49199, .adv_w = 293, .box_w = 18, .box_h = 20, .ofs_x = 0, .ofs_y = 0},
    {.bitmap_index = 49379, .adv_w = 289, .box_w = 19, .box_h = 28, .ofs_x = 0, .ofs_y = -8},
    {.bitmap_index = 49645, .adv_w = 421, .box_w = 25, .box_h = 36, .ofs_x = 1, .ofs_y = -8},
    {.bitmap_index = 50095, .adv_w = 293, .box_w = 19, .box_h = 20, .ofs_x = 0, .ofs_y = 0},
    {.bitmap_index = 50285, .adv_w = 351, .box_w = 21, .box_h = 26, .ofs_x = 1, .ofs_y = -6},
    {.bitmap_index = 50558, .adv_w = 319, .box_w = 17, .box_h = 20, .ofs_x = 1, .ofs_y = 0},
    {.bitmap_index = 50728, .adv_w = 477, .box_w = 27, .box_h = 20, .ofs_x = 1, .ofs_y = 0},
    {.bitmap_index = 50998, .adv_w = 519, .box_w = 31, .box_h = 26, .ofs_x = 1, .ofs_y = -6},
    {.bitmap_index = 51401, .adv_w = 378, .box_w = 23, .box_h = 20, .ofs_x = 0, .ofs_y = 0},
    {.bitmap_index = 51631, .adv_w = 477, .box_w = 26, .box_h = 20, .ofs_x = 2, .ofs_y = 0},
    {.bitmap_index = 51891, .adv_w = 321, .box_w = 18, .box_h = 20, .ofs_x = 2, .ofs_y = 0},
    {.bitmap_index = 52071, .adv_w = 300, .box_w = 17, .box_h = 20, .ofs_x = 1, .ofs_y = 0},
    {.bitmap_index = 52241, .adv_w = 468, .box_w = 27, .box_h = 20, .ofs_x = 2, .ofs_y = 0},
    {.bitmap_index = 52511, .adv_w = 322, .box_w = 18, .box_h = 20, .ofs_x = 0, .ofs_y = 0},
    {.bitmap_index = 52691, .adv_w = 311, .box_w = 18, .box_h = 26, .ofs_x = 1, .ofs_y = 0}
};

/*---------------------
 *  CHARACTER MAPPING
 *--------------------*/



/*Collect the unicode lists and glyph_id offsets*/
static const lv_font_fmt_txt_cmap_t cmaps[] =
{
    {
        .range_start = 32, .range_length = 95, .glyph_id_start = 1,
        .unicode_list = NULL, .glyph_id_ofs_list = NULL, .list_length = 0, .type = LV_FONT_FMT_TXT_CMAP_FORMAT0_TINY
    },
    {
        .range_start = 912, .range_length = 18, .glyph_id_start = 96,
        .unicode_list = NULL, .glyph_id_ofs_list = NULL, .list_length = 0, .type = LV_FONT_FMT_TXT_CMAP_FORMAT0_TINY
    },
    {
        .range_start = 931, .range_length = 39, .glyph_id_start = 114,
        .unicode_list = NULL, .glyph_id_ofs_list = NULL, .list_length = 0, .type = LV_FONT_FMT_TXT_CMAP_FORMAT0_TINY
    },
    {
        .range_start = 1025, .range_length = 1, .glyph_id_start = 153,
        .unicode_list = NULL, .glyph_id_ofs_list = NULL, .list_length = 0, .type = LV_FONT_FMT_TXT_CMAP_FORMAT0_TINY
    },
    {
        .range_start = 1040, .range_length = 64, .glyph_id_start = 154,
        .unicode_list = NULL, .glyph_id_ofs_list = NULL, .list_length = 0, .type = LV_FONT_FMT_TXT_CMAP_FORMAT0_TINY
    },
    {
        .range_start = 1105, .range_length = 1, .glyph_id_start = 218,
        .unicode_list = NULL, .glyph_id_ofs_list = NULL, .list_length = 0, .type = LV_FONT_FMT_TXT_CMAP_FORMAT0_TINY
    }
};

/*-----------------
 *    KERNING
 *----------------*/


/*Map glyph_ids to kern left classes*/
static const uint8_t kern_left_class_mapping[] =
{
    0, 1, 0, 2, 0, 0, 0, 0,
    2, 3, 0, 0, 0, 4, 0, 4,
    5, 0, 0, 0, 0, 0, 0, 0,
    0, 0, 0, 0, 0, 0, 0, 0,
    0, 0, 6, 7, 8, 9, 10, 11,
    0, 12, 12, 13, 14, 15, 12, 12,
    9, 16, 17, 18, 0, 19, 13, 20,
    21, 22, 23, 24, 25, 0, 0, 0,
    0, 0, 26, 27, 28, 0, 29, 30,
    0, 31, 0, 0, 32, 0, 31, 31,
    33, 27, 0, 34, 0, 35, 0, 36,
    37, 38, 36, 39, 40, 0, 0, 0,
    0, 6, 7, 41, 6, 10, 24, 12,
    9, 12, 14, 6, 12, 12, 42, 9,
    0, 16, 43, 19, 23, 44, 22, 45,
    0, 12, 23, 0, 0, 31, 0, 0,
    46, 0, 36, 0, 0, 47, 31, 0,
    48, 0, 0, 0, 36, 49, 33, 0,
    50, 51, 52, 53, 54, 55, 0, 56,
    57, 10, 6, 58, 7, 41, 59, 10,
    22, 60, 12, 0, 14, 12, 12, 12,
    9, 0, 16, 8, 19, 61, 0, 22,
    12, 12, 12, 62, 63, 12, 64, 65,
    66, 67, 26, 68, 69, 70, 71, 29,
    38, 28, 0, 0, 72, 0, 0, 0,
    33, 0, 27, 28, 73, 36, 27, 38,
    74, 0, 0, 75, 76, 0, 77, 27,
    78, 0, 29
};

/*Map glyph_ids to kern right classes*/
static const uint8_t kern_right_class_mapping[] =
{
    0, 1, 0, 2, 0, 0, 0, 3,
    2, 0, 4, 5, 0, 6, 7, 6,
    8, 0, 0, 0, 0, 0, 0, 0,
    9, 0, 0, 0, 0, 0, 0, 0,
    10, 0, 11, 0, 12, 0, 0, 0,
    12, 0, 0, 13, 0, 0, 0, 0,
    12, 0, 12, 0, 14, 15, 16, 17,
    18, 19, 20, 21, 0, 0, 22, 0,
    0, 0, 23, 0, 24, 24, 24, 25,
    24, 0, 0, 0, 0, 0, 26, 26,
    27, 26, 24, 28, 29, 30, 31, 32,
    33, 34, 32, 35, 0, 0, 36, 0,
    0, 11, 0, 0, 11, 0, 21, 0,
    12, 0, 0, 11, 0, 0, 37, 12,
    0, 0, 38, 0, 20, 39, 19, 40,
    0, 0, 20, 24, 0, 26, 0, 31,
    24, 41, 32, 0, 42, 43, 26, 44,
    45, 0, 46, 0, 32, 47, 27, 48,
    49, 24, 24, 50, 31, 51, 0, 52,
    53, 0, 11, 0, 0, 0, 54, 0,
    19, 0, 0, 0, 0, 55, 0, 0,
    12, 0, 0, 12, 15, 56, 0, 19,
    0, 57, 0, 0, 0, 0, 58, 59,
    0, 0, 23, 60, 61, 26, 62, 24,
    34, 63, 26, 26, 26, 64, 26, 26,
    27, 26, 26, 24, 65, 32, 24, 34,
    26, 66, 26, 26, 67, 68, 69, 70,
    26, 71, 24
};

/*Kern values between classes*/
static const int8_t kern_class_values[] =
{
    0, 0, 0, 0, 0, 0, 0, 0,
    0, 0, 0, 0, 0, 0, -14, 0,
    0, 0, 0, 0, 0, 0, 0, 0,
    0, 0, 0, 0, 0, 0, 0, 0,
    0, 0, 0, 0, 0, 0, 0, 0,
    0, 0, 0, 0, 0, 0, 0, 0,
    0, 0, 0, 0, 0, 0, 0, 0,
    0, 0, 0, 0, 0, 0, 0, 0,
    0, 0, 0, 0, 0, 0, 0, 0,
    -9, 0, 0, 0, 0, 0, 0, 0,
    0, -28, 0, 0, 0, 0, 0, 0,
    0, 0, 0, 0, 0, -12, -14, 0,
    -5, -22, 0, -22, 0, 0, 0, 3,
    0, 0, 0, 0, 0, 0, 0, 0,
    0, 0, 0, 0, 0, 0, 0, 0,
    0, 0, 0, 0, 0, 0, 0, 0,
    0, 0, 0, 0, 0, 0, 0, 0,
    0, 0, 0, -5, 0, 0, 0, 0,
    0, 0, 0, 0, 0, 0, 0, 0,
    0, 0, 0, 0, 0, 0, 5, 9,
    0, 5, 0, 0, 0, 0, 0, 0,
    0, 0, 0, 0, 0, 0, 0, 0,
    0, 0, 0, 0, 0, 0, 0, 0,
    0, 0, 0, 0, 0, 0, 0, 0,
    0, 0, 0, 0, 0, 0, 0, 0,
    0, 0, 0, 0, 0, 0, 0, 0,
    0, 0, 0, 0, 0, 0, -67, 0,
    0, 0, 0, 0, 0, 0, 0, 0,
    0, 0, 0, 0, 0, 0, 0, 0,
    0, 0, 0, 0, 0, 0, 0, 0,
    0, 0, 0, 0, 0, 0, 0, 0,
    0, 0, 0, 0, 0, 0, 0, 0,
    0, 0, 0, 0, 0, 0, 0, 0,
    0, 0, 0, 0, 0, 0, 0, 0,
    0, 0, 0, 0, 0, 0, 0, 0,
    0, 0, 0, 0, 0, 0, 0, 0,
    0, 0, 0, -59, 0, 0, 0, 0,
    0, 0, 0, 0, 0, 0, 0, 0,
    0, 0, 0, 0, 0, 0, 0, 0,
    0, 0, 0, 0, 0, 0, 0, 0,
    0, 0, 0, 0, 0, 0, 0, 0,
    0, 0, 0, 0, 0, 0, 0, 0,
    0, 0, 0, 0, 0, 0, 0, 0,
    0, 0, 0, 0, 0, 0, 0, 0,
    0, 0, 0, 0, -28, 0, 0, 0,
    0, 0, 0, 0, -19, 0, -5, 0,
    0, -28, -4, -18, -9, 0, -36, 0,
    0, 0, 0, 0, -11, -3, 0, 0,
    -4, -3, -12, -8, 0, 3, 0, 0,
    0, -6, -11, 0, 0, 0, 0, 0,
    4, 0, 0, 0, -13, 0, 0, 0,
    5, 4, 0, -13, -14, 0, 0, 0,
    0, 0, 4, -13, -8, 0, 0, -11,
    0, 0, 0, 0, 0, 0, 0, 0,
    0, 0, 0, 0, 0, 0, 0, 0,
    -6, 0, -6, 0, 0, -13, 0, 0,
    0, 0, 0, 0, 0, 0, 0, 0,
    0, 0, 0, 0, 0, 0, 0, 0,
    0, 0, 0, 0, 0, 0, 0, 0,
    0, 0, 0, 0, 0, 0, 0, 0,
    0, -3, 0, 0, 0, 0, 0, 0,
    0, 0, 0, 0, 0, 0, 0, 0,
    0, 0, 0, 0, -6, 0, 0, 0,
    0, 0, 0, 0, 0, 0, 0, -7,
    0, 0, 0, 0, 0, 0, -3, 0,
    0, 0, 0, 0, 0, 0, 0, 0,
    0, 0, 0, 0, -4, 0, 0, 0,
    0, 0, 0, 0, 0, 0, 0, 0,
    0, 0, 0, 0, 0, 0, 0, 0,
    0, 0, 0, 0, 0, 0, 0, 0,
    0, 0, 0, 0, 0, 0, 0, 0,
    0, 0, 0, 0, 0, -29, 0, 0,
    0, 0, -5, 0, 0, 0, -20, 0,
    -5, 0, -5, -10, -5, 0, 0, 0,
    0, 0, 0, 0, 0, 0, 0, 0,
    0, 0, 0, 0, -3, -4, 0, 0,
    0, 0, 0, 0, 0, -5, 0, 0,
    0, 0, 0, 0, 0, -8, -7, 0,
    0, -8, 0, 0, 0, 0, 0, 0,
    0, 0, 0, 0, 0, 0, 0, 0,
    0, 0, 0, 0, 0, 0, 0, 0,
    0, 0, 0, 0, 0, 5, 0, 0,
    0, 0, 0, 0, 0, 0, -4, -4,
    0, -4, 0, 0, 0, -4, -6, -5,
    0, 0, 0, 0, 0, 0, 0, 0,
    0, 0, 0, 0, 0, 0, 0, 0,
    0, 0, 0, 0, 0, 0, 0, 0,
    0, 0, 0, 0, 0, 0, 0, 0,
    0, 0, 0, 0, 0, 0, 0, 0,
    0, 0, 0, -65, 0, 0, 0, 0,
    -45, 0, -49, 0, 5, 0, 0, 0,
    0, 0, 0, 0, -8, -5, 0, 0,
    -5, -6, 0, 0, -5, -6, 0, 0,
    0, 0, 0, 0, 0, 0, 0, 0,
    0, 0, 0, 0, 0, 0, 0, 0,
    0, 0, 0, 0, 0, 0, 0, 0,
    0, 0, 0, 0, 0, 0, 0, 0,
    0, 0, 0, 0, 0, 0, 0, 0,
    0, 0, 0, 0, 0, 0, 0, 4,
    0, 0, 0, -7, 0, 0, 0, 4,
    -7, 0, 0, 0, 0, 0, 0, 0,
    0, 0, 0, 0, 0, 0, 0, 0,
    0, 0, 0, 0, 0, 0, 0, 0,
    0, 0, 0, 0, 0, 0, 0, 0,
    0, 0, 5, 4, 0, -7, 0, 0,
    0, 0, 5, 0, 4, 0, -6, 0,
    0, 0, 0, 0, 0, 0, 0, 0,
    0, 0, 0, 0, 0, 0, -5, 0,
    0, 0, 0, 0, 0, 0, 0, 0,
    0, 0, 0, 0, 0, 0, 0, 0,
    0, 0, 0, 0, 0, 0, 0, 0,
    0, 0, 0, 0, 0, 0, 0, 0,
    0, 0, 0, 0, 0, 0, 0, 0,
    0, 0, 0, 0, 0, 0, 0, 0,
    0, 0, 0, 0, 0, 0, 0, 0,
    0, 0, 0, 0, 0, 0, 0, 0,
    0, -39, 0, 0, 0, 0, -7, 0,
    0, 0, 0, 0, 0, 0, 0, 0,
    0, 0, -6, 0, 0, -6, 0, 0,
    0, -5, -9, -15, 0, 0, 0, 0,
    0, -14, 0, 0, 0, 0, 0, 0,
    0, 0, 0, 0, -18, 0, 0, 0,
    0, 0, 0, 0, 0, 0, -10, 0,
    0, 0, 0, -17, -22, 0, 0, -5,
    0, 0, 0, -68, 0, 0, 0, 0,
    0, 0, 0, 0, 5, -15, 0, 0,
    -49, -6, -49, -22, 0, -66, 0, 0,
    0, 0, 0, 0, 0, 0, 0, 0,
    -3, -29, -12, 0, 0, 0, 0, 0,
    0, 0, 0, 0, 0, 0, 0, 0,
    0, 0, 0, 0, 0, 0, 0, 0,
    0, 0, 0, 0, 0, 0, 0, 0,
    0, 0, 0, 0, 0, 0, 0, 0,
    0, 0, 0, 0, 0, 0, -96, 0,
    0, 0, 0, -42, 0, -44, 0, 0,
    0, 0, 0, -12, 0, -9, 0, -3,
    -3, 0, 0, -3, 0, 0, 3, 0,
    4, 0, 0, 0, 0, 0, 0, 0,
    0, 0, 0, 0, 0, 0, -25, 0,
    0, -13, 0, 0, 0, 0, -56, -34,
    0, 0, 0, 0, 0, 0, -41, 0,
    -21, 0, 0, 0, 0, 0, 0, 0,
    0, 0, 0, 0, 0, 0, 0, 0,
    0, 0, 0, 0, 0, 0, -8, 0,
    -7, -5, 0, -8, 0, 0, 0, 0,
    0, 0, 0, 0, 0, 0, 0, 0,
    0, 0, 0, 0, 0, 0, 0, 0,
    0, 0, 0, 0, 0, 0, 0, 0,
    0, 0, 0, 0, 0, 0, 0, 0,
    0, 0, 0, 0, 0, 0, 0, 0,
    0, 0, 0, 0, 0, 0, 0, 0,
    0, 0, 0, 0, 0, 0, 0, 0,
    0, 0, 0, 0, 0, -12, 0, -4,
    0, 0, -11, 0, 0, 0, 0, 0,
    0, 0, 0, 0, 0, 0, 0, 0,
    0, 0, 0, 0, 0, 0, 0, 0,
    0, 0, 0, 0, 0, 0, 0, 0,
    0, 0, 0, 0, 0, 0, 0, 0,
    0, 0, 0, 0, 0, 0, 0, 0,
    0, 0, 0, 0, 0, 0, -14, 0,
    0, 0, 0, -61, -64, 0, 0, 0,
    -28, -7, -51, -4, 4, 0, 4, 4,
    0, 4, 0, 0, -40, -21, 0, -21,
    -49, -15, -18, 0, -15, -19, -11, -18,
    -14, 0, 0, 0, -17, 0, 0, -31,
    0, 0, -31, 0, 0, -24, -32, -18,
    -31, -31, -31, -19, -13, 0, 0, 4,
    0, -7, -23, -33, -30, -31, -18, -31,
    0, -31, -18, -30, -32, 0, 0, 0,
    5, 0, -51, -37, 0, 0, 0, -18,
    -3, 0, 0, 0, 0, 0, 0, 0,
    0, 0, 4, -11, -10, 0, 0, -11,
    -7, 0, 0, -7, -3, 0, 0, 0,
    5, 0, 0, 0, 0, 0, 0, 0,
    0, 0, 0, 0, 0, 0, 0, 0,
    0, 0, 0, 0, 0, 0, 0, 0,
    0, 0, 0, 0, 0, 0, 0, 0,
    0, 0, 0, 0, 0, 0, 0, 4,
    0, -34, -14, 0, 0, 0, -10, 0,
    0, 0, 3, 0, 0, 0, 0, 0,
    0, 3, -8, -7, 0, 0, -7, -5,
    0, 0, -4, 0, 0, 0, 0, 3,
    0, 0, 0, 0, 0, 0, 0, 0,
    0, 0, 0, 0, 0, 0, 0, 0,
    0, 0, 0, 0, 0, 0, 0, 0,
    0, 0, 0, 0, 0, 0, 0, 0,
    0, 0, 0, 0, 0, 0, 0, 0,
    0, -37, 0, 0, 0, 0, -6, 0,
    0, 0, 0, 3, 0, 0, 0, 0,
    0, 0, -6, 0, 0, -5, 0, 0,
    0, -5, -7, 0, 0, 0, 0, 0,
    0, -10, 0, 0, 0, 0, -4, 0,
    4, 0, 0, 0, -8, -6, -6, -4,
    4, 4, 0, 0, 0, 0, -5, 0,
    0, 0, 4, -10, -11, 0, 0, 0,
    0, 0, 0, 0, -7, 5, -12, -55,
    -36, 0, 0, 0, -36, -7, -23, -4,
    4, -23, 4, 4, 3, 4, 0, 4,
    -15, -15, -5, -9, -15, -9, -14, -5,
    -9, -5, 0, -5, -7, 5, 0, 0,
    -11, 0, -5, -14, 3, -5, -10, 0,
    0, -6, -17, -5, -13, -9, -13, 0,
    0, 0, 0, 0, 0, 0, 0, 0,
    0, 0, 0, 0, 0, 0, -9, 0,
    0, 0, 0, 0, 0, 0, 0, 0,
    0, 0, 0, 3, -6, 0, 0, 0,
    0, 0, 0, 0, 0, 0, 0, 0,
    -5, 0, 0, -5, 0, 0, 0, -4,
    -6, -6, 0, 0, 0, 0, 0, -13,
    0, 0, 0, 0, 0, 0, 0, 0,
    0, 0, 0, 0, -7, 0, 0, 0,
    0, 0, 0, 0, 0, 0, 0, 0,
    0, 0, 0, 0, 0, 0, 0, 0,
    0, 0, 0, 0, 0, 0, 0, 0,
    0, 0, 0, 0, -4, 0, 0, -4,
    0, 0, 0, 0, 0, 0, 0, 0,
    0, 0, 0, 0, 0, 0, 0, 0,
    0, 0, 0, 0, 0, 0, 0, 0,
    0, 0, 0, 0, 0, 0, 0, 0,
    0, 0, 0, 0, 0, 0, 0, 0,
    0, 0, 0, 0, 0, 0, 0, 0,
    0, 0, 0, 0, 0, 0, 0, 0,
    -4, 0, 0, 0, 0, 0, 0, 0,
    0, 0, 0, 0, 0, 0, 0, 0,
    0, 0, 0, 0, 0, 0, 0, 0,
    0, 0, 0, 0, 0, 0, -4, 0,
    0, 0, 0, 0, 0, 0, 0, 0,
    0, 0, 0, 0, 0, 0, 0, 0,
    0, 0, 0, 0, 0, 0, 0, 0,
    0, 0, 0, 0, 0, 0, 0, -4,
    0, 0, 0, -4, 0, 0, 0, -7,
    0, 0, 0, 0, 0, 0, 0, 0,
    0, 0, 0, 0, 0, 0, 0, 0,
    0, 0, 0, 0, 0, 0, 0, 0,
    0, 0, 0, 0, 0, -3, 0, -4,
    -4, 0, 0, 0, 0, 0, 0, 0,
    0, 0, 0, 0, 0, 0, 0, -5,
    0, 0, 0, 0, 0, 0, 0, 0,
    0, 0, 0, -4, 0, -3, -10, 0,
    0, 0, -4, 0, 0, 0, -3, 0,
    0, 0, 0, 0, 0, 0, 0, 0,
    0, 0, 0, 0, 0, 0, 0, 0,
    0, 0, 0, 0, 0, 0, 0, 0,
    0, 0, 0, 0, 0, 0, 0, 0,
    0, 0, 0, 0, 0, 0, 0, 0,
    0, 0, 0, 0, 0, 0, 0, 0,
    0, 0, 0, 0, 0, 0, 0, 0,
    0, 0, 0, 0, 0, 0, 0, 0,
    0, 0, 0, 0, 0, -3, 0, 0,
    0, 0, 0, 0, 0, 0, 0, 0,
    0, 0, 0, 0, 0, 0, 0, 0,
    0, 0, 0, 0, 0, 0, 0, 0,
    0, 0, 0, -3, 0, 0, 0, 0,
    0, 0, 0, 0, 0, 0, 0, 0,
    0, 0, 0, 0, 0, 0, 0, 0,
    0, 0, 0, 0, 0, 0, 0, 0,
    0, 0, 0, 0, -3, 0, 0, 0,
    0, 0, 0, 0, 4, 0, 5, 0,
    0, 0, 0, 0, 0, 0, 0, 0,
    0, 0, 0, 0, 0, 0, 0, 0,
    4, 0, -6, 0, 0, 0, 0, 0,
    0, 0, 0, 0, 0, 0, 5, 0,
    0, 0, 0, 0, 0, 0, 0, 0,
    0, 0, 0, 0, 0, 0, 0, 0,
    0, 0, 0, 0, 0, 0, 0, 0,
    0, 0, 0, 0, 0, 0, 0, 0,
    0, 0, 0, -19, 0, 0, 0, 0,
    0, 0, 0, 0, 0, 0, 0, 0,
    0, 0, 0, 0, 0, 0, 0, 0,
    0, 0, 0, 0, 0, 0, 0, 0,
    0, 0, 0, 0, 0, 0, 0, 0,
    0, 0, 0, 0, 0, 0, 0, 0,
    0, 0, 0, 0, 0, 0, 0, 0,
    0, 0, 0, 0, 0, 0, 0, 0,
    0, 0, -10, 0, 0, 0, 0, 0,
    0, 0, 0, 0, 0, 0, 0, 0,
    0, 0, 0, 0, 0, 0, 0, 0,
    0, 0, 0, 0, 0, 0, 0, 0,
    -5, 0, 0, 0, 0, 0, 0, 0,
    0, 0, 0, 0, 0, 0, 0, 0,
    0, 0, 0, 0, 0, 0, 0, 0,
    0, 0, 0, 0, 0, 0, 0, 0,
    0, 0, 0, 0, 0, 0, 0, 0,
    0, 0, 0, 0, 0, 0, 0, 0,
    0, -21, 0, 0, 0, 0, 0, 0,
    0, 0, 0, 0, 0, 0, 0, 0,
    0, 0, 0, 0, 0, 0, 0, 0,
    0, 0, 0, 0, 0, 0, 0, -4,
    0, -5, -4, 0, 0, 0, 0, 0,
    0, 0, 0, 0, 0, 0, 0, 0,
    0, -5, 0, 0, 0, 0, 0, 0,
    0, 0, 0, 0, 0, -17, 0, -4,
    -7, 0, 0, 0, 0, 0, 0, 0,
    4, 0, 0, 0, -41, 0, 0, 0,
    0, 0, 0, 0, 0, 0, 0, 0,
    0, 0, 0, 0, 0, -7, -4, 5,
    0, -9, 0, 0, 12, 0, 4, 4,
    0, 0, 0, 0, 0, 0, 0, 0,
    0, 0, 0, 0, 0, 0, 0, 0,
    0, 0, 0, 0, 0, 0, 0, 0,
    0, 0, 0, 0, 0, 0, 0, 0,
    0, 0, 0, 0, 0, 0, 0, 0,
    0, 0, 0, 0, 0, 0, 0, 0,
    0, 0, 0, 0, 0, 0, 0, 0,
    0, 0, 0, 0, 0, 0, 0, 0,
    -7, 0, 0, 0, 0, 0, 0, 0,
    0, 0, 0, 0, 0, 0, 0, 0,
    0, 0, 0, 0, 0, 0, 0, 0,
    0, 0, 0, 0, 0, 0, 0, 0,
    0, 0, 0, 0, 0, 0, 0, 0,
    0, 0, 0, 0, 0, 0, 4, 0,
    0, 0, -40, 0, 0, 0, 0, 0,
    0, 0, 0, 0, 0, 0, 0, 0,
    0, 0, 0, -4, -3, 3, 0, -4,
    0, 0, 0, 0, 0, 0, 0, 0,
    0, 0, 0, 0, 0, 0, 0, 0,
    0, 0, 0, 0, 3, -5, 3, 0,
    0, 0, 0, 0, 0, 0, 0, 0,
    0, 0, -13, 0, -10, 0, 0, 0,
    0, 0, 0, 0, 0, 0, 0, 0,
    0, -29, 0, 0, 0, 0, 0, 0,
    0, 0, 0, 0, 0, 0, 0, 0,
    0, 0, 0, 0, 0, 0, 0, 0,
    0, 0, 0, 0, 0, 0, 0, 0,
    0, 0, 0, 0, 0, 0, 0, 0,
    0, 0, 0, 0, 0, 0, 0, 0,
    0, 0, 0, 0, 0, 0, 0, 0,
    0, 0, 0, 0, 0, 0, 0, 0,
    0, 0, 0, 0, 0, 0, 0, 0,
    0, 0, 0, 0, 0, 0, 0, 0,
    0, 0, 0, 0, 0, 0, 0, 0,
    0, 0, -5, 0, 0, -9, 0, 0,
    0, 0, 0, 0, 0, 0, 0, 0,
    0, 0, 0, 0, 0, 0, 0, 0,
    0, 0, 0, 0, 0, 0, 0, 0,
    0, 0, 0, 0, 0, 0, 0, 0,
    0, 0, 0, 0, 0, 0, 0, 0,
    0, 0, 0, 0, 0, 0, 0, 0,
    0, 0, 0, 0, 0, 0, 0, 0,
    0, 0, 0, 0, 0, 0, 0, 0,
    0, -4, 0, 0, -4, 0, 0, 0,
    0, 0, 0, 0, 0, 0, 0, 0,
    0, 0, 0, 0, 0, 0, 0, 0,
    0, 0, 0, 0, 0, 0, 0, 0,
    0, 0, 0, 0, 0, 0, 0, 0,
    0, 0, 0, 0, 0, 0, 0, 0,
    0, 0, 0, 0, 0, 0, 0, 0,
    0, 0, 0, 0, 0, -5, 0, 0,
    -5, 0, 0, 0, 0, 0, 0, 0,
    0, 0, 0, 0, 0, 0, 0, 0,
    0, 0, 0, 0, 0, 0, 0, 0,
    0, 0, 0, 0, 0, 0, 0, 0,
    0, 0, 0, 0, 0, 0, 0, 0,
    0, 0, 0, 0, 0, 0, 0, 0,
    0, 0, 0, 0, 0, 0, 0, 0,
    0, 0, 0, 0, 0, -108, -114, 0,
    0, 0, -49, -16, 0, -11, 2, 0,
    2, 1, 0, 2, 0, 0, -38, -40,
    0, -40, -36, -31, -35, 0, -31, -38,
    -23, -36, -29, 0, 0, 0, -34, 0,
    0, -57, 0, 0, -58, 0, 0, -45,
    -59, -36, -57, -57, -58, -37, -26, 0,
    0, 1, 0, -16, -43, -61, -56, -57,
    -36, -58, 0, -57, -36, -56, -59, 0,
    0, 0, 0, 0, 0, 0, 0, 0,
    0, 0, -3, 0, 0, 0, 0, 0,
    0, 0, 0, 0, 0, 0, 0, 0,
    0, 0, 0, 0, 0, 0, 0, 0,
    0, 0, 0, 0, 0, 0, 0, 0,
    0, 0, 0, 0, 3, 0, 0, 0,
    0, 0, 0, 0, 0, 0, 0, 0,
    0, 0, 0, 0, 0, 0, 0, 0,
    0, 0, 0, 0, 0, 0, 0, 0,
    0, 0, 0, 0, 0, 0, 0, 0,
    0, -6, 0, 0, 0, 0, 0, 0,
    0, 0, 0, 0, 0, 0, 0, 0,
    0, 0, 0, 0, 0, 0, 0, 0,
    0, 0, 0, 0, -15, 0, 0, 0,
    0, 0, 0, 4, 0, 0, 0, 0,
    0, 0, 0, 0, 0, 0, 0, 0,
    0, 0, 0, 0, 0, 0, 0, 0,
    0, 0, 0, 0, 0, 0, 0, 0,
    0, 0, 0, 0, 0, 0, 0, -7,
    0, 0, 0, 0, 0, 0, 0, -11,
    -11, 0, 0, 0, 0, 0, 0, 0,
    0, 0, 0, 0, 0, 0, 0, 0,
    0, 0, 0, 0, 0, 0, 0, 0,
    0, 0, -7, 0, 0, 0, 0, 0,
    0, 0, 0, 0, 0, 0, 0, 0,
    0, 0, 0, 0, 0, 0, 0, 0,
    0, 0, 0, 0, 0, 0, 0, 0,
    0, -44, 0, 0, 0, 0, -12, 0,
    0, 0, 0, 0, 0, 0, 0, 0,
    0, 0, 0, 0, 0, 0, 0, 0,
    0, 0, 0, 0, 0, 0, 0, 0,
    0, 0, 0, 0, 0, 0, 0, 0,
    0, 0, 0, 0, -3, 0, 0, 0,
    0, 0, 0, 0, 0, 0, 0, 0,
    0, 0, 0, 0, 0, 0, 0, 0,
    0, 0, 0, 0, 0, 0, 0, 0,
    0, 0, 0, 0, 0, 0, 0, 0,
    0, 0, 0, 0, 0, 0, 0, 0,
    0, 0, 0, 0, 0, 0, 0, 0,
    0, 0, 0, 0, 0, 0, 0, 0,
    0, 0, 0, 0, 0, 0, 0, 0,
    3, 0, 0, 0, 0, 0, 0, 0,
    0, 0, 0, 0, 0, 0, 0, 0,
    0, 0, 0, 0, 0, 0, 0, 0,
    0, 0, 0, 0, 0, 0, 0, 0,
    0, 0, 0, 0, 0, 0, 0, 0,
    0, 0, 0, 0, 0, 0, 0, 0,
    0, -9, 0, -15, -10, 0, 0, 0,
    -8, -7, 0, 0, 0, 0, 0, 0,
    0, 0, 0, -6, 0, -5, -5, 0,
    -4, -6, 0, -7, -12, -10, -9, 0,
    0, 0, 0, 0, 0, 0, 0, 0,
    0, 0, 0, 0, 0, 0, -15, 0,
    0, 0, -9, 0, 0, 0, 0, 0,
    0, 0, 0, 0, 0, 0, 0, 0,
    0, 0, 0, 0, 0, 0, 0, 0,
    -4, 0, 0, 0, 0, 0, 0, -4,
    -9, 0, 0, 0, 0, 0, 0, 0,
    0, 0, 0, 0, -5, 0, 4, 0,
    -5, 0, -12, -6, 0, 0, 0, 0,
    0, 0, 0, 0, 0, 0, 0, 0,
    0, 0, 0, 0, 0, 0, 0, 0,
    0, 0, 0, 0, 0, 3, 0, 0,
    0, 0, 0, 0, 0, 0, 0, 0,
    0, 0, 0, 0, 0, 0, 0, -6,
    0, 0, 0, 0, 0, 0, 0, 0,
    0, 0, 0, 0, 0, 0, 0, 0,
    0, 0, 0, 0, 0, 4, 0, 0,
    0, 0, 0, 0, 0, 0, 0, 0,
    0, 0, 0, 0, 0, 0, 0, 0,
    0, 0, 0, 0, 0, 0, 0, 0,
    -7, 0, 0, 0, 0, 0, 0, 0,
    0, 0, 0, 0, 0, 0, 0, 0,
    0, 0, 0, 0, 0, 0, 0, 0,
    0, 0, 0, 0, 0, 0, -3, 0,
    -4, -4, 0, 0, 0, 0, 0, 0,
    0, 0, 0, 0, 0, 0, 0, 0,
    -5, 0, 0, 0, 0, 0, 0, 0,
    0, 0, 0, 0, -4, 0, -3, -10,
    0, 0, 0, -4, 0, 0, 0, 0,
    0, 0, 0, 0, 0, 0, 0, 0,
    0, 0, 0, 0, 0, 0, 0, 0,
    0, 0, 0, 0, 0, 0, 0, 0,
    0, 0, 0, 0, 0, 0, 0, 0,
    0, 0, 0, 0, 0, 0, 0, 0,
    0, 0, 0, 0, 0, 0, 0, 0,
    0, 0, 0, 0, 0, 0, 0, 0,
    0, 0, 0, 0, 0, 0, -15, 0,
    0, 0, 0, 0, 0, 0, 0, 0,
    0, 0, 0, 0, 0, 0, 0, 0,
    0, 0, 0, 0, 0, 0, 0, 0,
    0, 0, 0, 0, 0, 0, 0, 0,
    0, 0, 0, 0, 0, 0, 0, 0,
    0, 0, 0, 0, 0, 0, 0, 0,
    0, 0, 0, 0, 0, 0, 8, 0,
    0, 0, 0, 0, 0, 0, 0, 0,
    0, 0, 0, 0, 0, 0, 0, 0,
    0, 0, 0, 0, 0, 3, 0, 0,
    0, 0, 0, 0, 0, 0, 0, 0,
    0, 0, 0, 0, 0, 0, 0, 0,
    0, 0, 0, -6, 3, 0, -5, 0,
    0, 0, 0, 3, 0, 0, 0, 0,
    0, 0, 0, 0, 0, 0, 0, 0,
    0, -27, 0, 3, 0, 3, 0, 0,
    0, 0, 0, 0, 0, 0, 0, 0,
    0, 0, 0, 0, 0, 0, 0, 0,
    0, 0, 0, 0, 0, 0, 0, 0,
    0, 0, 0, 0, 0, 0, 0, 0,
    0, 0, 0, 0, 0, 0, 0, 0,
    0, 0, 0, 0, 0, 0, 0, 0,
    0, 0, 0, 0, 0, 0, 0, 0,
    0, 0, 0, 0, 0, 0, 0, 0,
    0, 0, 0, 0, 0, 0, 0, 0,
    0, 0, 0, 0, 0, 0, 0, 0,
    0, 0, 0, -7, 0, 0, 0, 0,
    0, 0, 0, 0, 0, 0, 0, 0,
    0, 0, 0, 0, 0, 0, 0, 0,
    0, 0, 0, 0, 0, 0, 0, 0,
    0, 0, 0, 0, 0, 0, 0, 0,
    0, 0, 0, -4, -4, 0, 0, 0,
    0, 0, 0, 0, 0, 0, 0, 0,
    0, 0, 0, 0, 0, 0, 0, 0,
    0, 0, 0, 0, 0, 0, 0, 0,
    0, 0, -15, 0, 0, 0, 0, 0,
    0, 0, 0, 0, 0, 0, 0, 0,
    0, 0, 0, 0, 0, 0, 0, 0,
    0, 0, 0, 0, 0, 0, 0, 0,
    0, 0, 0, 0, 0, 0, 0, 0,
    0, 0, -3, -3, 0, 0, 0, 0,
    0, 0, 0, 0, 0, 0, 0, 0,
    0, 0, 0, 0, 0, 0, 0, 0,
    0, 0, 0, 0, 0, 0, 0, 0,
    0, 0, 0, 0, 0, 0, 0, 0,
    0, 0, 0, 0, 0, 0, 0, 0,
    0, 0, 0, 0, 0, 0, 0, 0,
    0, 0, 0, 0, 0, 0, 0, 0,
    0, 0, 0, 0, 0, 0, 0, -3,
    0, -3, -3, 0, 0, 0, 0, 0,
    0, 0, 0, 0, 0, 0, 0, 0,
    0, 0, 0, 0, 0, 0, 0, 0,
    0, 0, 0, 0, 0, 0, 0, 0,
    0, 0, 0, 0, 0, 0, 0, 0,
    0, 0, 0, 0, 0, 0, 0, 0,
    0, 0, 0, 0, 0, -6, 0, -6,
    0, -3, -6, 0, 0, 0, 0, 0,
    -10, 0, 0, 0, 0, 0, 0, 0,
    -4, 0, 0, 0, 0, 0, 0, 0,
    0, 0, 0, 0, 0, 0, 0, 0,
    0, 0, 0, 0, 0, 0, -4, -6,
    -6, 0, 0, 0, 0, 0, 0, -11,
    0, 0, 0, -10, 0, 0, 0, 0,
    0, 0, 0, 0, 0, 0, 0, 0,
    4, -6, 0, 0, -8, 0, -8, 0,
    0, -8, 0, 0, 0, 0, 0, 0,
    0, 0, 0, 0, 0, 0, 0, 0,
    0, 0, 0, 0, 0, 0, 0, 0,
    0, 0, 0, 0, 0, 0, 0, 0,
    0, 0, 0, 5, 4, 0, -7, -8,
    0, 0, 0, 5, 0, 4, 0, -8,
    0, 0, 0, 0, 0, 0, 0, 0,
    0, 0, 0, 0, 0, -3, 0, 0,
    0, 0, 0, -4, 0, -3, 0, -3,
    -4, 0, 0, 0, 0, 0, 0, 0,
    0, 0, 0, 0, 0, 0, 0, 0,
    0, 0, 0, 0, 0, 0, 0, 0,
    0, 0, 0, 0, 0, 0, 0, 0,
    0, 0, 0, -3, -3, 0, -4, 0,
    0, 0, 0, 0, 0, 0, 0, 0,
    0, 0, 0, 0, 0, 0, 0, 0,
    0, -93, -47, 0, 0, 0, -22, -5,
    0, 0, 4, 0, 0, 0, 0, 4,
    0, 0, -19, -16, 0, -19, -16, 0,
    -11, 0, 0, 0, 0, 0, 0, 0,
    0, 0, 0, 0, 0, 0, 0, 0,
    0, 0, 0, 0, 0, 0, 0, 0,
    0, -19, -13, 0, 0, 4, 0, 0,
    -8, -20, -10, -16, 0, -5, 0, -8,
    -19, 0, -11, 0, 0, 0, 0, 0,
    0, 0, 0, 0, 0, 4, 0, 0,
    0, -6, 0, -6, 0, 3, -6, 0,
    0, 0, 0, 0, 0, 0, 0, 0,
    0, 0, 0, 0, 0, 0, 0, 0,
    0, 0, 0, 0, 0, 0, 0, 0,
    0, 0, 0, 0, 0, 0, 0, 0,
    5, 3, 3, -6, -6, -3, 0, 0,
    4, 0, 4, -6, -6, 0, 0, -6,
    0, 0, 0, -15, 0, 0, 0, 0,
    0, 0, 0, 0, 0, 0, 0, 0,
    -23, 0, -13, 0, 0, -20, 0, 0,
    0, 0, 0, 0, 0, 0, 0, 0,
    0, 0, 0, -13, 0, 0, 0, 0,
    0, 0, 0, 0, 0, 0, 0, 0,
    0, 0, 0, 0, 0, 0, 0, 0,
    0, -5, -6, -14, 0, 0, 0, 0,
    0, 0, -12, 0, 0, 0, -10, 0,
    0, 0, -15, 0, 0, 0, 0, 0,
    0, 0, 0, 0, 0, 0, 0, -23,
    0, -13, 0, 0, -20, 0, 0, 0,
    0, 0, 0, 0, 0, 0, 0, 0,
    0, 0, -13, 0, 0, 0, 0, 0,
    0, 0, 0, 0, 0, 0, 0, 0,
    0, 0, 0, 0, 0, 0, 0, 0,
    -5, -6, -14, 0, 0, 0, 0, 0,
    0, -12, 0, 0, 0, -10, 0, 0,
    0, 0, 0, 0, 0, 0, 0, 0,
    0, 0, 0, 0, 0, 0, -7, 0,
    0, 0, -6, -7, 0, 0, 0, 0,
    0, 0, 0, 0, 0, 0, 0, 0,
    0, 0, 0, 0, 0, 0, 0, 0,
    0, 0, 0, 0, 0, 0, 0, 0,
    0, 0, 0, 0, 0, -7, -6, -5,
    0, 0, 0, 0, 0, 0, 0, -5,
    0, 0, 0, 0, 0, 0, 0, 0,
    0, 0, 0, 0, 0, 0, 0, 0,
    0, 0, 0, 0, 0, -7, 0, 0,
    0, -7, 0, 0, 0, 0, 0, 0,
    0, 0, 0, 0, 0, 0, 0, 0,
    0, 0, 0, 0, 0, 0, 0, 0,
    0, 0, 0, 0, 0, 0, 0, 0,
    0, 0, 0, 0, -7, -7, -5, 0,
    0, 0, 0, 0, -7, 0, -5, 0,
    0, 0, 0, 0, 0, 0, 0, 0,
    0, 0, 0, 0, 0, 0, 0, 0,
    0, 0, 0, 0, -5, 0, 0, 0,
    0, -3, 0, 0, 0, 0, 0, 0,
    0, 0, 0, 0, 0, 0, 0, 0,
    0, 0, 0, 0, 0, 0, 0, 0,
    0, 0, 0, 0, 0, 0, 0, 0,
    0, 0, 0, 0, 0, 0, 0, 0,
    0, 0, 0, 0, 0, 0, 0, 0,
    0, 0, 0, 0, 0, 0, 0, 0,
    0, 0, 0, 0, 0, 0, 0, 0,
    0, 0, 0, 0, 0, 0, 0, 0,
    0, 0, 0, 0, 0, 0, -4, 0,
    0, 0, 0, 0, 0, 0, -4, 0,
    0, 0, 0, 0, 0, 0, 0, 0,
    0, 0, 0, 0, 0, 0, 0, 0,
    0, 0, 0, 0, 0, 0, 0, 0,
    0, 0, -4, 0, 0, -4, 0, 0,
    0, -4, 0, 0, 0, -3, 0, 0,
    0, 0, 0, 0, 0, 0, 0, 0,
    0, 0, 0, 0, 0, 0, 0, 0,
    0, 0, 0, 0, 0, 0, 0, 0,
    0, 0, 0, -3, 0, 0, 0, 0,
    0, 0, 0, 0, 0, 0, 0, 0,
    0, 0, 0, 0, 0, 0, 0, 0,
    0, 0, 0, 0, 0, 0, 0, 0,
    0, 0, 0, 0, -3, 0, 0, 0,
    -3, 0, 0, 0, 0, 0, 0, 0,
    0, 0, 0, 0, 0, 0, 0, 0,
    0, 0, 0, 0, 0, 0, 0, 0,
    0, 0, -5, 0, 0, -5, 0, 0,
    0, 0, 0, 0, 0, 0, 0, 0,
    0, 0, 0, 0, 0, 0, 0, 0,
    0, 0, 0, 0, 0, 0, 0, 0,
    0, 0, 0, 0, 0, 0, 0, 0,
    -36, 0, -9, 0, 0, 0, 0, 0,
    0, 0, 0, 0, 0, 0, 0, 0,
    0, 0, 0, 0, 0, 0, 0, 0,
    0, 0, 0, 0, 0, 0, 0, 0,
    0, 0, 0, -4, 0, 0, 0, 0,
    0, 0, 0, 0, 0, 0, 0, 0,
    0, 0, 0, 0, 0, 0, 0, 0,
    0, 0, 0, 0, 0, 0, 0, 0,
    0, 0, 0, 0, 0, 0, 0, 5,
    0, 0, -4, -4, -11, 0, -4, 0,
    0, 0, 0, 0, 0, 0, 0, 0,
    0, 0, 0, 0, 0, 0, 0, 0,
    0, 0, 0, 0, 0, 0, 0, 0,
    -4, 0, 0, -13, 0, 0, 0, 0,
    0, 0, 0, 0, 0, 0, 0, 0,
    0, 0, 0, 0, 0, 0, 0, 0,
    0, 0, 0, 0, 0, 0, 0, 0,
    0, 0, 0, 0, 0, 0, 0, 0,
    0, 0, 0, 0, 0, 0, 0, 0,
    0, 3, 0, 0, 0, 0, 0, 0,
    0, 0, 0, 0, 0, 0, 0, 0,
    0, 0, 0, 0, 0, 0, -4, -15,
    3, 0, -7, 0, 0, 0, 0, 3,
    0, 0, 0, 0, 0, 0, 0, 0,
    0, 0, 0, 0, 0, 0, 0, 0,
    -10, 0, -10, 0, 0, 0, 0, 0,
    0, 0, 0, 0, 0, -13, 0, -10,
    0, 0, 0, 0, 0, 0, 0, 0,
    0, 0, 0, 0, 0, 0, 0, 0,
    0, 0, 0, 0, 0, 0, 0, 0,
    0, 0, 0, 0, 0, 0, 0, 0,
    0, 0, 0, 0, 0, 0, 0, 0,
    0, 0, 0, 0, 0, 0, 0, 0,
    0, 0, 0, 0, 0, 0, 0, 0,
    0, 0, 0, 0, 0, 0, 0, 0,
    0, 0, 0, 0, 5, 0, 4, -4,
    -4, 0, 0, -4, 0, 5, 0, 0,
    0, 0, 0, 0, 0, 0, 0, 0,
    0, 0, 0, 0, 0, 0, 0, 0,
    0, 0, 0, 0, 0, -4, 0, 0,
    0, 0, 0, 0, 0, 0, 0, 0,
    0, 0, 0, 0, 0, 0, 0, 0,
    0, 0, 0, 0, 0, 0, 0, 0,
    0, 0, 0, 0, 0, 0, 0, 0,
    0, 0, 0, 4, 0, 3, -7, -7,
    -17, 0, -7, 0, 0, 0, -32, 0,
    0, 0, 0, 0, 0, 0, 0, 0,
    0, 0, 0, 0, 0, 0, 0, 0,
    0, 0, 0, 0, 0, 0, 0, 0,
    0, 0, 0, 0, -15, 0, -5, 0,
    0, 0, 0, 0, 0, 0, 0, 0,
    0, 0, 0, 0, 0, 0, 0, 0,
    0, 0, 0, 0, 0, 0, 0, 0,
    0, 0, 0, 0, 0, -30, -4, 0,
    0, -4, 0, 0, 0, -32, 0, 0,
    0, 0, 0, 0, 0, 0, 0, 0,
    0, 0, 0, 0, 0, 0, 0, 0,
    0, 0, 0, 0, 0, 0, 0, 0,
    0, 0, 0, -18, 0, -5, 0, 0,
    0, 0, 0, 0, 0, 0, 0, 0,
    0, 0, 0, 0, 0, 0, 0, 0,
    0, 0, 0, 0, 0, 0, 0, 0,
    0, 0, 0, 0, -36, -7, 0, 0,
    -14, 0, 0, 0, 0, 0, 0, 0,
    0, 0, 0, 0, 0, 0, 0, 0,
    0, 0, 0, 0, 0, 0, 0, 0,
    0, 0, 0, 0, 0, 0, 0, 0,
    0, 0, -3, 0, -4, 0, 0, 0,
    0, 0, 0, 0, 0, 0, 0, 0,
    0, 0, 0, 0, 0, 0, 0, 0,
    0, 0, 0, 0, 0, 0, 0, 0,
    -4, 0, -3, 0, 0, 0, 0, -4,
    0, 0
};


/*Collect the kern class' data in one place*/
static const lv_font_fmt_txt_kern_classes_t kern_classes =
{
    .class_pair_values   = kern_class_values,
    .left_class_mapping  = kern_left_class_mapping,
    .right_class_mapping = kern_right_class_mapping,
    .left_class_cnt      = 78,
    .right_class_cnt     = 71,
};

/*--------------------
 *  ALL CUSTOM DATA
 *--------------------*/

#if LVGL_VERSION_MAJOR == 8
/*Store all the custom data of the font*/
static  lv_font_fmt_txt_glyph_cache_t cache;
#endif

#if LVGL_VERSION_MAJOR >= 8
static const lv_font_fmt_txt_dsc_t font_dsc = {
#else
static lv_font_fmt_txt_dsc_t font_dsc = {
#endif
    .glyph_bitmap = glyph_bitmap,
    .glyph_dsc = glyph_dsc,
    .cmaps = cmaps,
    .kern_dsc = &kern_classes,
    .kern_scale = 19,
    .cmap_num = 6,
    .bpp = 4,
    .kern_classes = 1,
    .bitmap_format = 0,
#if LVGL_VERSION_MAJOR == 8
    .cache = &cache
#endif
};



/*-----------------
 *  PUBLIC FONT
 *----------------*/

/*Initialize a public general font descriptor*/
#if LVGL_VERSION_MAJOR >= 8
const lv_font_t ui_font_roboto_bold_36 = {
#else
lv_font_t ui_font_roboto_bold_36 = {
#endif
    .get_glyph_dsc = lv_font_get_glyph_dsc_fmt_txt,    /*Function pointer to get glyph's data*/
    .get_glyph_bitmap = lv_font_get_bitmap_fmt_txt,    /*Function pointer to get glyph's bitmap*/
    .line_height = 43,          /*The maximum line height required by the font*/
    .base_line = 9,             /*Baseline measured from the bottom of the line*/
#if !(LVGL_VERSION_MAJOR == 6 && LVGL_VERSION_MINOR == 0)
    .subpx = LV_FONT_SUBPX_NONE,
#endif
#if LV_VERSION_CHECK(7, 4, 0) || LVGL_VERSION_MAJOR >= 8
    .underline_position = -3,
    .underline_thickness = 2,
#endif
    .dsc = &font_dsc,          /*The custom font data. Will be accessed by `get_glyph_bitmap/dsc` */
#if LV_VERSION_CHECK(8, 2, 0) || LVGL_VERSION_MAJOR >= 9
    .fallback = NULL,
#endif
    .user_data = NULL,
};



#endif /*#if UI_FONT_ROBOTO_BOLD_36*/

